platform,verdict,app,bundle_id,source,occurrences,reasons
TCL,maybe,,,,92,"TCL ships both Roku TV (no SIMID) and Google TV (yes SIMID) variants; depends on model"
TCL,unlikely,Tcl Channel,com.tcl.waterfall.overseas,WURL,54,"TCL ships both Roku TV (no SIMID) and Google TV (yes SIMID) variants; depends on model | app-name pattern suggests FAST/24h channel → SSAI typical | publisher_source = WURL (Roku-owned FAST distribution → SSAI typical)"
TCL,maybe,Browsehere,com.tcl.browser,,53,"TCL ships both Roku TV (no SIMID) and Google TV (yes SIMID) variants; depends on model"
Roku,no,,,,51,"Roku uses Roku Ad Framework (RAF) + BrightLine/Innovid; no first-party SIMID"
TCL,maybe,Movieark,com.tcl.movieark,,44,"TCL ships both Roku TV (no SIMID) and Google TV (yes SIMID) variants; depends on model"
Samsung,maybe,,com.samsung.royalty_gaming,,37,"Tizen (web-based); SIMID renders if app uses IMA HTML5 — most use Samsung Ads stack instead"
TCL,maybe,,com.tcl.movieark,,36,"TCL ships both Roku TV (no SIMID) and Google TV (yes SIMID) variants; depends on model"
Vidaa,maybe,,com.vidaa.annoying_orange,,33,"Hisense Vidaa OS (Linux+browser); depends on IMA HTML5 usage"
Android,yes,Com.Rumble.Androidtv.App,com.rumble.battles,,29,"Android TV / Google TV; IMA Android SDK supports SIMID 1.0"
Samsung,maybe,Milo And Chip,com.samsung.milo_and_chip,Playwork,28,"Tizen (web-based); SIMID renders if app uses IMA HTML5 — most use Samsung Ads stack instead"
Tubi,unlikely,Tubi: Free Movies & Live Tv,com.tubitv,,28,"Fox-owned Tubi runs its own ad SDK; SIMID acceptance unconfirmed | app-name pattern suggests FAST/24h channel → SSAI typical"
LG,maybe,Ssundee,com.lg.ssundee,Playwork,27,"webOS (web-based); same as Samsung — depends on whether app uses IMA HTML5"
Samsung,maybe,,com.samsung.the_royalty_family,,27,"Tizen (web-based); SIMID renders if app uses IMA HTML5 — most use Samsung Ads stack instead"
Samsung,maybe,,com.samsung.like_nastya,,26,"Tizen (web-based); SIMID renders if app uses IMA HTML5 — most use Samsung Ads stack instead"
LG,maybe,Like Nastya Spain,com.lg.like_nastya_spain,Playwork,26,"webOS (web-based); same as Samsung — depends on whether app uses IMA HTML5"
Samsung,maybe,Ssundee,com.samsung.ssundee,Playwork,26,"Tizen (web-based); SIMID renders if app uses IMA HTML5 — most use Samsung Ads stack instead"
Samsung,maybe,,com.samsung.xnestorio,,26,"Tizen (web-based); SIMID renders if app uses IMA HTML5 — most use Samsung Ads stack instead"
Samsung,maybe,,com.samsung.bestofminecraft,,24,"Tizen (web-based); SIMID renders if app uses IMA HTML5 — most use Samsung Ads stack instead"
Samsung,maybe,,com.samsung.like_nastya_spain,,24,"Tizen (web-based); SIMID renders if app uses IMA HTML5 — most use Samsung Ads stack instead"
LG,maybe,,com.lg.alexa_rivera,,22,"webOS (web-based); same as Samsung — depends on whether app uses IMA HTML5"
Samsung,maybe,,com.samsung.milo_and_chip,,22,"Tizen (web-based); SIMID renders if app uses IMA HTML5 — most use Samsung Ads stack instead"
LG,unlikely,Ninja Kids Tv,com.lg.ninja_kids_tv,Playwork,22,"webOS (web-based); same as Samsung — depends on whether app uses IMA HTML5 | app-name pattern suggests FAST/24h channel → SSAI typical"
Samsung,maybe,,com.samsung.bestofroblox,,21,"Tizen (web-based); SIMID renders if app uses IMA HTML5 — most use Samsung Ads stack instead"
Android,yes,,,,21,"Android TV / Google TV; IMA Android SDK supports SIMID 1.0"
TCL,maybe,,com.tcl.tv.plus,,21,"TCL ships both Roku TV (no SIMID) and Google TV (yes SIMID) variants; depends on model"
Samsung,maybe,Jordan Matter,com.samsung.jordan_matter,Playwork,20,"Tizen (web-based); SIMID renders if app uses IMA HTML5 — most use Samsung Ads stack instead"
Samsung,maybe,,com.samsung.ali_a,,19,"Tizen (web-based); SIMID renders if app uses IMA HTML5 — most use Samsung Ads stack instead"
Samsung,maybe,,com.samsung.daylin_funhouse,,19,"Tizen (web-based); SIMID renders if app uses IMA HTML5 — most use Samsung Ads stack instead"
TCL,unlikely,Live Tv,com.tcl.livetv,,19,"TCL ships both Roku TV (no SIMID) and Google TV (yes SIMID) variants; depends on model | app-name pattern suggests FAST/24h channel → SSAI typical"
Vizio,maybe,,com.tubitv.vizio,,19,"SmartCast (web-based); SIMID renders if app uses IMA HTML5"
Samsung,maybe,The Royalty Family,com.samsung.the_royalty_family,Playwork,18,"Tizen (web-based); SIMID renders if app uses IMA HTML5 — most use Samsung Ads stack instead"
Samsung,maybe,Bestofamongus,com.samsung.bestofamongus,Playwork,17,"Tizen (web-based); SIMID renders if app uses IMA HTML5 — most use Samsung Ads stack instead"
LG,maybe,,com.lg.karla_bustillos,,17,"webOS (web-based); same as Samsung — depends on whether app uses IMA HTML5"
Fire TV,yes,,,,16,"Fire OS = Android-derived; IMA Android SDK supports SIMID 1.0"
Fire TV,yes,,B0CLKVYQJ1,,16,"Fire OS = Android-derived; IMA Android SDK supports SIMID 1.0"
LG,maybe,,com.lg.ninja_kids_tv,,16,"webOS (web-based); same as Samsung — depends on whether app uses IMA HTML5"
Tubi,unlikely,,,WURL,16,"Fox-owned Tubi runs its own ad SDK; SIMID acceptance unconfirmed | publisher_source = WURL (Roku-owned FAST distribution → SSAI typical)"
Samsung,maybe,Bestofroblox,com.samsung.bestofroblox,Playwork,15,"Tizen (web-based); SIMID renders if app uses IMA HTML5 — most use Samsung Ads stack instead"
TCL,maybe,,com.tcl.livetv,,15,"TCL ships both Roku TV (no SIMID) and Google TV (yes SIMID) variants; depends on model"
Vidaa,maybe,Annoying Orange,com.vidaa.annoying_orange,Playwork,14,"Hisense Vidaa OS (Linux+browser); depends on IMA HTML5 usage"
Samsung,maybe,Bestofamongus,com.samsung.best_of_gta,Playwork,14,"Tizen (web-based); SIMID renders if app uses IMA HTML5 — most use Samsung Ads stack instead"
Samsung,maybe,Bestofminecraft,com.samsung.bestofminecraft,Playwork,14,"Tizen (web-based); SIMID renders if app uses IMA HTML5 — most use Samsung Ads stack instead"
LG,maybe,,com.lg.mau_mcmahon,,14,"webOS (web-based); same as Samsung — depends on whether app uses IMA HTML5"
Samsung,maybe,,com.samsung.meenyu,,14,"Tizen (web-based); SIMID renders if app uses IMA HTML5 — most use Samsung Ads stack instead"
LG,maybe,,com.lg.pwkids,,14,"webOS (web-based); same as Samsung — depends on whether app uses IMA HTML5"
Samsung,maybe,Royalty Gaming,com.samsung.royalty_gaming,Playwork,14,"Tizen (web-based); SIMID renders if app uses IMA HTML5 — most use Samsung Ads stack instead"
TCL,maybe,,com.tcl.waterfall.overseas,,14,"TCL ships both Roku TV (no SIMID) and Google TV (yes SIMID) variants; depends on model"
Samsung,maybe,,com.samsung.alexa_rivera,,13,"Tizen (web-based); SIMID renders if app uses IMA HTML5 — most use Samsung Ads stack instead"
Samsung,maybe,Meenyu,com.samsung.meenyu,Playwork,13,"Tizen (web-based); SIMID renders if app uses IMA HTML5 — most use Samsung Ads stack instead"
Fire TV,yes,,B0CWFQMVH7,,13,"Fire OS = Android-derived; IMA Android SDK supports SIMID 1.0"
Samsung,maybe,Bestofgaminganimation,com.samsung.,Playwork,12,"Tizen (web-based); SIMID renders if app uses IMA HTML5 — most use Samsung Ads stack instead"
Samsung,maybe,,com.samsung.jordan_matter,,12,"Tizen (web-based); SIMID renders if app uses IMA HTML5 — most use Samsung Ads stack instead"
TCL,maybe,Tubitv,B075NTHVJW,,12,"TCL ships both Roku TV (no SIMID) and Google TV (yes SIMID) variants; depends on model"
Samsung,maybe,,com.samsung.vanossgaming,,12,"Tizen (web-based); SIMID renders if app uses IMA HTML5 — most use Samsung Ads stack instead"
Samsung,maybe,Dental Digest,com.samsung.dental_digest,Playwork,11,"Tizen (web-based); SIMID renders if app uses IMA HTML5 — most use Samsung Ads stack instead"
Samsung,maybe,,com.samsung.ethan_gamer,,11,"Tizen (web-based); SIMID renders if app uses IMA HTML5 — most use Samsung Ads stack instead"
Samsung,maybe,,com.samsung.fnaf_gaming,,11,"Tizen (web-based); SIMID renders if app uses IMA HTML5 — most use Samsung Ads stack instead"
Samsung,maybe,Fru,com.samsung.fru,Playwork,11,"Tizen (web-based); SIMID renders if app uses IMA HTML5 — most use Samsung Ads stack instead"
Samsung,unlikely,Ninja Kids Tv,com.samsung.nidal_wonder,Playwork,11,"Tizen (web-based); SIMID renders if app uses IMA HTML5 — most use Samsung Ads stack instead | app-name pattern suggests FAST/24h channel → SSAI typical"
Android,yes,,com.rumble.webos.app,,11,"Android TV / Google TV; IMA Android SDK supports SIMID 1.0"
Samsung,maybe,Vanossgaming,com.samsung.uzoth,Playwork,11,"Tizen (web-based); SIMID renders if app uses IMA HTML5 — most use Samsung Ads stack instead"
Samsung,maybe,,com.samsung.animation_time,,10,"Tizen (web-based); SIMID renders if app uses IMA HTML5 — most use Samsung Ads stack instead"
Samsung,maybe,,com.samsung.bestoffortnite,,10,"Tizen (web-based); SIMID renders if app uses IMA HTML5 — most use Samsung Ads stack instead"
Samsung,maybe,Bumpy,com.samsung.bumpy,Playwork,10,"Tizen (web-based); SIMID renders if app uses IMA HTML5 — most use Samsung Ads stack instead"
Samsung,maybe,,com.samsung.chesstv,,10,"Tizen (web-based); SIMID renders if app uses IMA HTML5 — most use Samsung Ads stack instead"
Samsung,maybe,Daylin Funhouse,com.samsung.dantdm,Playwork,10,"Tizen (web-based); SIMID renders if app uses IMA HTML5 — most use Samsung Ads stack instead"
Fire TV,yes,Jordan Matter,B0DVC3QB6Z,Playwork,10,"Fire OS = Android-derived; IMA Android SDK supports SIMID 1.0"
Samsung,maybe,,com.samsung.karla_bustillos,,10,"Tizen (web-based); SIMID renders if app uses IMA HTML5 — most use Samsung Ads stack instead"
TCL,unlikely,Tcl Tv,com.tcl.waterfall.overseas,,10,"TCL ships both Roku TV (no SIMID) and Google TV (yes SIMID) variants; depends on model | app-name pattern suggests FAST/24h channel → SSAI typical"
Samsung,maybe,,com.samsung.the_fun_squad,,10,"Tizen (web-based); SIMID renders if app uses IMA HTML5 — most use Samsung Ads stack instead"
Samsung,maybe,Uzoth,com.samsung.uzoth,Playwork,10,"Tizen (web-based); SIMID renders if app uses IMA HTML5 — most use Samsung Ads stack instead"
Samsung,maybe,Dantdm,com.samsung.dantdm,Playwork,9,"Tizen (web-based); SIMID renders if app uses IMA HTML5 — most use Samsung Ads stack instead"
LG,maybe,Forge Labs,com.lg.forge_labs,Playwork,9,"webOS (web-based); same as Samsung — depends on whether app uses IMA HTML5"
Samsung,maybe,Jordansalishmatter,com.samsung.jordan_matter,Playwork,9,"Tizen (web-based); SIMID renders if app uses IMA HTML5 — most use Samsung Ads stack instead"
Samsung,maybe,Miloandchip,com.samsung.milo_and_chip,Playwork,9,"Tizen (web-based); SIMID renders if app uses IMA HTML5 — most use Samsung Ads stack instead"
Samsung,maybe,Pwkids,com.samsung.pwkids,Playwork,9,"Tizen (web-based); SIMID renders if app uses IMA HTML5 — most use Samsung Ads stack instead"
Android,yes,Rumble: Videos & Livestreams,com.rumble.webos.app,,9,"Android TV / Google TV; IMA Android SDK supports SIMID 1.0"
LG,maybe,Tankee,com.lg.strawberry_shortcake,Playwork,9,"webOS (web-based); same as Samsung — depends on whether app uses IMA HTML5"
Fire TV,yes,,B0DTQCPWQ4,,9,"Fire OS = Android-derived; IMA Android SDK supports SIMID 1.0"
Vidaa,maybe,Creature Mix,com.vidaa.creator_nation,Playwork,8,"Hisense Vidaa OS (Linux+browser); depends on IMA HTML5 usage"
Samsung,maybe,,com.samsung.firelight,,8,"Tizen (web-based); SIMID renders if app uses IMA HTML5 — most use Samsung Ads stack instead"
Fire TV,yes,Forge Labs,B0FH4LGGLG,Playwork,8,"Fire OS = Android-derived; IMA Android SDK supports SIMID 1.0"
Samsung,maybe,,com.samsung.forge_labs,,8,"Tizen (web-based); SIMID renders if app uses IMA HTML5 — most use Samsung Ads stack instead"
Samsung,maybe,Futuristic Hub,com.samsung.futuristic_hub,Playwork,8,"Tizen (web-based); SIMID renders if app uses IMA HTML5 — most use Samsung Ads stack instead"
Samsung,maybe,,com.samsung.omg_chad,,8,"Tizen (web-based); SIMID renders if app uses IMA HTML5 — most use Samsung Ads stack instead"
Samsung,maybe,Ssundee,com.vidaa.ssundee,Playwork,8,"Tizen (web-based); SIMID renders if app uses IMA HTML5 — most use Samsung Ads stack instead"
Comcast,unlikely,,com.comcast.tankee,,8,"Xfinity X1 set-top box runs custom RDK runtime; usually SSAI"
Vidaa,maybe,A Maze Ing Mac,com.vidaa.a_maze_ing_mac,Playwork,7,"Hisense Vidaa OS (Linux+browser); depends on IMA HTML5 usage"
Rogers,unlikely,,com.rogers.ali_a,,7,"Cable STB; usually SSAI"
Samsung,maybe,Bestofminecraft,com.samsung.,Playwork,7,"Tizen (web-based); SIMID renders if app uses IMA HTML5 — most use Samsung Ads stack instead"
Fire TV,unlikely,United States Fire TV CTV https://,www.amazon.com,,7,"Fire OS = Android-derived; IMA Android SDK supports SIMID 1.0 | app-name pattern suggests FAST/24h channel → SSAI typical"
Android,yes,Com.Rumble.Firetv.App,com.rumble.firetv,,7,"Android TV / Google TV; IMA Android SDK supports SIMID 1.0"
Fire TV,yes,,B0FF52QGXH,,7,"Fire OS = Android-derived; IMA Android SDK supports SIMID 1.0"
Samsung,maybe,,com.samsung.dental_digest,,7,"Tizen (web-based); SIMID renders if app uses IMA HTML5 — most use Samsung Ads stack instead"
Samsung,maybe,,com.samsung.mau_mcmahon,,7,"Tizen (web-based); SIMID renders if app uses IMA HTML5 — most use Samsung Ads stack instead"
Samsung,maybe,Milo And Chip,com.samsung.meenyu,Playwork,7,"Tizen (web-based); SIMID renders if app uses IMA HTML5 — most use Samsung Ads stack instead"
Fire TV,yes,,B0CHW3DY3H,,7,"Fire OS = Android-derived; IMA Android SDK supports SIMID 1.0"
Samsung,maybe,Omg Chad,com.samsung.officialnoobie,Playwork,7,"Tizen (web-based); SIMID renders if app uses IMA HTML5 — most use Samsung Ads stack instead"
Fire TV,yes,,B0FRB4SCZL,,7,"Fire OS = Android-derived; IMA Android SDK supports SIMID 1.0"
Samsung,maybe,Adam Rose,com.samsung.adam_rose,,6,"Tizen (web-based); SIMID renders if app uses IMA HTML5 — most use Samsung Ads stack instead"
LG,maybe,Annoying Orange,com.lg.annoying_orange,Playwork,6,"webOS (web-based); same as Samsung — depends on whether app uses IMA HTML5"
Fire TV,yes,Com.Rumble.Firetv.App,com.rumble.firetv,,6,"Fire OS = Android-derived; IMA Android SDK supports SIMID 1.0"
Samsung,maybe,Creator Nation,com.samsung.creator_nation,Playwork,6,"Tizen (web-based); SIMID renders if app uses IMA HTML5 — most use Samsung Ads stack instead"
Fire TV,yes,Dantdm,B0FF52QGXH,Playwork,6,"Fire OS = Android-derived; IMA Android SDK supports SIMID 1.0"
Fire TV,yes,,B0CN8MQRB7,,6,"Fire OS = Android-derived; IMA Android SDK supports SIMID 1.0"
Samsung,maybe,Drewdirksen,com.samsung.dental_digest,Playwork,6,"Tizen (web-based); SIMID renders if app uses IMA HTML5 — most use Samsung Ads stack instead"
Samsung,maybe,Ethan Gamer,com.samsung.emazing,Playwork,6,"Tizen (web-based); SIMID renders if app uses IMA HTML5 — most use Samsung Ads stack instead"
Samsung,maybe,Like Nastya,com.samsung.life_of_luxury,Playwork,6,"Tizen (web-based); SIMID renders if app uses IMA HTML5 — most use Samsung Ads stack instead"
Samsung,maybe,Like Nastya,com.samsung.like_nastya,Playwork,6,"Tizen (web-based); SIMID renders if app uses IMA HTML5 — most use Samsung Ads stack instead"
Fire TV,yes,Like Nastya Spain,B0FF4Y5TBT,Playwork,6,"Fire OS = Android-derived; IMA Android SDK supports SIMID 1.0"
LG,maybe,,com.lg.like_nastya_spain,,6,"webOS (web-based); same as Samsung — depends on whether app uses IMA HTML5"
Android,yes,Movieark,com.mitv.tvhome.mitvplus,,6,"Android TV / Google TV; IMA Android SDK supports SIMID 1.0"
LG,maybe,Nidal Wonder,com.lg.nidal_wonder,Playwork,6,"webOS (web-based); same as Samsung — depends on whether app uses IMA HTML5"
Vidaa,maybe,Pwkids,tv.vidaa.ui.plus,Playwork,6,"Hisense Vidaa OS (Linux+browser); depends on IMA HTML5 usage"
Fire TV,yes,The Fun Squad,B0D9YPHYRW,Playwork,6,"Fire OS = Android-derived; IMA Android SDK supports SIMID 1.0"
Tubi,unlikely,Tubi - Free Movies & Tv,com.toongoggles.tv,WURL,6,"Fox-owned Tubi runs its own ad SDK; SIMID acceptance unconfirmed | app-name pattern suggests FAST/24h channel → SSAI typical | publisher_source = WURL (Roku-owned FAST distribution → SSAI typical)"
Fire TV,unlikely,Vix,B08KJ77PQY,WURL,6,"Fire OS = Android-derived; IMA Android SDK supports SIMID 1.0 | publisher_source = WURL (Roku-owned FAST distribution → SSAI typical)"
Fire TV,yes,Adam Rose,B0DYK5FRKD,,5,"Fire OS = Android-derived; IMA Android SDK supports SIMID 1.0"
Fire TV,yes,Alexa Rivera,B0DV7J6LLS,Playwork,5,"Fire OS = Android-derived; IMA Android SDK supports SIMID 1.0"
LG,maybe,,com.lg.ali_a,,5,"webOS (web-based); same as Samsung — depends on whether app uses IMA HTML5"
LG,unlikely,Annoying Orange,com.lg.annoying_orange,WURL,5,"webOS (web-based); same as Samsung — depends on whether app uses IMA HTML5 | publisher_source = WURL (Roku-owned FAST distribution → SSAI typical)"
Samsung,maybe,,com.samsung.brick_o_brian,,5,"Tizen (web-based); SIMID renders if app uses IMA HTML5 — most use Samsung Ads stack instead"
LG,maybe,,com.lg.cesar_pantoja,,5,"webOS (web-based); same as Samsung — depends on whether app uses IMA HTML5"
Roku,no,Com.Rumble.Roku.App,com.rumble.firetv,,5,"Roku uses Roku Ad Framework (RAF) + BrightLine/Innovid; no first-party SIMID"
LG,maybe,Creator Nation,com.lg.creator_nation,Playwork,5,"webOS (web-based); same as Samsung — depends on whether app uses IMA HTML5"
Fire TV,yes,,B0DLL5278W,,5,"Fire OS = Android-derived; IMA Android SDK supports SIMID 1.0"
Fire TV,yes,,B0D12XW4DD,,5,"Fire OS = Android-derived; IMA Android SDK supports SIMID 1.0"
Fire TV,yes,Family Feud,B0F8JK9ZDL,Playwork,5,"Fire OS = Android-derived; IMA Android SDK supports SIMID 1.0"
Samsung,maybe,Juan De Dios,com.samsung.juan_de_dios,Playwork,5,"Tizen (web-based); SIMID renders if app uses IMA HTML5 — most use Samsung Ads stack instead"
Fire TV,yes,Like Nastya,B0CLKVQKSD,Playwork,5,"Fire OS = Android-derived; IMA Android SDK supports SIMID 1.0"
Fire TV,yes,,B0FF4Y5TBT,,5,"Fire OS = Android-derived; IMA Android SDK supports SIMID 1.0"
Vidaa,maybe,,com.vidaa.ninja_kids_tv,,5,"Hisense Vidaa OS (Linux+browser); depends on IMA HTML5 usage"
Vidaa,maybe,Not Enough Nelsons,com.vidaa.ninja_kids_tv,Playwork,5,"Hisense Vidaa OS (Linux+browser); depends on IMA HTML5 usage"
Samsung,maybe,Not Enough Nelsons,com.samsung.not_enough_nelsons,Playwork,5,"Tizen (web-based); SIMID renders if app uses IMA HTML5 — most use Samsung Ads stack instead"
Samsung,maybe,Pwkids,com.vidaa.pwkids,Playwork,5,"Tizen (web-based); SIMID renders if app uses IMA HTML5 — most use Samsung Ads stack instead"
Samsung,maybe,Qs Sports,com.vidaa.qs_sports,Playwork,5,"Tizen (web-based); SIMID renders if app uses IMA HTML5 — most use Samsung Ads stack instead"
Samsung,maybe,Alexa Rivera,com.samsung.alexa_rivera,Playwork,4,"Tizen (web-based); SIMID renders if app uses IMA HTML5 — most use Samsung Ads stack instead"
LG,maybe,Ali A,com.lg.ali_a,Playwork,4,"webOS (web-based); same as Samsung — depends on whether app uses IMA HTML5"
Samsung,maybe,Bestofgta,com.samsung.,Playwork,4,"Tizen (web-based); SIMID renders if app uses IMA HTML5 — most use Samsung Ads stack instead"
TCL,maybe,Bryton,com.samsung.bryton,Playwork,4,"TCL ships both Roku TV (no SIMID) and Google TV (yes SIMID) variants; depends on model"
TCL,maybe,Bumpy,B0D3ZK4KQ2,Playwork,4,"TCL ships both Roku TV (no SIMID) and Google TV (yes SIMID) variants; depends on model"
Samsung,maybe,Cesar Pantoja,com.samsung.bumpy,Playwork,4,"Tizen (web-based); SIMID renders if app uses IMA HTML5 — most use Samsung Ads stack instead"
Vizio,maybe,,com.vizio.creature_mix,,4,"SmartCast (web-based); SIMID renders if app uses IMA HTML5"
Samsung,maybe,Dental Digest,com.samsung.daylin_funhouse,Playwork,4,"Tizen (web-based); SIMID renders if app uses IMA HTML5 — most use Samsung Ads stack instead"
Samsung,maybe,Dentaldigest,com.samsung.dental_digest,Playwork,4,"Tizen (web-based); SIMID renders if app uses IMA HTML5 — most use Samsung Ads stack instead"
Fire TV,yes,Eystreem,B0D12XW4DD,Playwork,4,"Fire OS = Android-derived; IMA Android SDK supports SIMID 1.0"
Samsung,maybe,Fnaf Gaming,com.samsung.firelight,Playwork,4,"Tizen (web-based); SIMID renders if app uses IMA HTML5 — most use Samsung Ads stack instead"
Samsung,maybe,Gabyandalex,com.samsung.gabyandalex,Playwork,4,"Tizen (web-based); SIMID renders if app uses IMA HTML5 — most use Samsung Ads stack instead"
Samsung,maybe,Gabyandalex,com.samsung.gabyandalex,,4,"Tizen (web-based); SIMID renders if app uses IMA HTML5 — most use Samsung Ads stack instead"
Fire TV,yes,Jordan Matter,B0DVC3QB6Z,,4,"Fire OS = Android-derived; IMA Android SDK supports SIMID 1.0"
Samsung,maybe,,com.samsung.justkass,,4,"Tizen (web-based); SIMID renders if app uses IMA HTML5 — most use Samsung Ads stack instead"
Samsung,maybe,Kwebbelkop,com.samsung.khaby_lame,Playwork,4,"Tizen (web-based); SIMID renders if app uses IMA HTML5 — most use Samsung Ads stack instead"
Vizio,maybe,,vizio.likenastya,,4,"SmartCast (web-based); SIMID renders if app uses IMA HTML5"
TCL,maybe,Mau Mcmahon,com.tcl.magiconnectfree,Playwork,4,"TCL ships both Roku TV (no SIMID) and Google TV (yes SIMID) variants; depends on model"
Vizio,maybe,,vizio.miloandchip,,4,"SmartCast (web-based); SIMID renders if app uses IMA HTML5"
LG,unlikely,Ninja Kids Tv,com.lg.nidal_wonder,Playwork,4,"webOS (web-based); same as Samsung — depends on whether app uses IMA HTML5 | app-name pattern suggests FAST/24h channel → SSAI typical"
Vizio,maybe,,vizio.ninjakidztv,,4,"SmartCast (web-based); SIMID renders if app uses IMA HTML5"
Vizio,maybe,,com.vizio.paint_the_road,,4,"SmartCast (web-based); SIMID renders if app uses IMA HTML5"
Samsung,maybe,,com.samsung.parks_channel,,4,"Tizen (web-based); SIMID renders if app uses IMA HTML5 — most use Samsung Ads stack instead"
Fire TV,yes,Payton,B0CTHSM3FY,Playwork,4,"Fire OS = Android-derived; IMA Android SDK supports SIMID 1.0"
Samsung,maybe,,com.samsung.pwkids,,4,"Tizen (web-based); SIMID renders if app uses IMA HTML5 — most use Samsung Ads stack instead"
Vidaa,maybe,Mexico Vidaa CTV https://,play.google.com,,4,"Hisense Vidaa OS (Linux+browser); depends on IMA HTML5 usage"
Samsung,maybe,Rumble: Videos & Livestreams,com.samsung.royalty_gaming,,4,"Tizen (web-based); SIMID renders if app uses IMA HTML5 — most use Samsung Ads stack instead"
Android,yes,Slotstv,com.rumble.webos.app,Playwork,4,"Android TV / Google TV; IMA Android SDK supports SIMID 1.0"
TCL,unlikely,Tcl Tv,com.tcl.waterfall.overseas,WURL,4,"TCL ships both Roku TV (no SIMID) and Google TV (yes SIMID) variants; depends on model | app-name pattern suggests FAST/24h channel → SSAI typical | publisher_source = WURL (Roku-owned FAST distribution → SSAI typical)"
Vizio,maybe,,vizio.the_fun_squad,,4,"SmartCast (web-based); SIMID renders if app uses IMA HTML5"
Tubi,unlikely,Tubi - Free Movies & Tv,com.toongoggles.html5.tv.html5,WURL,4,"Fox-owned Tubi runs its own ad SDK; SIMID acceptance unconfirmed | app-name pattern suggests FAST/24h channel → SSAI typical | publisher_source = WURL (Roku-owned FAST distribution → SSAI typical)"
Fire TV,yes,Tubitv,B075NTHVJW,,4,"Fire OS = Android-derived; IMA Android SDK supports SIMID 1.0"
Vizio,maybe,,vizio.tubitv,,4,"SmartCast (web-based); SIMID renders if app uses IMA HTML5"
Fire TV,yes,48Hours,b01mqtvn2t,Playwork,3,"Fire OS = Android-derived; IMA Android SDK supports SIMID 1.0"
Vewd,maybe,A Maze Ing Mac,com.vewd.a_maze_ing_mac,Playwork,3,"Vewd Smart TV browser — depends on app"
Vidaa,unlikely,A Maze Ing Mac,com.vidaa.a_maze_ing_mac,WURL,3,"Hisense Vidaa OS (Linux+browser); depends on IMA HTML5 usage | publisher_source = WURL (Roku-owned FAST distribution → SSAI typical)"
Fire TV,unlikely,America'S Voice News,B004Y1WCDE,WURL,3,"Fire OS = Android-derived; IMA Android SDK supports SIMID 1.0 | publisher_source = WURL (Roku-owned FAST distribution → SSAI typical)"
Vizio,maybe,,vizio.bestofamongus,,3,"SmartCast (web-based); SIMID renders if app uses IMA HTML5"
Comcast,unlikely,,com.comcast.animation_time,,3,"Xfinity X1 set-top box runs custom RDK runtime; usually SSAI"
Fire TV,yes,,B0CNK7QPMF,,3,"Fire OS = Android-derived; IMA Android SDK supports SIMID 1.0"
Samsung,maybe,Aussie Antics,com.samsung.ant,Playwork,3,"Tizen (web-based); SIMID renders if app uses IMA HTML5 — most use Samsung Ads stack instead"
Samsung,maybe,Bestoffortnite,com.samsung.bestofamongus,Playwork,3,"Tizen (web-based); SIMID renders if app uses IMA HTML5 — most use Samsung Ads stack instead"
LG,maybe,,com.lg.bestoffortnite,,3,"webOS (web-based); same as Samsung — depends on whether app uses IMA HTML5"
Vizio,maybe,,vizio.bestoffortnite,,3,"SmartCast (web-based); SIMID renders if app uses IMA HTML5"
Comcast,unlikely,,com.comcast.bestofminecraft,,3,"Xfinity X1 set-top box runs custom RDK runtime; usually SSAI"
Vizio,maybe,,vizio.bestofminecraft,,3,"SmartCast (web-based); SIMID renders if app uses IMA HTML5"
Vizio,maybe,Bloo,vizio.billyperry,Playwork,3,"SmartCast (web-based); SIMID renders if app uses IMA HTML5"
Fire TV,yes,,B0CN1HQ6N1,,3,"Fire OS = Android-derived; IMA Android SDK supports SIMID 1.0"
Comcast,unlikely,United States Comcast CTV https://,www.xfinity.com,,3,"Xfinity X1 set-top box runs custom RDK runtime; usually SSAI"
Samsung,unlikely,Cbs News,com.samsung.bumpy,WURL,3,"Tizen (web-based); SIMID renders if app uses IMA HTML5 — most use Samsung Ads stack instead | publisher_source = WURL (Roku-owned FAST distribution → SSAI typical)"
Samsung,maybe,,com.samsung.cesar_pantoja,,3,"Tizen (web-based); SIMID renders if app uses IMA HTML5 — most use Samsung Ads stack instead"
Fire TV,yes,,B0CYC7S9FT,,3,"Fire OS = Android-derived; IMA Android SDK supports SIMID 1.0"
Vizio,maybe,,vizio.daylinsfunhouse,,3,"SmartCast (web-based); SIMID renders if app uses IMA HTML5"
Samsung,maybe,Emazing,com.samsung.eh_bee_family,Playwork,3,"Tizen (web-based); SIMID renders if app uses IMA HTML5 — most use Samsung Ads stack instead"
Vizio,maybe,Family Feud,vizio.eystreem,Playwork,3,"SmartCast (web-based); SIMID renders if app uses IMA HTML5"
Samsung,unlikely,Filmrise,com.samsung.family_feud,WURL,3,"Tizen (web-based); SIMID renders if app uses IMA HTML5 — most use Samsung Ads stack instead | publisher_source = WURL (Roku-owned FAST distribution → SSAI typical)"
Fire TV,yes,,B076X8FKXP,,3,"Fire OS = Android-derived; IMA Android SDK supports SIMID 1.0"
Vizio,maybe,,vizio.fawesomefiretv,,3,"SmartCast (web-based); SIMID renders if app uses IMA HTML5"
Vizio,maybe,Firelight,B0D7717P9P,Playwork,3,"SmartCast (web-based); SIMID renders if app uses IMA HTML5"
Roku,no,Firelight,B0D7717P9P,Playwork,3,"Roku uses Roku Ad Framework (RAF) + BrightLine/Innovid; no first-party SIMID"
Fire TV,yes,Firelight,B0D7717P9P,Playwork,3,"Fire OS = Android-derived; IMA Android SDK supports SIMID 1.0"
Vizio,maybe,,vizio.fnaf_gaming,,3,"SmartCast (web-based); SIMID renders if app uses IMA HTML5"
LG,maybe,Forgelabs,com.lg.forge_labs,Playwork,3,"webOS (web-based); same as Samsung — depends on whether app uses IMA HTML5"
LG,maybe,Futuristic Hub,com.lg.futuristic_hub,Playwork,3,"webOS (web-based); same as Samsung — depends on whether app uses IMA HTML5"
Fire TV,yes,Gabyandalex,B0CPFTZ2KH,Playwork,3,"Fire OS = Android-derived; IMA Android SDK supports SIMID 1.0"
Vizio,maybe,Juan De Dios,vizio.jordan_matter,Playwork,3,"SmartCast (web-based); SIMID renders if app uses IMA HTML5"
Vizio,maybe,Juan De Dios,vizio.jordanmatter,Playwork,3,"SmartCast (web-based); SIMID renders if app uses IMA HTML5"
Samsung,maybe,Juandediospantoja,com.samsung.juan_de_dios,Playwork,3,"Tizen (web-based); SIMID renders if app uses IMA HTML5 — most use Samsung Ads stack instead"
Samsung,maybe,Karla Bustillos,com.samsung.justkass,Playwork,3,"Tizen (web-based); SIMID renders if app uses IMA HTML5 — most use Samsung Ads stack instead"
Samsung,maybe,Like Nastya Spain,com.samsung.like_nastya,Playwork,3,"Tizen (web-based); SIMID renders if app uses IMA HTML5 — most use Samsung Ads stack instead"
Fire TV,yes,,B0FH2DX9TD,,3,"Fire OS = Android-derived; IMA Android SDK supports SIMID 1.0"
Fire TV,yes,Milo And Chip,B0CWFQMVH7,Playwork,3,"Fire OS = Android-derived; IMA Android SDK supports SIMID 1.0"
Vizio,maybe,,vizio.milo_and_chip,,3,"SmartCast (web-based); SIMID renders if app uses IMA HTML5"
Samsung,unlikely,Parks Channel,com.samsung.omg_chad,Playwork,3,"Tizen (web-based); SIMID renders if app uses IMA HTML5 — most use Samsung Ads stack instead | app-name pattern suggests FAST/24h channel → SSAI typical"
Vizio,maybe,Pwkids,vizio.plutotv,Playwork,3,"SmartCast (web-based); SIMID renders if app uses IMA HTML5"
Vidaa,maybe,Germany Vidaa CTV https://,play.google.com,,3,"Hisense Vidaa OS (Linux+browser); depends on IMA HTML5 usage"
Vidaa,maybe,Italy Vidaa CTV https://,play.google.com,,3,"Hisense Vidaa OS (Linux+browser); depends on IMA HTML5 usage"
Vidaa,maybe,Spain Vidaa CTV https://,play.google.com,,3,"Hisense Vidaa OS (Linux+browser); depends on IMA HTML5 usage"
Vidaa,maybe,Brazil Vidaa CTV https://,play.google.com,,3,"Hisense Vidaa OS (Linux+browser); depends on IMA HTML5 usage"
Roku,no,,,WURL,3,"Roku uses Roku Ad Framework (RAF) + BrightLine/Innovid; no first-party SIMID | publisher_source = WURL (Roku-owned FAST distribution → SSAI typical)"
Roku,no,,com.roku.web.trc,,3,"Roku uses Roku Ad Framework (RAF) + BrightLine/Innovid; no first-party SIMID"
Android,yes,Spinthecircle,com.rumble.webos.app,Playwork,3,"Android TV / Google TV; IMA Android SDK supports SIMID 1.0"
LG,maybe,Strawberry Shortcake,com.lg.strawberry_shortcake,Playwork,3,"webOS (web-based); same as Samsung — depends on whether app uses IMA HTML5"
Samsung,maybe,Thefunsquad,com.samsung.the_royalty_family,Playwork,3,"Tizen (web-based); SIMID renders if app uses IMA HTML5 — most use Samsung Ads stack instead"
TCL,maybe,,com.tubitv,,3,"TCL ships both Roku TV (no SIMID) and Google TV (yes SIMID) variants; depends on model"
Comcast,unlikely,A Maze Ing Mac,com.comcast.amazeingmac,Playwork,2,"Xfinity X1 set-top box runs custom RDK runtime; usually SSAI"
Vizio,maybe,Alexarivera,vizio.alexa_rivera,Playwork,2,"SmartCast (web-based); SIMID renders if app uses IMA HTML5"
Vizio,maybe,,vizio.alia,,2,"SmartCast (web-based); SIMID renders if app uses IMA HTML5"
Android,yes,Amongus,com.plexapp.android,Playwork,2,"Android TV / Google TV; IMA Android SDK supports SIMID 1.0"
Comcast,unlikely,,com.comcast.annoying_orange,,2,"Xfinity X1 set-top box runs custom RDK runtime; usually SSAI"
LG,maybe,,com.lg.annoying_orange,,2,"webOS (web-based); same as Samsung — depends on whether app uses IMA HTML5"
Vizio,maybe,Ant,vizio.annoyingorange,Playwork,2,"SmartCast (web-based); SIMID renders if app uses IMA HTML5"
Samsung,maybe,Antvenom,com.samsung.ant,Playwork,2,"Tizen (web-based); SIMID renders if app uses IMA HTML5 — most use Samsung Ads stack instead"
Samsung,maybe,Austinjohnplays,com.samsung.ant,Playwork,2,"Tizen (web-based); SIMID renders if app uses IMA HTML5 — most use Samsung Ads stack instead"
Vizio,maybe,,vizio.austinjohnplays,,2,"SmartCast (web-based); SIMID renders if app uses IMA HTML5"
Comcast,unlikely,,com.comcast.bestofamongus,,2,"Xfinity X1 set-top box runs custom RDK runtime; usually SSAI"
Samsung,maybe,Billy Perry,com.samsung.bestofroblox,Playwork,2,"Tizen (web-based); SIMID renders if app uses IMA HTML5 — most use Samsung Ads stack instead"
Samsung,unlikely,Black Cinema & Tv By Fawesome,com.samsung.bestofroblox,WURL,2,"Tizen (web-based); SIMID renders if app uses IMA HTML5 — most use Samsung Ads stack instead | app-name pattern suggests FAST/24h channel → SSAI typical | publisher_source = WURL (Roku-owned FAST distribution → SSAI typical)"
Fire TV,yes,,B07NZZW6LP,,2,"Fire OS = Android-derived; IMA Android SDK supports SIMID 1.0"
Vizio,maybe,Bloo,vizio.ssundee,Playwork,2,"SmartCast (web-based); SIMID renders if app uses IMA HTML5"
LG,maybe,Brickobrian,com.lg.brb,Playwork,2,"webOS (web-based); same as Samsung — depends on whether app uses IMA HTML5"
Samsung,unlikely,Browsefree Podcast  Movies  Tv,com.samsung.brewstew,,2,"Tizen (web-based); SIMID renders if app uses IMA HTML5 — most use Samsung Ads stack instead | app-name pattern suggests FAST/24h channel → SSAI typical"
Samsung,maybe,Saudi Arabia Samsung CTV https://,play.google.com,,2,"Tizen (web-based); SIMID renders if app uses IMA HTML5 — most use Samsung Ads stack instead"
Fire TV,unlikely,Canada Fire TV CTV https://,www.amazon.com,,2,"Fire OS = Android-derived; IMA Android SDK supports SIMID 1.0 | app-name pattern suggests FAST/24h channel → SSAI typical"
Fire TV,unlikely,Ireland Fire TV CTV https://,www.amazon.com,,2,"Fire OS = Android-derived; IMA Android SDK supports SIMID 1.0 | app-name pattern suggests FAST/24h channel → SSAI typical"
Fire TV,unlikely,Mexico Fire TV CTV https://,www.amazon.com,,2,"Fire OS = Android-derived; IMA Android SDK supports SIMID 1.0 | app-name pattern suggests FAST/24h channel → SSAI typical"
Vizio,maybe,Chesstv,vizio.xumoplay,Playwork,2,"SmartCast (web-based); SIMID renders if app uses IMA HTML5"
Samsung,maybe,,com.samsung.coffee_fuelled,,2,"Tizen (web-based); SIMID renders if app uses IMA HTML5 — most use Samsung Ads stack instead"
Android,yes,,com.rumble.battles,,2,"Android TV / Google TV; IMA Android SDK supports SIMID 1.0"
LG,maybe,,com.lg.creator_nation,,2,"webOS (web-based); same as Samsung — depends on whether app uses IMA HTML5"
Vidaa,maybe,Creator Nation,com.vidaa.creator_nation,Playwork,2,"Hisense Vidaa OS (Linux+browser); depends on IMA HTML5 usage"
Vidaa,maybe,Creatornation,com.vidaa.creator_nation,Playwork,2,"Hisense Vidaa OS (Linux+browser); depends on IMA HTML5 usage"
Samsung,maybe,,com.samsung.criminally_listed,,2,"Tizen (web-based); SIMID renders if app uses IMA HTML5 — most use Samsung Ads stack instead"
Vizio,maybe,,vizio.dental_digest,,2,"SmartCast (web-based); SIMID renders if app uses IMA HTML5"
Comcast,unlikely,,com.comcast.drewdirksen,,2,"Xfinity X1 set-top box runs custom RDK runtime; usually SSAI"
Samsung,maybe,Escape,com.samsung.emazing,Playwork,2,"Tizen (web-based); SIMID renders if app uses IMA HTML5 — most use Samsung Ads stack instead"
Fire TV,yes,,B0CW183FYD,,2,"Fire OS = Android-derived; IMA Android SDK supports SIMID 1.0"
Vizio,maybe,,vizio.ethangamer,,2,"SmartCast (web-based); SIMID renders if app uses IMA HTML5"
Vizio,unlikely,Filmrise,vizio.family_feud,WURL,2,"SmartCast (web-based); SIMID renders if app uses IMA HTML5 | publisher_source = WURL (Roku-owned FAST distribution → SSAI typical)"
Vizio,maybe,,vizio.firelight,,2,"SmartCast (web-based); SIMID renders if app uses IMA HTML5"
Fire TV,yes,,B0DJ8W2254,,2,"Fire OS = Android-derived; IMA Android SDK supports SIMID 1.0"
Samsung,maybe,Forge Labs,com.samsung.forge_labs,Playwork,2,"Tizen (web-based); SIMID renders if app uses IMA HTML5 — most use Samsung Ads stack instead"
LG,maybe,Fortnitetipstricks,com.lg.forge_labs,Playwork,2,"webOS (web-based); same as Samsung — depends on whether app uses IMA HTML5"
Samsung,maybe,Freemovie Browser Like Chrome,com.samsung.forge_labs,,2,"Tizen (web-based); SIMID renders if app uses IMA HTML5 — most use Samsung Ads stack instead"
Fire TV,yes,,B00V8X7XTO,,2,"Fire OS = Android-derived; IMA Android SDK supports SIMID 1.0"
Vizio,maybe,Gaby And Alex,vizio.gaby,Playwork,2,"SmartCast (web-based); SIMID renders if app uses IMA HTML5"
Fire TV,unlikely,Gabyandalex,B0CPFTZ2KH,WURL,2,"Fire OS = Android-derived; IMA Android SDK supports SIMID 1.0 | publisher_source = WURL (Roku-owned FAST distribution → SSAI typical)"
Vizio,maybe,Hacksmith,vizio.hacksmith,,2,"SmartCast (web-based); SIMID renders if app uses IMA HTML5"
Vizio,maybe,Hacksmith,vizio.hacksmithindustries,,2,"SmartCast (web-based); SIMID renders if app uses IMA HTML5"
Vizio,maybe,Haystack,vizio.haystacktv,,2,"SmartCast (web-based); SIMID renders if app uses IMA HTML5"
Vizio,maybe,,vizio.jordanmatter,,2,"SmartCast (web-based); SIMID renders if app uses IMA HTML5"
Samsung,maybe,Juandedios,com.samsung.juan_de_dios,Playwork,2,"Tizen (web-based); SIMID renders if app uses IMA HTML5 — most use Samsung Ads stack instead"
Vizio,maybe,Juandediospantoja,vizio.juan_de_dios,Playwork,2,"SmartCast (web-based); SIMID renders if app uses IMA HTML5"
Fire TV,yes,,B0FGJ1XK91,,2,"Fire OS = Android-derived; IMA Android SDK supports SIMID 1.0"
Vizio,maybe,Kwebbelkop,vizio.khaby_lame,Playwork,2,"SmartCast (web-based); SIMID renders if app uses IMA HTML5"
Fire TV,yes,,B0CLKXKMPW,,2,"Fire OS = Android-derived; IMA Android SDK supports SIMID 1.0"
Samsung,maybe,Like Nastya Spain,com.samsung.like_nastya_spain,Playwork,2,"Tizen (web-based); SIMID renders if app uses IMA HTML5 — most use Samsung Ads stack instead"
LG,maybe,Likenastya,com.lg.like_nastya_spain,Playwork,2,"webOS (web-based); same as Samsung — depends on whether app uses IMA HTML5"
TCL,maybe,Lol Surprise,com.tcl.livetv,Playwork,2,"TCL ships both Roku TV (no SIMID) and Google TV (yes SIMID) variants; depends on model"
TCL,unlikely,Magiconnect Tv App Services,com.tcl.livetv,,2,"TCL ships both Roku TV (no SIMID) and Google TV (yes SIMID) variants; depends on model | app-name pattern suggests FAST/24h channel → SSAI typical"
TCL,maybe,Manriver,com.tcl.livetv,Playwork,2,"TCL ships both Roku TV (no SIMID) and Google TV (yes SIMID) variants; depends on model"
Comcast,unlikely,Mau Mcmahon,com.comcast.lolsurprise,Playwork,2,"Xfinity X1 set-top box runs custom RDK runtime; usually SSAI"
Vizio,maybe,,vizio.man_plus_river,,2,"SmartCast (web-based); SIMID renders if app uses IMA HTML5"
Comcast,unlikely,Mitvplus,com.comcast.minecraft_fnaf,,2,"Xfinity X1 set-top box runs custom RDK runtime; usually SSAI"
Vizio,maybe,United States Vizio CTV https://,www.vizio.com,,2,"SmartCast (web-based); SIMID renders if app uses IMA HTML5"
Samsung,maybe,Nidal Wonder,com.samsung.nidal_wonder,Playwork,2,"Tizen (web-based); SIMID renders if app uses IMA HTML5 — most use Samsung Ads stack instead"
Samsung,maybe,,com.samsung.nidal_wonder,,2,"Tizen (web-based); SIMID renders if app uses IMA HTML5 — most use Samsung Ads stack instead"
Android,yes,,hilton.ninja_kids_tv,,2,"Android TV / Google TV; IMA Android SDK supports SIMID 1.0"
LG,maybe,Ninjakidstv,com.lg.ninja_kids_tv,Playwork,2,"webOS (web-based); same as Samsung — depends on whether app uses IMA HTML5"
Samsung,maybe,,com.samsung.not_enough_nelsons,,2,"Tizen (web-based); SIMID renders if app uses IMA HTML5 — most use Samsung Ads stack instead"
Samsung,maybe,Notenoughnelsons,com.samsung.not_enough_nelsons,Playwork,2,"Tizen (web-based); SIMID renders if app uses IMA HTML5 — most use Samsung Ads stack instead"
Fire TV,yes,Orangeanimation,B088X398Y7,Playwork,2,"Fire OS = Android-derived; IMA Android SDK supports SIMID 1.0"
Samsung,maybe,Paint The Road,com.samsung.omg_chad,Playwork,2,"Tizen (web-based); SIMID renders if app uses IMA HTML5 — most use Samsung Ads stack instead"
LG,maybe,Paint The Road,com.lg.omg_chad,Playwork,2,"webOS (web-based); same as Samsung — depends on whether app uses IMA HTML5"
Fire TV,unlikely,Philo,B0CTHSM3FY,WURL,2,"Fire OS = Android-derived; IMA Android SDK supports SIMID 1.0 | publisher_source = WURL (Roku-owned FAST distribution → SSAI typical)"
Vizio,unlikely,Pluto Tv,vizio.payton,WURL,2,"SmartCast (web-based); SIMID renders if app uses IMA HTML5 | app-name pattern suggests FAST/24h channel → SSAI typical | publisher_source = WURL (Roku-owned FAST distribution → SSAI typical)"
Fire TV,unlikely,Pluto Tv,B07BKPFXTJ,WURL,2,"Fire OS = Android-derived; IMA Android SDK supports SIMID 1.0 | app-name pattern suggests FAST/24h channel → SSAI typical | publisher_source = WURL (Roku-owned FAST distribution → SSAI typical)"
Fire TV,unlikely,Pluto Tv,B00KDSGIPK,WURL,2,"Fire OS = Android-derived; IMA Android SDK supports SIMID 1.0 | app-name pattern suggests FAST/24h channel → SSAI typical | publisher_source = WURL (Roku-owned FAST distribution → SSAI typical)"
Fire TV,yes,Pp Time Traveler,B00KDSGIPK,Playwork,2,"Fire OS = Android-derived; IMA Android SDK supports SIMID 1.0"
Fire TV,yes,Ppsecretslots,B00KDSGIPK,Playwork,2,"Fire OS = Android-derived; IMA Android SDK supports SIMID 1.0"
Vidaa,maybe,,com.vidaa.pwkids,,2,"Hisense Vidaa OS (Linux+browser); depends on IMA HTML5 usage"
Vidaa,maybe,Australia Vidaa CTV https://,play.google.com,,2,"Hisense Vidaa OS (Linux+browser); depends on IMA HTML5 usage"
Vidaa,maybe,Argentina Vidaa CTV https://,play.google.com,,2,"Hisense Vidaa OS (Linux+browser); depends on IMA HTML5 usage"
Vidaa,maybe,Canada Vidaa CTV https://,play.google.com,,2,"Hisense Vidaa OS (Linux+browser); depends on IMA HTML5 usage"
Vidaa,maybe,Uganda Vidaa CTV https://,play.google.com,,2,"Hisense Vidaa OS (Linux+browser); depends on IMA HTML5 usage"
Comcast,unlikely,Mexico Comcast CTV https://,www.xfinity.com,,2,"Xfinity X1 set-top box runs custom RDK runtime; usually SSAI"
Roku,no,Roku,com.rakutentv.samsung,,2,"Roku uses Roku Ad Framework (RAF) + BrightLine/Innovid; no first-party SIMID"
Samsung,unlikely,Samsung Tv Plus,com.rumble.webos.app,,2,"Tizen (web-based); SIMID renders if app uses IMA HTML5 — most use Samsung Ads stack instead | app-name pattern suggests FAST/24h channel → SSAI typical"
Samsung,maybe,Ssundee,com.lg.ssundee,Playwork,2,"Tizen (web-based); SIMID renders if app uses IMA HTML5 — most use Samsung Ads stack instead"
Vidaa,maybe,Ssundee,com.lg.ssundee,Playwork,2,"Hisense Vidaa OS (Linux+browser); depends on IMA HTML5 usage"
LG,maybe,Strictlydumpling,com.lg.strawberry_shortcake,Playwork,2,"webOS (web-based); same as Samsung — depends on whether app uses IMA HTML5"
Samsung,maybe,Tankee,com.samsung.strawberry_shortcake,Playwork,2,"Tizen (web-based); SIMID renders if app uses IMA HTML5 — most use Samsung Ads stack instead"
Samsung,unlikely,Tcl Channel,com.samsung.strawberry_shortcake,WURL,2,"Tizen (web-based); SIMID renders if app uses IMA HTML5 — most use Samsung Ads stack instead | app-name pattern suggests FAST/24h channel → SSAI typical | publisher_source = WURL (Roku-owned FAST distribution → SSAI typical)"
Comcast,unlikely,Tcl Channel,com.comcast.tankee,WURL,2,"Xfinity X1 set-top box runs custom RDK runtime; usually SSAI | app-name pattern suggests FAST/24h channel → SSAI typical | publisher_source = WURL (Roku-owned FAST distribution → SSAI typical)"
Samsung,maybe,The Boys,com.samsung.the_boys,Playwork,2,"Tizen (web-based); SIMID renders if app uses IMA HTML5 — most use Samsung Ads stack instead"
Vizio,maybe,,vizio.thefunsquad,,2,"SmartCast (web-based); SIMID renders if app uses IMA HTML5"
Samsung,unlikely,The Weather Channel,com.samsung.the_royalty_family,WURL,2,"Tizen (web-based); SIMID renders if app uses IMA HTML5 — most use Samsung Ads stack instead | app-name pattern suggests FAST/24h channel → SSAI typical | publisher_source = WURL (Roku-owned FAST distribution → SSAI typical)"
Samsung,maybe,Theboys,com.samsung.the_royalty_family,Playwork,2,"Tizen (web-based); SIMID renders if app uses IMA HTML5 — most use Samsung Ads stack instead"
Vizio,maybe,Theroyaltyfamily,vizio.theroyaltyfamily,Playwork,2,"SmartCast (web-based); SIMID renders if app uses IMA HTML5"
Fire TV,yes,,B07PNRRTN6,,2,"Fire OS = Android-derived; IMA Android SDK supports SIMID 1.0"
Tubi,unlikely,Tubi - Free Movies & Tv,com.toongoggles.html5,WURL,2,"Fox-owned Tubi runs its own ad SDK; SIMID acceptance unconfirmed | app-name pattern suggests FAST/24h channel → SSAI typical | publisher_source = WURL (Roku-owned FAST distribution → SSAI typical)"
Tubi,unlikely,,,,2,"Fox-owned Tubi runs its own ad SDK; SIMID acceptance unconfirmed"
TCL,maybe,Tubitv,com.tubitv.chromecast,,2,"TCL ships both Roku TV (no SIMID) and Google TV (yes SIMID) variants; depends on model"
Comcast,unlikely,,com.comcast.tucker_budzyn,,2,"Xfinity X1 set-top box runs custom RDK runtime; usually SSAI"
Fire TV,yes,Vanossgaming,B0FRB5DMYT,Playwork,2,"Fire OS = Android-derived; IMA Android SDK supports SIMID 1.0"
Fire TV,yes,,B0F32L7X86,,2,"Fire OS = Android-derived; IMA Android SDK supports SIMID 1.0"
Fire TV,yes,,B0756R3WNM,,2,"Fire OS = Android-derived; IMA Android SDK supports SIMID 1.0"
Vizio,maybe,,vizio.xnestorio,,2,"SmartCast (web-based); SIMID renders if app uses IMA HTML5"
Fire TV,unlikely,Fire TV CTV https://,www.amazon.com,,2,"Fire OS = Android-derived; IMA Android SDK supports SIMID 1.0 | app-name pattern suggests FAST/24h channel → SSAI typical"
Fire TV,unlikely,24 Hour Movie Channel,B01LYZ2GD4,WURL,1,"Fire OS = Android-derived; IMA Android SDK supports SIMID 1.0 | app-name pattern suggests FAST/24h channel → SSAI typical | publisher_source = WURL (Roku-owned FAST distribution → SSAI typical)"
Fire TV,unlikely,27 News Now,B09G534MQX,WURL,1,"Fire OS = Android-derived; IMA Android SDK supports SIMID 1.0 | app-name pattern suggests FAST/24h channel → SSAI typical | publisher_source = WURL (Roku-owned FAST distribution → SSAI typical)"
Fire TV,unlikely,44News,B08C2BR38D,WURL,1,"Fire OS = Android-derived; IMA Android SDK supports SIMID 1.0 | app-name pattern suggests FAST/24h channel → SSAI typical | publisher_source = WURL (Roku-owned FAST distribution → SSAI typical)"
Fire TV,unlikely,48Hours,b01mqtvn2t,WURL,1,"Fire OS = Android-derived; IMA Android SDK supports SIMID 1.0 | publisher_source = WURL (Roku-owned FAST distribution → SSAI typical)"
Vizio,maybe,48Hours,vizio.localnow,Playwork,1,"SmartCast (web-based); SIMID renders if app uses IMA HTML5"
Videotron,unlikely,A Maze Ing Mac,com.videotron.a_maze_ing_mac,Playwork,1,"Cable STB; usually SSAI"
Vizio,maybe,A Maze Ing Mac,com.vizio.a_maze_ing_mac,Playwork,1,"SmartCast (web-based); SIMID renders if app uses IMA HTML5"
Rogers,unlikely,A Maze Ing Mac,com.rogers.a_maze_ing_mac,Playwork,1,"Cable STB; usually SSAI"
Fire TV,yes,Abc-7 Kvia,B0CTHRF327,Playwork,1,"Fire OS = Android-derived; IMA Android SDK supports SIMID 1.0"
Vizio,maybe,Accuweathernow,vizio.accuweathernow,Playwork,1,"SmartCast (web-based); SIMID renders if app uses IMA HTML5"
Roku,no,Acidicblitzz 590792 United States Roku CTV not clickable https://,channelstore.roku.com,Playwork,1,"Roku uses Roku Ad Framework (RAF) + BrightLine/Innovid; no first-party SIMID"
Roku,no,Acidicblitzz 590792 Canada Roku CTV not clickable https://,channelstore.roku.com,Playwork,1,"Roku uses Roku Ad Framework (RAF) + BrightLine/Innovid; no first-party SIMID"
Fire TV,unlikely,Action Movies & Tv By Fawesome,B07W9JYQ53,Playwork,1,"Fire OS = Android-derived; IMA Android SDK supports SIMID 1.0 | app-name pattern suggests FAST/24h channel → SSAI typical"
Fire TV,yes,Action News 5 Wmc,B0756R5KQ7,,1,"Fire OS = Android-derived; IMA Android SDK supports SIMID 1.0"
Fire TV,unlikely,Action News Now,B073W91Q5T,,1,"Fire OS = Android-derived; IMA Android SDK supports SIMID 1.0 | app-name pattern suggests FAST/24h channel → SSAI typical"
Comcast,unlikely,Adam Rose,com.comcast.adam_rose,,1,"Xfinity X1 set-top box runs custom RDK runtime; usually SSAI"
Cox,unlikely,Adam Rose,com.cox.adam_rose,,1,"Cable STB; usually SSAI"
LG,maybe,Adam Rose 1270939 Australia LG CTV not clickable https://,us.lgappstv.com,,1,"webOS (web-based); same as Samsung — depends on whether app uses IMA HTML5"
LG,maybe,Adam Rose 1270939 Brazil LG CTV not clickable https://,us.lgappstv.com,,1,"webOS (web-based); same as Samsung — depends on whether app uses IMA HTML5"
LG,maybe,Adam Rose 1270939 Italy LG CTV not clickable https://,us.lgappstv.com,,1,"webOS (web-based); same as Samsung — depends on whether app uses IMA HTML5"
LG,maybe,Adam Rose 1270939 Mexico LG CTV not clickable https://,us.lgappstv.com,,1,"webOS (web-based); same as Samsung — depends on whether app uses IMA HTML5"
LG,maybe,Adam Rose 1270939 Spain LG CTV not clickable https://,us.lgappstv.com,,1,"webOS (web-based); same as Samsung — depends on whether app uses IMA HTML5"
LG,maybe,Adam Rose 1270939 United States LG CTV not clickable https://,us.lgappstv.com,,1,"webOS (web-based); same as Samsung — depends on whether app uses IMA HTML5"
Samsung,maybe,Adam Rose G21074016620 Australia Samsung CTV not clickable https://,www.samsung.com,,1,"Tizen (web-based); SIMID renders if app uses IMA HTML5 — most use Samsung Ads stack instead"
Samsung,maybe,Adam Rose G21074016620 United States Samsung CTV not clickable https://,www.samsung.com,,1,"Tizen (web-based); SIMID renders if app uses IMA HTML5 — most use Samsung Ads stack instead"
Vizio,maybe,Adam Rose,vizio.adam_rose,,1,"SmartCast (web-based); SIMID renders if app uses IMA HTML5"
Vizio,maybe,Adam Rose,vizio.adamrose,,1,"SmartCast (web-based); SIMID renders if app uses IMA HTML5"
Samsung,maybe,Adam Rose G21074016620 Argentina Samsung CTV not clickable https://,www.samsung.com,,1,"Tizen (web-based); SIMID renders if app uses IMA HTML5 — most use Samsung Ads stack instead"
Samsung,maybe,Adam Rose G21074016620 Brazil Samsung CTV not clickable https://,www.samsung.com,,1,"Tizen (web-based); SIMID renders if app uses IMA HTML5 — most use Samsung Ads stack instead"
Samsung,maybe,Adam Rose G21074016620 Canada Samsung CTV not clickable https://,www.samsung.com,,1,"Tizen (web-based); SIMID renders if app uses IMA HTML5 — most use Samsung Ads stack instead"
Samsung,maybe,Adam Rose G21074016620 Chile Samsung CTV not clickable https://,www.samsung.com,,1,"Tizen (web-based); SIMID renders if app uses IMA HTML5 — most use Samsung Ads stack instead"
Samsung,maybe,Adam Rose G21074016620 Colombia Samsung CTV not clickable https://,www.samsung.com,,1,"Tizen (web-based); SIMID renders if app uses IMA HTML5 — most use Samsung Ads stack instead"
Samsung,maybe,Adam Rose G21074016620 Costa Rica Samsung CTV not clickable https://,www.samsung.com,,1,"Tizen (web-based); SIMID renders if app uses IMA HTML5 — most use Samsung Ads stack instead"
Samsung,maybe,Adam Rose G21074016620 Czech Republic Samsung CTV not clickable https://,www.samsung.com,,1,"Tizen (web-based); SIMID renders if app uses IMA HTML5 — most use Samsung Ads stack instead"
Samsung,maybe,Adam Rose G21074016620 El Salvador Samsung CTV not clickable https://,www.samsung.com,,1,"Tizen (web-based); SIMID renders if app uses IMA HTML5 — most use Samsung Ads stack instead"
Samsung,maybe,Adam Rose G21074016620 Fiji Samsung CTV not clickable https://,www.samsung.com,,1,"Tizen (web-based); SIMID renders if app uses IMA HTML5 — most use Samsung Ads stack instead"
Samsung,maybe,Adam Rose G21074016620 Guatemala Samsung CTV not clickable https://,www.samsung.com,,1,"Tizen (web-based); SIMID renders if app uses IMA HTML5 — most use Samsung Ads stack instead"
Samsung,maybe,Adam Rose G21074016620 Honduras Samsung CTV not clickable https://,www.samsung.com,,1,"Tizen (web-based); SIMID renders if app uses IMA HTML5 — most use Samsung Ads stack instead"
Samsung,maybe,Adam Rose G21074016620 Mexico Samsung CTV not clickable https://,www.samsung.com,,1,"Tizen (web-based); SIMID renders if app uses IMA HTML5 — most use Samsung Ads stack instead"
Samsung,maybe,Adam Rose G21074016620 Norway Samsung CTV not clickable https://,www.samsung.com,Playwork,1,"Tizen (web-based); SIMID renders if app uses IMA HTML5 — most use Samsung Ads stack instead"
Samsung,maybe,Adam Rose G21074016620 Panama Samsung CTV not clickable https://,www.samsung.com,Playwork,1,"Tizen (web-based); SIMID renders if app uses IMA HTML5 — most use Samsung Ads stack instead"
Samsung,maybe,Adam Rose G21074016620 Peru Samsung CTV not clickable https://,www.samsung.com,Playwork,1,"Tizen (web-based); SIMID renders if app uses IMA HTML5 — most use Samsung Ads stack instead"
Samsung,maybe,Adamrose G21074016620 Puerto Rico Samsung CTV not clickable https://,www.samsung.com,Playwork,1,"Tizen (web-based); SIMID renders if app uses IMA HTML5 — most use Samsung Ads stack instead"
Samsung,maybe,Adamrose G21074016620 Singapore Samsung CTV not clickable https://,www.samsung.com,Playwork,1,"Tizen (web-based); SIMID renders if app uses IMA HTML5 — most use Samsung Ads stack instead"
Samsung,maybe,Adamrose G21074016620 Thailand Samsung CTV not clickable https://,www.samsung.com,Playwork,1,"Tizen (web-based); SIMID renders if app uses IMA HTML5 — most use Samsung Ads stack instead"
Roku,no,Adamrose 810242 United States Roku CTV not clickable https://,channelstore.roku.com,Playwork,1,"Roku uses Roku Ad Framework (RAF) + BrightLine/Innovid; no first-party SIMID"
Roku,no,Afterskool 810242 Brazil Roku CTV not clickable https://,channelstore.roku.com,Playwork,1,"Roku uses Roku Ad Framework (RAF) + BrightLine/Innovid; no first-party SIMID"
Roku,no,Afterskool 810242 Canada Roku CTV not clickable https://,channelstore.roku.com,Playwork,1,"Roku uses Roku Ad Framework (RAF) + BrightLine/Innovid; no first-party SIMID"
Roku,no,Afterskool 810242 Chile Roku CTV not clickable https://,channelstore.roku.com,Playwork,1,"Roku uses Roku Ad Framework (RAF) + BrightLine/Innovid; no first-party SIMID"
Roku,no,Afterskool 810242 Colombia Roku CTV not clickable https://,channelstore.roku.com,Playwork,1,"Roku uses Roku Ad Framework (RAF) + BrightLine/Innovid; no first-party SIMID"
Roku,no,Afterskool 810242 Mexico Roku CTV not clickable https://,channelstore.roku.com,Playwork,1,"Roku uses Roku Ad Framework (RAF) + BrightLine/Innovid; no first-party SIMID"
Roku,no,Afterskool 810242 Nicaragua Roku CTV not clickable https://,channelstore.roku.com,Playwork,1,"Roku uses Roku Ad Framework (RAF) + BrightLine/Innovid; no first-party SIMID"
Roku,no,Afterskool 580428 United States Roku CTV not clickable https://,channelstore.roku.com,Playwork,1,"Roku uses Roku Ad Framework (RAF) + BrightLine/Innovid; no first-party SIMID"
Roku,no,Alaska'S News Source 580428 Brazil Roku CTV not clickable https://,channelstore.roku.com,WURL,1,"Roku uses Roku Ad Framework (RAF) + BrightLine/Innovid; no first-party SIMID | publisher_source = WURL (Roku-owned FAST distribution → SSAI typical)"
Roku,no,Alexa Rivera 580428 Bulgaria Roku CTV not clickable https://,channelstore.roku.com,Playwork,1,"Roku uses Roku Ad Framework (RAF) + BrightLine/Innovid; no first-party SIMID"
Roku,no,Alexa Rivera 580428 Canada Roku CTV not clickable https://,channelstore.roku.com,Playwork,1,"Roku uses Roku Ad Framework (RAF) + BrightLine/Innovid; no first-party SIMID"
Roku,no,Alexa Rivera 580428 Chile Roku CTV not clickable https://,channelstore.roku.com,Playwork,1,"Roku uses Roku Ad Framework (RAF) + BrightLine/Innovid; no first-party SIMID"
Roku,no,Alexa Rivera 580428 Colombia Roku CTV not clickable https://,channelstore.roku.com,Playwork,1,"Roku uses Roku Ad Framework (RAF) + BrightLine/Innovid; no first-party SIMID"
Roku,no,Alexa Rivera 580428 Costa Rica Roku CTV not clickable https://,channelstore.roku.com,Playwork,1,"Roku uses Roku Ad Framework (RAF) + BrightLine/Innovid; no first-party SIMID"
Roku,no,Alexa Rivera 580428 Guam Roku CTV not clickable https://,channelstore.roku.com,Playwork,1,"Roku uses Roku Ad Framework (RAF) + BrightLine/Innovid; no first-party SIMID"
Roku,no,Alexa Rivera 580428 Jamaica Roku CTV not clickable https://,channelstore.roku.com,Playwork,1,"Roku uses Roku Ad Framework (RAF) + BrightLine/Innovid; no first-party SIMID"
Roku,no,Alexa Rivera 580428 Japan Roku CTV not clickable https://,channelstore.roku.com,Playwork,1,"Roku uses Roku Ad Framework (RAF) + BrightLine/Innovid; no first-party SIMID"
Roku,no,Alexa Rivera 580428 Mexico Roku CTV not clickable https://,channelstore.roku.com,Playwork,1,"Roku uses Roku Ad Framework (RAF) + BrightLine/Innovid; no first-party SIMID"
Roku,no,Alexa Rivera 580428 Peru Roku CTV not clickable https://,channelstore.roku.com,Playwork,1,"Roku uses Roku Ad Framework (RAF) + BrightLine/Innovid; no first-party SIMID"
Roku,no,Alexa Rivera 580428 Puerto Rico Roku CTV not clickable https://,channelstore.roku.com,Playwork,1,"Roku uses Roku Ad Framework (RAF) + BrightLine/Innovid; no first-party SIMID"
Roku,no,Alexa Rivera 580428 Venezuela Roku CTV not clickable https://,channelstore.roku.com,Playwork,1,"Roku uses Roku Ad Framework (RAF) + BrightLine/Innovid; no first-party SIMID"
Fire TV,yes,Alexa Rivera,B0CLKWHF94,Playwork,1,"Fire OS = Android-derived; IMA Android SDK supports SIMID 1.0"
Fire TV,yes,Alexa Rivera,B01G5YGRHY,Playwork,1,"Fire OS = Android-derived; IMA Android SDK supports SIMID 1.0"
Comcast,unlikely,Alexa Rivera,com.comcast.alexa_rivera,Playwork,1,"Xfinity X1 set-top box runs custom RDK runtime; usually SSAI"
Cox,unlikely,Alexa Rivera,com.cox.alexa_rivera,Playwork,1,"Cable STB; usually SSAI"
Vizio,maybe,,vizio.alexa_rivera,,1,"SmartCast (web-based); SIMID renders if app uses IMA HTML5"
Vizio,maybe,,vizio.alexarivera,,1,"SmartCast (web-based); SIMID renders if app uses IMA HTML5"
Vizio,maybe,Alexarivera,vizio.alexarivera,Playwork,1,"SmartCast (web-based); SIMID renders if app uses IMA HTML5"
Rogers,unlikely,Alexarivera,com.rogers.alexa_rivera,Playwork,1,"Cable STB; usually SSAI"
Roku,no,Alexmeyers 796347 United States Roku CTV not clickable https://,channelstore.roku.com,Playwork,1,"Roku uses Roku Ad Framework (RAF) + BrightLine/Innovid; no first-party SIMID"
Roku,no,Alexmeyers 796347 Brazil Roku CTV not clickable https://,channelstore.roku.com,Playwork,1,"Roku uses Roku Ad Framework (RAF) + BrightLine/Innovid; no first-party SIMID"
Roku,no,Alexmeyers 796347 Canada Roku CTV not clickable https://,channelstore.roku.com,Playwork,1,"Roku uses Roku Ad Framework (RAF) + BrightLine/Innovid; no first-party SIMID"
Roku,no,Alexmeyers 796347 Costa Rica Roku CTV not clickable https://,channelstore.roku.com,Playwork,1,"Roku uses Roku Ad Framework (RAF) + BrightLine/Innovid; no first-party SIMID"
Roku,no,Alexmeyers 796347 Guatemala Roku CTV not clickable https://,channelstore.roku.com,Playwork,1,"Roku uses Roku Ad Framework (RAF) + BrightLine/Innovid; no first-party SIMID"
Roku,no,Alexmeyers 796347 Japan Roku CTV not clickable https://,channelstore.roku.com,Playwork,1,"Roku uses Roku Ad Framework (RAF) + BrightLine/Innovid; no first-party SIMID"
Roku,no,Alexmeyers 796347 Mexico Roku CTV not clickable https://,channelstore.roku.com,Playwork,1,"Roku uses Roku Ad Framework (RAF) + BrightLine/Innovid; no first-party SIMID"
Roku,no,Ali A 796347 Puerto Rico Roku CTV not clickable https://,channelstore.roku.com,Playwork,1,"Roku uses Roku Ad Framework (RAF) + BrightLine/Innovid; no first-party SIMID"
Comcast,unlikely,Ali A,com.comcast.alexmeyers,Playwork,1,"Xfinity X1 set-top box runs custom RDK runtime; usually SSAI"
Roku,no,Ali A 608526 United States Roku CTV not clickable https://,channelstore.roku.com,Playwork,1,"Roku uses Roku Ad Framework (RAF) + BrightLine/Innovid; no first-party SIMID"
Samsung,maybe,Ali A G20362016129 Australia Samsung CTV not clickable https://,www.samsung.com,Playwork,1,"Tizen (web-based); SIMID renders if app uses IMA HTML5 — most use Samsung Ads stack instead"
Samsung,maybe,Ali A G20362016129 United States Samsung CTV not clickable https://,www.samsung.com,Playwork,1,"Tizen (web-based); SIMID renders if app uses IMA HTML5 — most use Samsung Ads stack instead"
Samsung,maybe,Ali A G20362016129 Brazil Samsung CTV not clickable https://,www.samsung.com,Playwork,1,"Tizen (web-based); SIMID renders if app uses IMA HTML5 — most use Samsung Ads stack instead"
Samsung,maybe,Ali A G20362016129 Canada Samsung CTV not clickable https://,www.samsung.com,Playwork,1,"Tizen (web-based); SIMID renders if app uses IMA HTML5 — most use Samsung Ads stack instead"
Samsung,maybe,Ali A G20362016129 Ireland Samsung CTV not clickable https://,www.samsung.com,Playwork,1,"Tizen (web-based); SIMID renders if app uses IMA HTML5 — most use Samsung Ads stack instead"
Samsung,maybe,Ali A G20362016129 Mexico Samsung CTV not clickable https://,www.samsung.com,Playwork,1,"Tizen (web-based); SIMID renders if app uses IMA HTML5 — most use Samsung Ads stack instead"
Samsung,maybe,Ali A G20362016129 Philippines Samsung CTV not clickable https://,www.samsung.com,Playwork,1,"Tizen (web-based); SIMID renders if app uses IMA HTML5 — most use Samsung Ads stack instead"
Roku,no,Ali A 608526 Canada Roku CTV not clickable https://,channelstore.roku.com,Playwork,1,"Roku uses Roku Ad Framework (RAF) + BrightLine/Innovid; no first-party SIMID"
Roku,no,Ali A 608526 Mexico Roku CTV not clickable https://,channelstore.roku.com,Playwork,1,"Roku uses Roku Ad Framework (RAF) + BrightLine/Innovid; no first-party SIMID"
Roku,no,Ali A 608526 Panama Roku CTV not clickable https://,channelstore.roku.com,Playwork,1,"Roku uses Roku Ad Framework (RAF) + BrightLine/Innovid; no first-party SIMID"
Roku,no,Ali A 608526 Puerto Rico Roku CTV not clickable https://,channelstore.roku.com,Playwork,1,"Roku uses Roku Ad Framework (RAF) + BrightLine/Innovid; no first-party SIMID"
Comcast,unlikely,Ali A,com.comcast.ali_a,Playwork,1,"Xfinity X1 set-top box runs custom RDK runtime; usually SSAI"
Cox,unlikely,Ali A,com.cox.ali_a,Playwork,1,"Cable STB; usually SSAI"
LG,maybe,Alia,com.lg.ali_a,Playwork,1,"webOS (web-based); same as Samsung — depends on whether app uses IMA HTML5"
Vizio,maybe,,vizio.ali_a,,1,"SmartCast (web-based); SIMID renders if app uses IMA HTML5"
Roku,no,751808 United States Roku CTV https://,channelstore.roku.com,,1,"Roku uses Roku Ad Framework (RAF) + BrightLine/Innovid; no first-party SIMID"
Roku,no,751808 Argentina Roku CTV https://,channelstore.roku.com,,1,"Roku uses Roku Ad Framework (RAF) + BrightLine/Innovid; no first-party SIMID"
Roku,no,751808 Brazil Roku CTV https://,channelstore.roku.com,,1,"Roku uses Roku Ad Framework (RAF) + BrightLine/Innovid; no first-party SIMID"
Roku,no,Alia 751808 Canada Roku CTV not clickable https://,channelstore.roku.com,Playwork,1,"Roku uses Roku Ad Framework (RAF) + BrightLine/Innovid; no first-party SIMID"
Roku,no,Alia 751808 Colombia Roku CTV not clickable https://,channelstore.roku.com,Playwork,1,"Roku uses Roku Ad Framework (RAF) + BrightLine/Innovid; no first-party SIMID"
Roku,no,Alia 751808 Mexico Roku CTV not clickable https://,channelstore.roku.com,Playwork,1,"Roku uses Roku Ad Framework (RAF) + BrightLine/Innovid; no first-party SIMID"
Roku,no,Amc 751808 Panama Roku CTV not clickable https://,channelstore.roku.com,WURL,1,"Roku uses Roku Ad Framework (RAF) + BrightLine/Innovid; no first-party SIMID | publisher_source = WURL (Roku-owned FAST distribution → SSAI typical)"
Roku,no,Amc 751808 Puerto Rico Roku CTV not clickable https://,channelstore.roku.com,WURL,1,"Roku uses Roku Ad Framework (RAF) + BrightLine/Innovid; no first-party SIMID | publisher_source = WURL (Roku-owned FAST distribution → SSAI typical)"
Fire TV,unlikely,Amc,B072M565NX,WURL,1,"Fire OS = Android-derived; IMA Android SDK supports SIMID 1.0 | publisher_source = WURL (Roku-owned FAST distribution → SSAI typical)"
Samsung,unlikely,Amc Ctv Live G18331012212 United States Samsung CTV not clickable https://,www.samsung.com,WURL,1,"Tizen (web-based); SIMID renders if app uses IMA HTML5 — most use Samsung Ads stack instead | app-name pattern suggests FAST/24h channel → SSAI typical | publisher_source = WURL (Roku-owned FAST distribution → SSAI typical)"
Samsung,unlikely,Amcn G00009313465 United States Samsung CTV not clickable https://,www.samsung.com,WURL,1,"Tizen (web-based); SIMID renders if app uses IMA HTML5 — most use Samsung Ads stack instead | publisher_source = WURL (Roku-owned FAST distribution → SSAI typical)"
Samsung,unlikely,Amcn G22152019696 United States Samsung CTV not clickable https://,www.samsung.com,WURL,1,"Tizen (web-based); SIMID renders if app uses IMA HTML5 — most use Samsung Ads stack instead | publisher_source = WURL (Roku-owned FAST distribution → SSAI typical)"
Vizio,unlikely,Amcn,vizio.amcplus,WURL,1,"SmartCast (web-based); SIMID renders if app uses IMA HTML5 | publisher_source = WURL (Roku-owned FAST distribution → SSAI typical)"
Vizio,unlikely,Amcn,vizio.spectrumtv,WURL,1,"SmartCast (web-based); SIMID renders if app uses IMA HTML5 | publisher_source = WURL (Roku-owned FAST distribution → SSAI typical)"
Vizio,unlikely,America'S Voice News,vizio.amcplus,WURL,1,"SmartCast (web-based); SIMID renders if app uses IMA HTML5 | publisher_source = WURL (Roku-owned FAST distribution → SSAI typical)"
Vizio,unlikely,America'S Voice News,vizio.plex,WURL,1,"SmartCast (web-based); SIMID renders if app uses IMA HTML5 | publisher_source = WURL (Roku-owned FAST distribution → SSAI typical)"
Samsung,unlikely,America'S Voice News G3201512006963 United States Samsung CTV not clickable https://,www.samsung.com,WURL,1,"Tizen (web-based); SIMID renders if app uses IMA HTML5 — most use Samsung Ads stack instead | publisher_source = WURL (Roku-owned FAST distribution → SSAI typical)"
Android,unlikely,America'S Voice News,com.plexapp.android,WURL,1,"Android TV / Google TV; IMA Android SDK supports SIMID 1.0 | publisher_source = WURL (Roku-owned FAST distribution → SSAI typical)"
Android,unlikely,Americas Test Kitchen,com.plexapp.android,WURL,1,"Android TV / Google TV; IMA Android SDK supports SIMID 1.0 | publisher_source = WURL (Roku-owned FAST distribution → SSAI typical)"
Samsung,maybe,Animation Time G15147002586 Australia Samsung CTV not clickable https://,www.samsung.com,Playwork,1,"Tizen (web-based); SIMID renders if app uses IMA HTML5 — most use Samsung Ads stack instead"
Samsung,maybe,Animation Time G15147002586 United States Samsung CTV not clickable https://,www.samsung.com,Playwork,1,"Tizen (web-based); SIMID renders if app uses IMA HTML5 — most use Samsung Ads stack instead"
Samsung,maybe,Animation Time G15147002586 Canada Samsung CTV not clickable https://,www.samsung.com,Playwork,1,"Tizen (web-based); SIMID renders if app uses IMA HTML5 — most use Samsung Ads stack instead"
Samsung,maybe,Animation Time G15147002586 China Samsung CTV not clickable https://,www.samsung.com,Playwork,1,"Tizen (web-based); SIMID renders if app uses IMA HTML5 — most use Samsung Ads stack instead"
Samsung,maybe,Animation Time G15147002586 Dominican Republic Samsung CTV not clickable https://,www.samsung.com,Playwork,1,"Tizen (web-based); SIMID renders if app uses IMA HTML5 — most use Samsung Ads stack instead"
Samsung,maybe,Animation Time G15147002586 Germany Samsung CTV not clickable https://,www.samsung.com,Playwork,1,"Tizen (web-based); SIMID renders if app uses IMA HTML5 — most use Samsung Ads stack instead"
Samsung,maybe,Animation Time G15147002586 India Samsung CTV not clickable https://,www.samsung.com,Playwork,1,"Tizen (web-based); SIMID renders if app uses IMA HTML5 — most use Samsung Ads stack instead"
Samsung,maybe,Animationtime G15147002586 Indonesia Samsung CTV not clickable https://,www.samsung.com,Playwork,1,"Tizen (web-based); SIMID renders if app uses IMA HTML5 — most use Samsung Ads stack instead"
Samsung,maybe,Animationtime G15147002586 Ireland Samsung CTV not clickable https://,www.samsung.com,Playwork,1,"Tizen (web-based); SIMID renders if app uses IMA HTML5 — most use Samsung Ads stack instead"
Samsung,maybe,Animationtime G15147002586 Jamaica Samsung CTV not clickable https://,www.samsung.com,Playwork,1,"Tizen (web-based); SIMID renders if app uses IMA HTML5 — most use Samsung Ads stack instead"
Samsung,maybe,Animationtime G15147002586 Mexico Samsung CTV not clickable https://,www.samsung.com,Playwork,1,"Tizen (web-based); SIMID renders if app uses IMA HTML5 — most use Samsung Ads stack instead"
Samsung,maybe,Annoying Orange G15147002586 New Zealand Samsung CTV not clickable https://,www.samsung.com,Playwork,1,"Tizen (web-based); SIMID renders if app uses IMA HTML5 — most use Samsung Ads stack instead"
Samsung,maybe,Annoying Orange G15147002586 Saint Lucia Samsung CTV not clickable https://,www.samsung.com,Playwork,1,"Tizen (web-based); SIMID renders if app uses IMA HTML5 — most use Samsung Ads stack instead"
Samsung,maybe,Annoying Orange G15147002586 United Kingdom Samsung CTV not clickable https://,www.samsung.com,Playwork,1,"Tizen (web-based); SIMID renders if app uses IMA HTML5 — most use Samsung Ads stack instead"
Fire TV,yes,Annoying Orange,B07HPGGNPC,Playwork,1,"Fire OS = Android-derived; IMA Android SDK supports SIMID 1.0"
Fire TV,unlikely,Annoying Orange,B00ODC5N80,WURL,1,"Fire OS = Android-derived; IMA Android SDK supports SIMID 1.0 | publisher_source = WURL (Roku-owned FAST distribution → SSAI typical)"
Fire TV,yes,,B00ODC5N80,,1,"Fire OS = Android-derived; IMA Android SDK supports SIMID 1.0"
Fire TV,yes,,B0858LBZJS,,1,"Fire OS = Android-derived; IMA Android SDK supports SIMID 1.0"
Roku,no,582097 United States Roku CTV https://,channelstore.roku.com,,1,"Roku uses Roku Ad Framework (RAF) + BrightLine/Innovid; no first-party SIMID"
Roku,no,582097 Argentina Roku CTV https://,channelstore.roku.com,,1,"Roku uses Roku Ad Framework (RAF) + BrightLine/Innovid; no first-party SIMID"
Roku,no,582097 Brazil Roku CTV https://,channelstore.roku.com,,1,"Roku uses Roku Ad Framework (RAF) + BrightLine/Innovid; no first-party SIMID"
Roku,no,582097 Canada Roku CTV https://,channelstore.roku.com,,1,"Roku uses Roku Ad Framework (RAF) + BrightLine/Innovid; no first-party SIMID"
Roku,no,582097 Colombia Roku CTV https://,channelstore.roku.com,,1,"Roku uses Roku Ad Framework (RAF) + BrightLine/Innovid; no first-party SIMID"
Roku,no,582097 Dominican Republic Roku CTV https://,channelstore.roku.com,,1,"Roku uses Roku Ad Framework (RAF) + BrightLine/Innovid; no first-party SIMID"
Roku,no,582097 Japan Roku CTV https://,channelstore.roku.com,,1,"Roku uses Roku Ad Framework (RAF) + BrightLine/Innovid; no first-party SIMID"
Roku,no,582097 Mexico Roku CTV https://,channelstore.roku.com,,1,"Roku uses Roku Ad Framework (RAF) + BrightLine/Innovid; no first-party SIMID"
Roku,no,582097 Puerto Rico Roku CTV https://,channelstore.roku.com,,1,"Roku uses Roku Ad Framework (RAF) + BrightLine/Innovid; no first-party SIMID"
Cox,unlikely,,com.cox.annoying_orange,,1,"Cable STB; usually SSAI"
Roku,no,604009 Australia Roku CTV https://,channelstore.roku.com,,1,"Roku uses Roku Ad Framework (RAF) + BrightLine/Innovid; no first-party SIMID"
Samsung,maybe,G20356016062 Australia Samsung CTV https://,www.samsung.com,,1,"Tizen (web-based); SIMID renders if app uses IMA HTML5 — most use Samsung Ads stack instead"
Samsung,maybe,G20356016062 United States Samsung CTV https://,www.samsung.com,,1,"Tizen (web-based); SIMID renders if app uses IMA HTML5 — most use Samsung Ads stack instead"
Samsung,maybe,Annoying Orange G20356016062 Brazil Samsung CTV not clickable https://,www.samsung.com,Playwork,1,"Tizen (web-based); SIMID renders if app uses IMA HTML5 — most use Samsung Ads stack instead"
Samsung,maybe,Annoying Orange G20356016062 Canada Samsung CTV not clickable https://,www.samsung.com,Playwork,1,"Tizen (web-based); SIMID renders if app uses IMA HTML5 — most use Samsung Ads stack instead"
Samsung,maybe,Annoying Orange G20356016062 Chile Samsung CTV not clickable https://,www.samsung.com,Playwork,1,"Tizen (web-based); SIMID renders if app uses IMA HTML5 — most use Samsung Ads stack instead"
Samsung,maybe,Annoying Orange G20356016062 Colombia Samsung CTV not clickable https://,www.samsung.com,Playwork,1,"Tizen (web-based); SIMID renders if app uses IMA HTML5 — most use Samsung Ads stack instead"
Samsung,maybe,Annoying Orange G20356016062 El Salvador Samsung CTV not clickable https://,www.samsung.com,Playwork,1,"Tizen (web-based); SIMID renders if app uses IMA HTML5 — most use Samsung Ads stack instead"
Samsung,maybe,Annoying Orange G20356016062 India Samsung CTV not clickable https://,www.samsung.com,Playwork,1,"Tizen (web-based); SIMID renders if app uses IMA HTML5 — most use Samsung Ads stack instead"
Samsung,maybe,Annoying Orange G20356016062 Ireland Samsung CTV not clickable https://,www.samsung.com,Playwork,1,"Tizen (web-based); SIMID renders if app uses IMA HTML5 — most use Samsung Ads stack instead"
Samsung,maybe,Annoying Orange G20356016062 Mexico Samsung CTV not clickable https://,www.samsung.com,Playwork,1,"Tizen (web-based); SIMID renders if app uses IMA HTML5 — most use Samsung Ads stack instead"
Samsung,maybe,Annoying Orange G20356016062 Peru Samsung CTV not clickable https://,www.samsung.com,Playwork,1,"Tizen (web-based); SIMID renders if app uses IMA HTML5 — most use Samsung Ads stack instead"
Samsung,maybe,Annoying Orange G20356016062 Saudi Arabia Samsung CTV not clickable https://,www.samsung.com,Playwork,1,"Tizen (web-based); SIMID renders if app uses IMA HTML5 — most use Samsung Ads stack instead"
Samsung,maybe,Annoying Orange G20356016062 Turkey Samsung CTV not clickable https://,www.samsung.com,Playwork,1,"Tizen (web-based); SIMID renders if app uses IMA HTML5 — most use Samsung Ads stack instead"
Vidaa,maybe,Annoyingorange,com.vidaa.annoying_orange,Playwork,1,"Hisense Vidaa OS (Linux+browser); depends on IMA HTML5 usage"
Roku,no,604009 Bahamas Roku CTV https://,channelstore.roku.com,,1,"Roku uses Roku Ad Framework (RAF) + BrightLine/Innovid; no first-party SIMID"
Roku,no,604009 Brazil Roku CTV https://,channelstore.roku.com,,1,"Roku uses Roku Ad Framework (RAF) + BrightLine/Innovid; no first-party SIMID"
Roku,no,Annoyingorange 604009 Canada Roku CTV not clickable https://,channelstore.roku.com,Playwork,1,"Roku uses Roku Ad Framework (RAF) + BrightLine/Innovid; no first-party SIMID"
Roku,no,Annoyingorange 604009 Chile Roku CTV not clickable https://,channelstore.roku.com,Playwork,1,"Roku uses Roku Ad Framework (RAF) + BrightLine/Innovid; no first-party SIMID"
Roku,no,Annoyingorange 604009 Colombia Roku CTV not clickable https://,channelstore.roku.com,Playwork,1,"Roku uses Roku Ad Framework (RAF) + BrightLine/Innovid; no first-party SIMID"
Roku,no,Annoyingorange 604009 Dominican Republic Roku CTV not clickable https://,channelstore.roku.com,Playwork,1,"Roku uses Roku Ad Framework (RAF) + BrightLine/Innovid; no first-party SIMID"
Roku,no,Annoyingorange 604009 Ghana Roku CTV not clickable https://,channelstore.roku.com,Playwork,1,"Roku uses Roku Ad Framework (RAF) + BrightLine/Innovid; no first-party SIMID"
Roku,no,Annoyingorange 604009 Japan Roku CTV not clickable https://,channelstore.roku.com,Playwork,1,"Roku uses Roku Ad Framework (RAF) + BrightLine/Innovid; no first-party SIMID"
Roku,no,Annoyingorange 604009 Mexico Roku CTV not clickable https://,channelstore.roku.com,Playwork,1,"Roku uses Roku Ad Framework (RAF) + BrightLine/Innovid; no first-party SIMID"
Roku,no,Ant 604009 Norway Roku CTV not clickable https://,channelstore.roku.com,Playwork,1,"Roku uses Roku Ad Framework (RAF) + BrightLine/Innovid; no first-party SIMID"
Roku,no,Ant 604009 Puerto Rico Roku CTV not clickable https://,channelstore.roku.com,Playwork,1,"Roku uses Roku Ad Framework (RAF) + BrightLine/Innovid; no first-party SIMID"
Roku,no,Ant 604009 United Arab Emirates Roku CTV not clickable https://,channelstore.roku.com,Playwork,1,"Roku uses Roku Ad Framework (RAF) + BrightLine/Innovid; no first-party SIMID"
Roku,no,Ant 604009 United States Roku CTV not clickable https://,channelstore.roku.com,Playwork,1,"Roku uses Roku Ad Framework (RAF) + BrightLine/Innovid; no first-party SIMID"
Roku,no,Ant 604009 Venezuela Roku CTV not clickable https://,channelstore.roku.com,Playwork,1,"Roku uses Roku Ad Framework (RAF) + BrightLine/Innovid; no first-party SIMID"
Comcast,unlikely,Ant,com.comcast.ant,Playwork,1,"Xfinity X1 set-top box runs custom RDK runtime; usually SSAI"
Cox,unlikely,Ant,com.cox.ant,Playwork,1,"Cable STB; usually SSAI"
Roku,no,Ant 585089 United States Roku CTV not clickable https://,channelstore.roku.com,Playwork,1,"Roku uses Roku Ad Framework (RAF) + BrightLine/Innovid; no first-party SIMID"
Samsung,maybe,Are You Lucky,com.samsung.ant,Playwork,1,"Tizen (web-based); SIMID renders if app uses IMA HTML5 — most use Samsung Ads stack instead"
Samsung,maybe,Aussieantics,com.samsung.ant,Playwork,1,"Tizen (web-based); SIMID renders if app uses IMA HTML5 — most use Samsung Ads stack instead"
Samsung,maybe,Austin John Plays,com.samsung.ant,Playwork,1,"Tizen (web-based); SIMID renders if app uses IMA HTML5 — most use Samsung Ads stack instead"
Samsung,unlikely,Azfamily (3Tv & Cbs 5),com.samsung.ant,WURL,1,"Tizen (web-based); SIMID renders if app uses IMA HTML5 — most use Samsung Ads stack instead | publisher_source = WURL (Roku-owned FAST distribution → SSAI typical)"
Roku,no,Barrylewis 585089 Canada Roku CTV not clickable https://,channelstore.roku.com,Playwork,1,"Roku uses Roku Ad Framework (RAF) + BrightLine/Innovid; no first-party SIMID"
Roku,no,Best Of Gta 585089 Chile Roku CTV not clickable https://,channelstore.roku.com,Playwork,1,"Roku uses Roku Ad Framework (RAF) + BrightLine/Innovid; no first-party SIMID"
Roku,no,Best Of Gta 585089 Mexico Roku CTV not clickable https://,channelstore.roku.com,Playwork,1,"Roku uses Roku Ad Framework (RAF) + BrightLine/Innovid; no first-party SIMID"
Roku,no,Best Of Gta 585089 Puerto Rico Roku CTV not clickable https://,channelstore.roku.com,Playwork,1,"Roku uses Roku Ad Framework (RAF) + BrightLine/Innovid; no first-party SIMID"
Rogers,unlikely,Best Of Gta,com.rogers.ant,Playwork,1,"Cable STB; usually SSAI"
Rogers,unlikely,Best Of Gta,com.rogers.antvenom,Playwork,1,"Cable STB; usually SSAI"
Roku,no,Best Of Gta 777413 United States Roku CTV not clickable https://,channelstore.roku.com,Playwork,1,"Roku uses Roku Ad Framework (RAF) + BrightLine/Innovid; no first-party SIMID"
Samsung,maybe,Best Of Gta,com.samsung.antvenom,Playwork,1,"Tizen (web-based); SIMID renders if app uses IMA HTML5 — most use Samsung Ads stack instead"
Roku,no,Best Of Gta 777413 Brazil Roku CTV not clickable https://,channelstore.roku.com,Playwork,1,"Roku uses Roku Ad Framework (RAF) + BrightLine/Innovid; no first-party SIMID"
Roku,no,777413 Mexico Roku CTV https://,channelstore.roku.com,,1,"Roku uses Roku Ad Framework (RAF) + BrightLine/Innovid; no first-party SIMID"
Comcast,unlikely,,com.comcast.areyoulucky,,1,"Xfinity X1 set-top box runs custom RDK runtime; usually SSAI"
Vizio,maybe,,com.vizio.are_you_lucky,,1,"SmartCast (web-based); SIMID renders if app uses IMA HTML5"
Comcast,unlikely,,com.comcast.aussie_antics,,1,"Xfinity X1 set-top box runs custom RDK runtime; usually SSAI"
Cox,unlikely,,com.cox.aussie_antics,,1,"Cable STB; usually SSAI"
Fire TV,yes,,B0DVBLK88K,,1,"Fire OS = Android-derived; IMA Android SDK supports SIMID 1.0"
Samsung,maybe,,com.samsung.aussie_antics,,1,"Tizen (web-based); SIMID renders if app uses IMA HTML5 — most use Samsung Ads stack instead"
Vizio,maybe,,vizio.aussieantics,,1,"SmartCast (web-based); SIMID renders if app uses IMA HTML5"
Roku,no,792759 United States Roku CTV https://,channelstore.roku.com,,1,"Roku uses Roku Ad Framework (RAF) + BrightLine/Innovid; no first-party SIMID"
Roku,no,792759 Mexico Roku CTV https://,channelstore.roku.com,,1,"Roku uses Roku Ad Framework (RAF) + BrightLine/Innovid; no first-party SIMID"
Roku,no,787746 United States Roku CTV https://,channelstore.roku.com,,1,"Roku uses Roku Ad Framework (RAF) + BrightLine/Innovid; no first-party SIMID"
Roku,no,787746 Brazil Roku CTV https://,channelstore.roku.com,,1,"Roku uses Roku Ad Framework (RAF) + BrightLine/Innovid; no first-party SIMID"
Roku,no,787746 Costa Rica Roku CTV https://,channelstore.roku.com,,1,"Roku uses Roku Ad Framework (RAF) + BrightLine/Innovid; no first-party SIMID"
Roku,no,787746 El Salvador Roku CTV https://,channelstore.roku.com,,1,"Roku uses Roku Ad Framework (RAF) + BrightLine/Innovid; no first-party SIMID"
Roku,no,787746 Mexico Roku CTV https://,channelstore.roku.com,,1,"Roku uses Roku Ad Framework (RAF) + BrightLine/Innovid; no first-party SIMID"
Fire TV,yes,,B0856S8WHV,,1,"Fire OS = Android-derived; IMA Android SDK supports SIMID 1.0"
Comcast,unlikely,,com.comcast.barry_lewis,,1,"Xfinity X1 set-top box runs custom RDK runtime; usually SSAI"
Roku,no,625402 United States Roku CTV https://,channelstore.roku.com,,1,"Roku uses Roku Ad Framework (RAF) + BrightLine/Innovid; no first-party SIMID"
Roku,no,625402 Canada Roku CTV https://,channelstore.roku.com,,1,"Roku uses Roku Ad Framework (RAF) + BrightLine/Innovid; no first-party SIMID"
Comcast,unlikely,,com.comcast.best_of_gta,,1,"Xfinity X1 set-top box runs custom RDK runtime; usually SSAI"
LG,maybe,1278376 Albania LG CTV https://,us.lgappstv.com,,1,"webOS (web-based); same as Samsung — depends on whether app uses IMA HTML5"
LG,maybe,1278376 Australia LG CTV https://,us.lgappstv.com,,1,"webOS (web-based); same as Samsung — depends on whether app uses IMA HTML5"
LG,maybe,1278376 Brazil LG CTV https://,us.lgappstv.com,,1,"webOS (web-based); same as Samsung — depends on whether app uses IMA HTML5"
LG,maybe,1278376 Canada LG CTV https://,us.lgappstv.com,,1,"webOS (web-based); same as Samsung — depends on whether app uses IMA HTML5"
LG,maybe,1278376 Chile LG CTV https://,us.lgappstv.com,,1,"webOS (web-based); same as Samsung — depends on whether app uses IMA HTML5"
LG,maybe,1278376 Colombia LG CTV https://,us.lgappstv.com,,1,"webOS (web-based); same as Samsung — depends on whether app uses IMA HTML5"
LG,maybe,1278376 Costa Rica LG CTV https://,us.lgappstv.com,,1,"webOS (web-based); same as Samsung — depends on whether app uses IMA HTML5"
LG,maybe,1278376 France LG CTV https://,us.lgappstv.com,,1,"webOS (web-based); same as Samsung — depends on whether app uses IMA HTML5"
LG,maybe,1278376 Germany LG CTV https://,us.lgappstv.com,,1,"webOS (web-based); same as Samsung — depends on whether app uses IMA HTML5"
LG,maybe,1278376 Ghana LG CTV https://,us.lgappstv.com,,1,"webOS (web-based); same as Samsung — depends on whether app uses IMA HTML5"
LG,maybe,1278376 Honduras LG CTV https://,us.lgappstv.com,,1,"webOS (web-based); same as Samsung — depends on whether app uses IMA HTML5"
LG,maybe,1278376 India LG CTV https://,us.lgappstv.com,,1,"webOS (web-based); same as Samsung — depends on whether app uses IMA HTML5"
LG,maybe,1278376 Ireland LG CTV https://,us.lgappstv.com,,1,"webOS (web-based); same as Samsung — depends on whether app uses IMA HTML5"
LG,maybe,1278376 Israel LG CTV https://,us.lgappstv.com,,1,"webOS (web-based); same as Samsung — depends on whether app uses IMA HTML5"
LG,maybe,1278376 Italy LG CTV https://,us.lgappstv.com,,1,"webOS (web-based); same as Samsung — depends on whether app uses IMA HTML5"
LG,maybe,Best Of Gta 1278376 Jordan LG CTV not clickable https://,us.lgappstv.com,Playwork,1,"webOS (web-based); same as Samsung — depends on whether app uses IMA HTML5"
LG,maybe,Best Of Gta 1278376 Kazakhstan LG CTV not clickable https://,us.lgappstv.com,Playwork,1,"webOS (web-based); same as Samsung — depends on whether app uses IMA HTML5"
LG,maybe,Best Of Gta 1278376 Kenya LG CTV not clickable https://,us.lgappstv.com,Playwork,1,"webOS (web-based); same as Samsung — depends on whether app uses IMA HTML5"
LG,maybe,Best Of Gta 1278376 Mexico LG CTV not clickable https://,us.lgappstv.com,Playwork,1,"webOS (web-based); same as Samsung — depends on whether app uses IMA HTML5"
LG,maybe,Best Of Gta 1278376 New Zealand LG CTV not clickable https://,us.lgappstv.com,Playwork,1,"webOS (web-based); same as Samsung — depends on whether app uses IMA HTML5"
LG,maybe,Best Of Gta 1278376 Peru LG CTV not clickable https://,us.lgappstv.com,Playwork,1,"webOS (web-based); same as Samsung — depends on whether app uses IMA HTML5"
LG,maybe,Best Of Gta 1278376 Portugal LG CTV not clickable https://,us.lgappstv.com,Playwork,1,"webOS (web-based); same as Samsung — depends on whether app uses IMA HTML5"
LG,maybe,Best Of Gta 1278376 Qatar LG CTV not clickable https://,us.lgappstv.com,Playwork,1,"webOS (web-based); same as Samsung — depends on whether app uses IMA HTML5"
LG,maybe,Best Of Gta 1278376 Saudi Arabia LG CTV not clickable https://,us.lgappstv.com,Playwork,1,"webOS (web-based); same as Samsung — depends on whether app uses IMA HTML5"
LG,maybe,Best Of Gta 1278376 Somalia LG CTV not clickable https://,us.lgappstv.com,Playwork,1,"webOS (web-based); same as Samsung — depends on whether app uses IMA HTML5"
LG,maybe,Best Of Gta 1278376 Spain LG CTV not clickable https://,us.lgappstv.com,Playwork,1,"webOS (web-based); same as Samsung — depends on whether app uses IMA HTML5"
LG,maybe,Best Of Gta 1278376 Sweden LG CTV not clickable https://,us.lgappstv.com,Playwork,1,"webOS (web-based); same as Samsung — depends on whether app uses IMA HTML5"
LG,maybe,Best Of Gta 1278376 Switzerland LG CTV not clickable https://,us.lgappstv.com,Playwork,1,"webOS (web-based); same as Samsung — depends on whether app uses IMA HTML5"
LG,maybe,Best Of Gta 1278376 Turkey LG CTV not clickable https://,us.lgappstv.com,Playwork,1,"webOS (web-based); same as Samsung — depends on whether app uses IMA HTML5"
LG,maybe,Best Of Gta 1278376 United Arab Emirates LG CTV not clickable https://,us.lgappstv.com,Playwork,1,"webOS (web-based); same as Samsung — depends on whether app uses IMA HTML5"
LG,maybe,Best Of Gta 1278376 United Kingdom LG CTV not clickable https://,us.lgappstv.com,Playwork,1,"webOS (web-based); same as Samsung — depends on whether app uses IMA HTML5"
LG,maybe,Best Of Gta 1278376 United States LG CTV not clickable https://,us.lgappstv.com,Playwork,1,"webOS (web-based); same as Samsung — depends on whether app uses IMA HTML5"
Comcast,unlikely,Bestofamongus,com.comcast.best_of_gta,Playwork,1,"Xfinity X1 set-top box runs custom RDK runtime; usually SSAI"
Rogers,unlikely,Bestofamongus,com.rogers.best_of_gta,Playwork,1,"Cable STB; usually SSAI"
Comcast,unlikely,Bestofamongus,com.comcast.bestofamongus,Playwork,1,"Xfinity X1 set-top box runs custom RDK runtime; usually SSAI"
Cox,unlikely,Bestofamongus,com.cox.bestofamongus,Playwork,1,"Cable STB; usually SSAI"
LG,maybe,Bestofamongus 1270361 Argentina LG CTV not clickable https://,us.lgappstv.com,Playwork,1,"webOS (web-based); same as Samsung — depends on whether app uses IMA HTML5"
LG,maybe,1270361 Australia LG CTV https://,us.lgappstv.com,,1,"webOS (web-based); same as Samsung — depends on whether app uses IMA HTML5"
LG,maybe,1270361 Brazil LG CTV https://,us.lgappstv.com,,1,"webOS (web-based); same as Samsung — depends on whether app uses IMA HTML5"
LG,maybe,1270361 Canada LG CTV https://,us.lgappstv.com,,1,"webOS (web-based); same as Samsung — depends on whether app uses IMA HTML5"
LG,maybe,1270361 Chile LG CTV https://,us.lgappstv.com,,1,"webOS (web-based); same as Samsung — depends on whether app uses IMA HTML5"
LG,maybe,1270361 Colombia LG CTV https://,us.lgappstv.com,,1,"webOS (web-based); same as Samsung — depends on whether app uses IMA HTML5"
LG,maybe,1270361 Czech Republic LG CTV https://,us.lgappstv.com,,1,"webOS (web-based); same as Samsung — depends on whether app uses IMA HTML5"
LG,maybe,1270361 Guatemala LG CTV https://,us.lgappstv.com,,1,"webOS (web-based); same as Samsung — depends on whether app uses IMA HTML5"
LG,maybe,1270361 Honduras LG CTV https://,us.lgappstv.com,,1,"webOS (web-based); same as Samsung — depends on whether app uses IMA HTML5"
LG,maybe,1270361 Mexico LG CTV https://,us.lgappstv.com,,1,"webOS (web-based); same as Samsung — depends on whether app uses IMA HTML5"
LG,maybe,1270361 Norway LG CTV https://,us.lgappstv.com,,1,"webOS (web-based); same as Samsung — depends on whether app uses IMA HTML5"
LG,maybe,1270361 Peru LG CTV https://,us.lgappstv.com,,1,"webOS (web-based); same as Samsung — depends on whether app uses IMA HTML5"
LG,maybe,1270361 Thailand LG CTV https://,us.lgappstv.com,,1,"webOS (web-based); same as Samsung — depends on whether app uses IMA HTML5"
LG,maybe,1270361 United States LG CTV https://,us.lgappstv.com,,1,"webOS (web-based); same as Samsung — depends on whether app uses IMA HTML5"
LG,maybe,1270631 Australia LG CTV https://,us.lgappstv.com,,1,"webOS (web-based); same as Samsung — depends on whether app uses IMA HTML5"
LG,maybe,1270631 Brazil LG CTV https://,us.lgappstv.com,,1,"webOS (web-based); same as Samsung — depends on whether app uses IMA HTML5"
LG,maybe,1270631 Canada LG CTV https://,us.lgappstv.com,,1,"webOS (web-based); same as Samsung — depends on whether app uses IMA HTML5"
LG,maybe,1270631 Chile LG CTV https://,us.lgappstv.com,,1,"webOS (web-based); same as Samsung — depends on whether app uses IMA HTML5"
LG,maybe,1270631 Colombia LG CTV https://,us.lgappstv.com,,1,"webOS (web-based); same as Samsung — depends on whether app uses IMA HTML5"
LG,maybe,1270631 Denmark LG CTV https://,us.lgappstv.com,,1,"webOS (web-based); same as Samsung — depends on whether app uses IMA HTML5"
LG,maybe,1270631 Egypt LG CTV https://,us.lgappstv.com,,1,"webOS (web-based); same as Samsung — depends on whether app uses IMA HTML5"
LG,maybe,1270631 France LG CTV https://,us.lgappstv.com,,1,"webOS (web-based); same as Samsung — depends on whether app uses IMA HTML5"
LG,maybe,1270631 India LG CTV https://,us.lgappstv.com,,1,"webOS (web-based); same as Samsung — depends on whether app uses IMA HTML5"
LG,maybe,1270631 Indonesia LG CTV https://,us.lgappstv.com,,1,"webOS (web-based); same as Samsung — depends on whether app uses IMA HTML5"
LG,maybe,1270631 Ireland LG CTV https://,us.lgappstv.com,,1,"webOS (web-based); same as Samsung — depends on whether app uses IMA HTML5"
LG,maybe,1270631 Israel LG CTV https://,us.lgappstv.com,,1,"webOS (web-based); same as Samsung — depends on whether app uses IMA HTML5"
LG,maybe,1270631 Italy LG CTV https://,us.lgappstv.com,,1,"webOS (web-based); same as Samsung — depends on whether app uses IMA HTML5"
LG,maybe,1270631 Kenya LG CTV https://,us.lgappstv.com,,1,"webOS (web-based); same as Samsung — depends on whether app uses IMA HTML5"
LG,maybe,1270631 Malaysia LG CTV https://,us.lgappstv.com,,1,"webOS (web-based); same as Samsung — depends on whether app uses IMA HTML5"
LG,maybe,1270631 Mexico LG CTV https://,us.lgappstv.com,,1,"webOS (web-based); same as Samsung — depends on whether app uses IMA HTML5"
LG,maybe,1270631 Morocco LG CTV https://,us.lgappstv.com,,1,"webOS (web-based); same as Samsung — depends on whether app uses IMA HTML5"
LG,maybe,1270631 Netherlands LG CTV https://,us.lgappstv.com,,1,"webOS (web-based); same as Samsung — depends on whether app uses IMA HTML5"
LG,maybe,1270631 New Zealand LG CTV https://,us.lgappstv.com,,1,"webOS (web-based); same as Samsung — depends on whether app uses IMA HTML5"
LG,maybe,1270631 Nicaragua LG CTV https://,us.lgappstv.com,,1,"webOS (web-based); same as Samsung — depends on whether app uses IMA HTML5"
LG,maybe,1270631 Norway LG CTV https://,us.lgappstv.com,,1,"webOS (web-based); same as Samsung — depends on whether app uses IMA HTML5"
LG,maybe,1270631 Oman LG CTV https://,us.lgappstv.com,,1,"webOS (web-based); same as Samsung — depends on whether app uses IMA HTML5"
LG,maybe,1270631 Peru LG CTV https://,us.lgappstv.com,,1,"webOS (web-based); same as Samsung — depends on whether app uses IMA HTML5"
LG,maybe,1270631 Philippines LG CTV https://,us.lgappstv.com,,1,"webOS (web-based); same as Samsung — depends on whether app uses IMA HTML5"
LG,maybe,Bestofamongus 1270631 Poland LG CTV not clickable https://,us.lgappstv.com,Playwork,1,"webOS (web-based); same as Samsung — depends on whether app uses IMA HTML5"
LG,maybe,Bestofamongus 1270631 Saudi Arabia LG CTV not clickable https://,us.lgappstv.com,Playwork,1,"webOS (web-based); same as Samsung — depends on whether app uses IMA HTML5"
LG,maybe,Bestofamongus 1270631 Spain LG CTV not clickable https://,us.lgappstv.com,Playwork,1,"webOS (web-based); same as Samsung — depends on whether app uses IMA HTML5"
LG,maybe,Bestofamongus 1270631 Sweden LG CTV not clickable https://,us.lgappstv.com,Playwork,1,"webOS (web-based); same as Samsung — depends on whether app uses IMA HTML5"
LG,maybe,Bestofamongus 1270631 Turkey LG CTV not clickable https://,us.lgappstv.com,Playwork,1,"webOS (web-based); same as Samsung — depends on whether app uses IMA HTML5"
LG,maybe,Bestofamongus 1270631 United Kingdom LG CTV not clickable https://,us.lgappstv.com,Playwork,1,"webOS (web-based); same as Samsung — depends on whether app uses IMA HTML5"
LG,maybe,Bestofamongus 1270631 United States LG CTV not clickable https://,us.lgappstv.com,Playwork,1,"webOS (web-based); same as Samsung — depends on whether app uses IMA HTML5"
Roku,no,Bestofamongus 622900 United States Roku CTV not clickable https://,channelstore.roku.com,Playwork,1,"Roku uses Roku Ad Framework (RAF) + BrightLine/Innovid; no first-party SIMID"
Samsung,maybe,Bestofamongus G20251015478 Australia Samsung CTV not clickable https://,www.samsung.com,Playwork,1,"Tizen (web-based); SIMID renders if app uses IMA HTML5 — most use Samsung Ads stack instead"
Samsung,maybe,Bestofamongus G20251015478 United States Samsung CTV not clickable https://,www.samsung.com,Playwork,1,"Tizen (web-based); SIMID renders if app uses IMA HTML5 — most use Samsung Ads stack instead"
Samsung,maybe,Bestoffortnite G20251015478 Argentina Samsung CTV not clickable https://,www.samsung.com,Playwork,1,"Tizen (web-based); SIMID renders if app uses IMA HTML5 — most use Samsung Ads stack instead"
Samsung,maybe,Bestoffortnite G20251015478 Brazil Samsung CTV not clickable https://,www.samsung.com,Playwork,1,"Tizen (web-based); SIMID renders if app uses IMA HTML5 — most use Samsung Ads stack instead"
Samsung,maybe,Bestoffortnite G20251015478 Canada Samsung CTV not clickable https://,www.samsung.com,Playwork,1,"Tizen (web-based); SIMID renders if app uses IMA HTML5 — most use Samsung Ads stack instead"
Samsung,maybe,Bestoffortnite G20251015478 Chile Samsung CTV not clickable https://,www.samsung.com,Playwork,1,"Tizen (web-based); SIMID renders if app uses IMA HTML5 — most use Samsung Ads stack instead"
Samsung,maybe,Bestoffortnite G20251015478 Colombia Samsung CTV not clickable https://,www.samsung.com,Playwork,1,"Tizen (web-based); SIMID renders if app uses IMA HTML5 — most use Samsung Ads stack instead"
Samsung,maybe,Bestoffortnite G20251015478 Mexico Samsung CTV not clickable https://,www.samsung.com,Playwork,1,"Tizen (web-based); SIMID renders if app uses IMA HTML5 — most use Samsung Ads stack instead"
Samsung,maybe,Bestoffortnite G20251015478 Peru Samsung CTV not clickable https://,www.samsung.com,Playwork,1,"Tizen (web-based); SIMID renders if app uses IMA HTML5 — most use Samsung Ads stack instead"
Roku,no,622900 Brazil Roku CTV https://,channelstore.roku.com,,1,"Roku uses Roku Ad Framework (RAF) + BrightLine/Innovid; no first-party SIMID"
Roku,no,622900 Canada Roku CTV https://,channelstore.roku.com,,1,"Roku uses Roku Ad Framework (RAF) + BrightLine/Innovid; no first-party SIMID"
Roku,no,622900 Chile Roku CTV https://,channelstore.roku.com,,1,"Roku uses Roku Ad Framework (RAF) + BrightLine/Innovid; no first-party SIMID"
Roku,no,622900 Colombia Roku CTV https://,channelstore.roku.com,,1,"Roku uses Roku Ad Framework (RAF) + BrightLine/Innovid; no first-party SIMID"
Roku,no,622900 Costa Rica Roku CTV https://,channelstore.roku.com,,1,"Roku uses Roku Ad Framework (RAF) + BrightLine/Innovid; no first-party SIMID"
Roku,no,622900 Dominican Republic Roku CTV https://,channelstore.roku.com,,1,"Roku uses Roku Ad Framework (RAF) + BrightLine/Innovid; no first-party SIMID"
Roku,no,622900 Guatemala Roku CTV https://,channelstore.roku.com,,1,"Roku uses Roku Ad Framework (RAF) + BrightLine/Innovid; no first-party SIMID"
Roku,no,622900 Japan Roku CTV https://,channelstore.roku.com,,1,"Roku uses Roku Ad Framework (RAF) + BrightLine/Innovid; no first-party SIMID"
Roku,no,622900 Mexico Roku CTV https://,channelstore.roku.com,,1,"Roku uses Roku Ad Framework (RAF) + BrightLine/Innovid; no first-party SIMID"
Roku,no,622900 Puerto Rico Roku CTV https://,channelstore.roku.com,,1,"Roku uses Roku Ad Framework (RAF) + BrightLine/Innovid; no first-party SIMID"
Roku,no,622900 United Arab Emirates Roku CTV https://,channelstore.roku.com,,1,"Roku uses Roku Ad Framework (RAF) + BrightLine/Innovid; no first-party SIMID"
Roku,no,622900 Venezuela Roku CTV https://,channelstore.roku.com,,1,"Roku uses Roku Ad Framework (RAF) + BrightLine/Innovid; no first-party SIMID"
Roku,no,622900 Virgin Islands  U.S. Roku CTV https://,channelstore.roku.com,,1,"Roku uses Roku Ad Framework (RAF) + BrightLine/Innovid; no first-party SIMID"
Rogers,unlikely,,com.rogers.bestofamongus,,1,"Cable STB; usually SSAI"
Comcast,unlikely,,com.comcast.bestoffortnite,,1,"Xfinity X1 set-top box runs custom RDK runtime; usually SSAI"
Cox,unlikely,,com.cox.bestoffortnite,,1,"Cable STB; usually SSAI"
Rogers,unlikely,,com.rogers.bestoffortnite,,1,"Cable STB; usually SSAI"
Comcast,unlikely,Bestofgaminganimation,com.comcast.bestofgaminganimation,Playwork,1,"Xfinity X1 set-top box runs custom RDK runtime; usually SSAI"
Cox,unlikely,Bestofgaminganimation,com.cox.bestofgaminganimation,Playwork,1,"Cable STB; usually SSAI"
Roku,no,Bestofgaminganimation 637142 United States Roku CTV not clickable https://,channelstore.roku.com,Playwork,1,"Roku uses Roku Ad Framework (RAF) + BrightLine/Innovid; no first-party SIMID"
Vizio,maybe,Bestofgaminganimation,vizio.bestofgaminganimation,Playwork,1,"SmartCast (web-based); SIMID renders if app uses IMA HTML5"
Comcast,unlikely,Bestofminecraft,com.comcast.bestofgaminganimation,Playwork,1,"Xfinity X1 set-top box runs custom RDK runtime; usually SSAI"
Roku,no,Bestofminecraft 637142 Mexico Roku CTV not clickable https://,channelstore.roku.com,Playwork,1,"Roku uses Roku Ad Framework (RAF) + BrightLine/Innovid; no first-party SIMID"
Roku,no,Bestofminecraft 637142 Brazil Roku CTV not clickable https://,channelstore.roku.com,Playwork,1,"Roku uses Roku Ad Framework (RAF) + BrightLine/Innovid; no first-party SIMID"
Roku,no,Bestofminecraft 637142 Canada Roku CTV not clickable https://,channelstore.roku.com,Playwork,1,"Roku uses Roku Ad Framework (RAF) + BrightLine/Innovid; no first-party SIMID"
Vizio,maybe,Bestofminecraft,vizio.bestofgaminganimation,Playwork,1,"SmartCast (web-based); SIMID renders if app uses IMA HTML5"
Roku,no,Bestofminecraft 639815 United States Roku CTV not clickable https://,channelstore.roku.com,Playwork,1,"Roku uses Roku Ad Framework (RAF) + BrightLine/Innovid; no first-party SIMID"
Roku,no,Bestofminecraft 809589 United States Roku CTV not clickable https://,channelstore.roku.com,Playwork,1,"Roku uses Roku Ad Framework (RAF) + BrightLine/Innovid; no first-party SIMID"
Roku,no,Bestofminecraft 809589 Canada Roku CTV not clickable https://,channelstore.roku.com,Playwork,1,"Roku uses Roku Ad Framework (RAF) + BrightLine/Innovid; no first-party SIMID"
Roku,no,Bestofminecraft 809589 Mexico Roku CTV not clickable https://,channelstore.roku.com,Playwork,1,"Roku uses Roku Ad Framework (RAF) + BrightLine/Innovid; no first-party SIMID"
Roku,no,Bestofminecraft 809589 Brazil Roku CTV not clickable https://,channelstore.roku.com,Playwork,1,"Roku uses Roku Ad Framework (RAF) + BrightLine/Innovid; no first-party SIMID"
Roku,no,809589 Chile Roku CTV https://,channelstore.roku.com,,1,"Roku uses Roku Ad Framework (RAF) + BrightLine/Innovid; no first-party SIMID"
Roku,no,809589 Puerto Rico Roku CTV https://,channelstore.roku.com,,1,"Roku uses Roku Ad Framework (RAF) + BrightLine/Innovid; no first-party SIMID"
Cox,unlikely,,com.cox.bestofminecraft,,1,"Cable STB; usually SSAI"
LG,maybe,1270162 Andorra LG CTV https://,us.lgappstv.com,,1,"webOS (web-based); same as Samsung — depends on whether app uses IMA HTML5"
LG,maybe,1270162 Argentina LG CTV https://,us.lgappstv.com,,1,"webOS (web-based); same as Samsung — depends on whether app uses IMA HTML5"
LG,maybe,1270162 Australia LG CTV https://,us.lgappstv.com,,1,"webOS (web-based); same as Samsung — depends on whether app uses IMA HTML5"
LG,maybe,1270162 Belgium LG CTV https://,us.lgappstv.com,,1,"webOS (web-based); same as Samsung — depends on whether app uses IMA HTML5"
LG,maybe,1270162 Brazil LG CTV https://,us.lgappstv.com,,1,"webOS (web-based); same as Samsung — depends on whether app uses IMA HTML5"
LG,maybe,1270162 Bulgaria LG CTV https://,us.lgappstv.com,,1,"webOS (web-based); same as Samsung — depends on whether app uses IMA HTML5"
LG,maybe,1270162 Canada LG CTV https://,us.lgappstv.com,,1,"webOS (web-based); same as Samsung — depends on whether app uses IMA HTML5"
LG,maybe,1270162 Chile LG CTV https://,us.lgappstv.com,,1,"webOS (web-based); same as Samsung — depends on whether app uses IMA HTML5"
LG,maybe,1270162 Colombia LG CTV https://,us.lgappstv.com,,1,"webOS (web-based); same as Samsung — depends on whether app uses IMA HTML5"
LG,maybe,1270162 Croatia LG CTV https://,us.lgappstv.com,,1,"webOS (web-based); same as Samsung — depends on whether app uses IMA HTML5"
LG,maybe,1270162 Czech Republic LG CTV https://,us.lgappstv.com,,1,"webOS (web-based); same as Samsung — depends on whether app uses IMA HTML5"
LG,maybe,1270162 Ecuador LG CTV https://,us.lgappstv.com,,1,"webOS (web-based); same as Samsung — depends on whether app uses IMA HTML5"
LG,maybe,1270162 Egypt LG CTV https://,us.lgappstv.com,,1,"webOS (web-based); same as Samsung — depends on whether app uses IMA HTML5"
LG,maybe,1270162 Faroe Islands LG CTV https://,us.lgappstv.com,,1,"webOS (web-based); same as Samsung — depends on whether app uses IMA HTML5"
LG,maybe,1270162 Finland LG CTV https://,us.lgappstv.com,,1,"webOS (web-based); same as Samsung — depends on whether app uses IMA HTML5"
LG,maybe,1270162 France LG CTV https://,us.lgappstv.com,,1,"webOS (web-based); same as Samsung — depends on whether app uses IMA HTML5"
LG,maybe,1270162 Germany LG CTV https://,us.lgappstv.com,,1,"webOS (web-based); same as Samsung — depends on whether app uses IMA HTML5"
LG,maybe,1270162 Greece LG CTV https://,us.lgappstv.com,,1,"webOS (web-based); same as Samsung — depends on whether app uses IMA HTML5"
LG,maybe,1270162 Guatemala LG CTV https://,us.lgappstv.com,,1,"webOS (web-based); same as Samsung — depends on whether app uses IMA HTML5"
LG,maybe,1270162 Honduras LG CTV https://,us.lgappstv.com,,1,"webOS (web-based); same as Samsung — depends on whether app uses IMA HTML5"
LG,maybe,1270162 Hong Kong LG CTV https://,us.lgappstv.com,,1,"webOS (web-based); same as Samsung — depends on whether app uses IMA HTML5"
LG,maybe,1270162 Hungary LG CTV https://,us.lgappstv.com,,1,"webOS (web-based); same as Samsung — depends on whether app uses IMA HTML5"
LG,maybe,1270162 India LG CTV https://,us.lgappstv.com,,1,"webOS (web-based); same as Samsung — depends on whether app uses IMA HTML5"
LG,maybe,1270162 Iraq LG CTV https://,us.lgappstv.com,,1,"webOS (web-based); same as Samsung — depends on whether app uses IMA HTML5"
LG,maybe,1270162 Ireland LG CTV https://,us.lgappstv.com,,1,"webOS (web-based); same as Samsung — depends on whether app uses IMA HTML5"
LG,maybe,1270162 Italy LG CTV https://,us.lgappstv.com,,1,"webOS (web-based); same as Samsung — depends on whether app uses IMA HTML5"
LG,maybe,1270162 Japan LG CTV https://,us.lgappstv.com,,1,"webOS (web-based); same as Samsung — depends on whether app uses IMA HTML5"
LG,maybe,1270162 Kenya LG CTV https://,us.lgappstv.com,,1,"webOS (web-based); same as Samsung — depends on whether app uses IMA HTML5"
LG,maybe,1270162 Latvia LG CTV https://,us.lgappstv.com,,1,"webOS (web-based); same as Samsung — depends on whether app uses IMA HTML5"
LG,maybe,1270162 Macedonia LG CTV https://,us.lgappstv.com,,1,"webOS (web-based); same as Samsung — depends on whether app uses IMA HTML5"
LG,maybe,1270162 Malaysia LG CTV https://,us.lgappstv.com,,1,"webOS (web-based); same as Samsung — depends on whether app uses IMA HTML5"
LG,maybe,1270162 Mexico LG CTV https://,us.lgappstv.com,,1,"webOS (web-based); same as Samsung — depends on whether app uses IMA HTML5"
LG,maybe,Bestofminecraft 1270162 Moldova  Republic of LG CTV not clickable https://,us.lgappstv.com,Playwork,1,"webOS (web-based); same as Samsung — depends on whether app uses IMA HTML5"
LG,maybe,Bestofminecraft 1270162 Morocco LG CTV not clickable https://,us.lgappstv.com,Playwork,1,"webOS (web-based); same as Samsung — depends on whether app uses IMA HTML5"
LG,maybe,Bestofminecraft 1270162 Netherlands LG CTV not clickable https://,us.lgappstv.com,Playwork,1,"webOS (web-based); same as Samsung — depends on whether app uses IMA HTML5"
LG,maybe,Bestofminecraft 1270162 New Zealand LG CTV not clickable https://,us.lgappstv.com,Playwork,1,"webOS (web-based); same as Samsung — depends on whether app uses IMA HTML5"
LG,maybe,Bestofminecraft 1270162 Nicaragua LG CTV not clickable https://,us.lgappstv.com,Playwork,1,"webOS (web-based); same as Samsung — depends on whether app uses IMA HTML5"
LG,maybe,Bestofminecraft 1270162 Nigeria LG CTV not clickable https://,us.lgappstv.com,Playwork,1,"webOS (web-based); same as Samsung — depends on whether app uses IMA HTML5"
LG,maybe,Bestofminecraft 1270162 Norway LG CTV not clickable https://,us.lgappstv.com,Playwork,1,"webOS (web-based); same as Samsung — depends on whether app uses IMA HTML5"
LG,maybe,Bestofminecraft 1270162 Oman LG CTV not clickable https://,us.lgappstv.com,Playwork,1,"webOS (web-based); same as Samsung — depends on whether app uses IMA HTML5"
LG,maybe,Bestofminecraft 1270162 Peru LG CTV not clickable https://,us.lgappstv.com,Playwork,1,"webOS (web-based); same as Samsung — depends on whether app uses IMA HTML5"
LG,maybe,Bestofminecraft 1270162 Philippines LG CTV not clickable https://,us.lgappstv.com,Playwork,1,"webOS (web-based); same as Samsung — depends on whether app uses IMA HTML5"
LG,maybe,Bestofminecraft 1270162 Poland LG CTV not clickable https://,us.lgappstv.com,Playwork,1,"webOS (web-based); same as Samsung — depends on whether app uses IMA HTML5"
LG,maybe,Bestofminecraft 1270162 Portugal LG CTV not clickable https://,us.lgappstv.com,Playwork,1,"webOS (web-based); same as Samsung — depends on whether app uses IMA HTML5"
LG,maybe,Bestofminecraft 1270162 Qatar LG CTV not clickable https://,us.lgappstv.com,Playwork,1,"webOS (web-based); same as Samsung — depends on whether app uses IMA HTML5"
LG,maybe,Bestofminecraft 1270162 Romania LG CTV not clickable https://,us.lgappstv.com,Playwork,1,"webOS (web-based); same as Samsung — depends on whether app uses IMA HTML5"
LG,maybe,Bestofminecraft 1270162 Saudi Arabia LG CTV not clickable https://,us.lgappstv.com,Playwork,1,"webOS (web-based); same as Samsung — depends on whether app uses IMA HTML5"
LG,maybe,Bestofminecraft 1270162 Singapore LG CTV not clickable https://,us.lgappstv.com,Playwork,1,"webOS (web-based); same as Samsung — depends on whether app uses IMA HTML5"
LG,maybe,Bestofminecraft 1270162 Spain LG CTV not clickable https://,us.lgappstv.com,Playwork,1,"webOS (web-based); same as Samsung — depends on whether app uses IMA HTML5"
LG,maybe,Bestofminecraft 1270162 Sweden LG CTV not clickable https://,us.lgappstv.com,Playwork,1,"webOS (web-based); same as Samsung — depends on whether app uses IMA HTML5"
LG,maybe,Bestofminecraft 1270162 Thailand LG CTV not clickable https://,us.lgappstv.com,Playwork,1,"webOS (web-based); same as Samsung — depends on whether app uses IMA HTML5"
LG,maybe,Bestofminecraft 1270162 Turkey LG CTV not clickable https://,us.lgappstv.com,Playwork,1,"webOS (web-based); same as Samsung — depends on whether app uses IMA HTML5"
LG,maybe,Bestofminecraft 1270162 United States LG CTV not clickable https://,us.lgappstv.com,Playwork,1,"webOS (web-based); same as Samsung — depends on whether app uses IMA HTML5"
Roku,no,Bestofminecraft 634822 United States Roku CTV not clickable https://,channelstore.roku.com,Playwork,1,"Roku uses Roku Ad Framework (RAF) + BrightLine/Innovid; no first-party SIMID"
Vizio,maybe,Bestofminecraft,vizio.bestofminecraft,Playwork,1,"SmartCast (web-based); SIMID renders if app uses IMA HTML5"
Roku,no,634822 Canada Roku CTV https://,channelstore.roku.com,,1,"Roku uses Roku Ad Framework (RAF) + BrightLine/Innovid; no first-party SIMID"
Roku,no,634822 Mexico Roku CTV https://,channelstore.roku.com,,1,"Roku uses Roku Ad Framework (RAF) + BrightLine/Innovid; no first-party SIMID"
Roku,no,634822 Brazil Roku CTV https://,channelstore.roku.com,,1,"Roku uses Roku Ad Framework (RAF) + BrightLine/Innovid; no first-party SIMID"
Roku,no,634822 Japan Roku CTV https://,channelstore.roku.com,,1,"Roku uses Roku Ad Framework (RAF) + BrightLine/Innovid; no first-party SIMID"
Roku,no,634822 Puerto Rico Roku CTV https://,channelstore.roku.com,,1,"Roku uses Roku Ad Framework (RAF) + BrightLine/Innovid; no first-party SIMID"
Roku,no,634822 Chile Roku CTV https://,channelstore.roku.com,,1,"Roku uses Roku Ad Framework (RAF) + BrightLine/Innovid; no first-party SIMID"
Roku,no,634822 Costa Rica Roku CTV https://,channelstore.roku.com,,1,"Roku uses Roku Ad Framework (RAF) + BrightLine/Innovid; no first-party SIMID"
Rogers,unlikely,,com.rogers.bestofminecraft,,1,"Cable STB; usually SSAI"
Roku,no,Bestofreacts 614371 United States Roku CTV not clickable https://,channelstore.roku.com,Playwork,1,"Roku uses Roku Ad Framework (RAF) + BrightLine/Innovid; no first-party SIMID"
Roku,no,Bestofreacts 614371 Canada Roku CTV not clickable https://,channelstore.roku.com,Playwork,1,"Roku uses Roku Ad Framework (RAF) + BrightLine/Innovid; no first-party SIMID"
Roku,no,Bestofroblox 614371 Korea  Republic of Roku CTV not clickable https://,channelstore.roku.com,Playwork,1,"Roku uses Roku Ad Framework (RAF) + BrightLine/Innovid; no first-party SIMID"
Comcast,unlikely,Bestofroblox,com.comcast.bestofroblox,Playwork,1,"Xfinity X1 set-top box runs custom RDK runtime; usually SSAI"
Cox,unlikely,Bestofroblox,com.cox.bestofroblox,Playwork,1,"Cable STB; usually SSAI"
LG,maybe,Bestofroblox 1270159 Algeria LG CTV not clickable https://,us.lgappstv.com,Playwork,1,"webOS (web-based); same as Samsung — depends on whether app uses IMA HTML5"
LG,maybe,Bestofroblox 1270159 Argentina LG CTV not clickable https://,us.lgappstv.com,Playwork,1,"webOS (web-based); same as Samsung — depends on whether app uses IMA HTML5"
LG,maybe,Bestofroblox 1270159 Australia LG CTV not clickable https://,us.lgappstv.com,Playwork,1,"webOS (web-based); same as Samsung — depends on whether app uses IMA HTML5"
LG,maybe,Bestofroblox 1270159 Belgium LG CTV not clickable https://,us.lgappstv.com,Playwork,1,"webOS (web-based); same as Samsung — depends on whether app uses IMA HTML5"
LG,maybe,Bestofroblox 1270159 Brazil LG CTV not clickable https://,us.lgappstv.com,Playwork,1,"webOS (web-based); same as Samsung — depends on whether app uses IMA HTML5"
LG,maybe,Bestofroblox 1270159 Cambodia LG CTV not clickable https://,us.lgappstv.com,Playwork,1,"webOS (web-based); same as Samsung — depends on whether app uses IMA HTML5"
LG,maybe,Bestofroblox 1270159 Canada LG CTV not clickable https://,us.lgappstv.com,Playwork,1,"webOS (web-based); same as Samsung — depends on whether app uses IMA HTML5"
LG,maybe,Bestofroblox 1270159 Chile LG CTV not clickable https://,us.lgappstv.com,Playwork,1,"webOS (web-based); same as Samsung — depends on whether app uses IMA HTML5"
LG,maybe,Bestofroblox 1270159 Colombia LG CTV not clickable https://,us.lgappstv.com,Playwork,1,"webOS (web-based); same as Samsung — depends on whether app uses IMA HTML5"
LG,maybe,Bestofroblox 1270159 Czech Republic LG CTV not clickable https://,us.lgappstv.com,Playwork,1,"webOS (web-based); same as Samsung — depends on whether app uses IMA HTML5"
LG,maybe,Bestofroblox 1270159 Denmark LG CTV not clickable https://,us.lgappstv.com,Playwork,1,"webOS (web-based); same as Samsung — depends on whether app uses IMA HTML5"
LG,maybe,Bestofroblox 1270159 Ecuador LG CTV not clickable https://,us.lgappstv.com,Playwork,1,"webOS (web-based); same as Samsung — depends on whether app uses IMA HTML5"
LG,maybe,Bestofroblox 1270159 Egypt LG CTV not clickable https://,us.lgappstv.com,Playwork,1,"webOS (web-based); same as Samsung — depends on whether app uses IMA HTML5"
LG,maybe,Bestofroblox 1270159 El Salvador LG CTV not clickable https://,us.lgappstv.com,Playwork,1,"webOS (web-based); same as Samsung — depends on whether app uses IMA HTML5"
LG,maybe,Bestofroblox 1270159 Finland LG CTV not clickable https://,us.lgappstv.com,Playwork,1,"webOS (web-based); same as Samsung — depends on whether app uses IMA HTML5"
LG,maybe,Bestofroblox 1270159 France LG CTV not clickable https://,us.lgappstv.com,Playwork,1,"webOS (web-based); same as Samsung — depends on whether app uses IMA HTML5"
LG,maybe,Bestofroblox 1270159 Germany LG CTV not clickable https://,us.lgappstv.com,Playwork,1,"webOS (web-based); same as Samsung — depends on whether app uses IMA HTML5"
LG,maybe,Bestofroblox 1270159 Greece LG CTV not clickable https://,us.lgappstv.com,Playwork,1,"webOS (web-based); same as Samsung — depends on whether app uses IMA HTML5"
LG,maybe,Bestofroblox 1270159 Guatemala LG CTV not clickable https://,us.lgappstv.com,Playwork,1,"webOS (web-based); same as Samsung — depends on whether app uses IMA HTML5"
LG,maybe,Bestofroblox 1270159 Hong Kong LG CTV not clickable https://,us.lgappstv.com,Playwork,1,"webOS (web-based); same as Samsung — depends on whether app uses IMA HTML5"
LG,maybe,Bestofroblox 1270159 India LG CTV not clickable https://,us.lgappstv.com,Playwork,1,"webOS (web-based); same as Samsung — depends on whether app uses IMA HTML5"
LG,maybe,Bestofroblox 1270159 Indonesia LG CTV not clickable https://,us.lgappstv.com,Playwork,1,"webOS (web-based); same as Samsung — depends on whether app uses IMA HTML5"
LG,maybe,Bestofroblox 1270159 Ireland LG CTV not clickable https://,us.lgappstv.com,Playwork,1,"webOS (web-based); same as Samsung — depends on whether app uses IMA HTML5"
LG,maybe,Bestofroblox 1270159 Israel LG CTV not clickable https://,us.lgappstv.com,Playwork,1,"webOS (web-based); same as Samsung — depends on whether app uses IMA HTML5"
LG,maybe,Bestofroblox 1270159 Italy LG CTV not clickable https://,us.lgappstv.com,Playwork,1,"webOS (web-based); same as Samsung — depends on whether app uses IMA HTML5"
LG,maybe,Bestofroblox 1270159 Jordan LG CTV not clickable https://,us.lgappstv.com,Playwork,1,"webOS (web-based); same as Samsung — depends on whether app uses IMA HTML5"
LG,maybe,Bestofroblox 1270159 Kazakhstan LG CTV not clickable https://,us.lgappstv.com,Playwork,1,"webOS (web-based); same as Samsung — depends on whether app uses IMA HTML5"
LG,maybe,Bestofroblox 1270159 Mexico LG CTV not clickable https://,us.lgappstv.com,Playwork,1,"webOS (web-based); same as Samsung — depends on whether app uses IMA HTML5"
LG,maybe,Bestofroblox 1270159 Morocco LG CTV not clickable https://,us.lgappstv.com,Playwork,1,"webOS (web-based); same as Samsung — depends on whether app uses IMA HTML5"
LG,maybe,Bestofroblox 1270159 New Zealand LG CTV not clickable https://,us.lgappstv.com,Playwork,1,"webOS (web-based); same as Samsung — depends on whether app uses IMA HTML5"
LG,maybe,Bestofroblox 1270159 Norway LG CTV not clickable https://,us.lgappstv.com,Playwork,1,"webOS (web-based); same as Samsung — depends on whether app uses IMA HTML5"
LG,maybe,1270159 Peru LG CTV https://,us.lgappstv.com,,1,"webOS (web-based); same as Samsung — depends on whether app uses IMA HTML5"
LG,maybe,1270159 Philippines LG CTV https://,us.lgappstv.com,,1,"webOS (web-based); same as Samsung — depends on whether app uses IMA HTML5"
LG,maybe,1270159 Poland LG CTV https://,us.lgappstv.com,,1,"webOS (web-based); same as Samsung — depends on whether app uses IMA HTML5"
LG,maybe,1270159 Portugal LG CTV https://,us.lgappstv.com,,1,"webOS (web-based); same as Samsung — depends on whether app uses IMA HTML5"
LG,maybe,1270159 Romania LG CTV https://,us.lgappstv.com,,1,"webOS (web-based); same as Samsung — depends on whether app uses IMA HTML5"
LG,maybe,1270159 Saudi Arabia LG CTV https://,us.lgappstv.com,,1,"webOS (web-based); same as Samsung — depends on whether app uses IMA HTML5"
LG,maybe,1270159 Singapore LG CTV https://,us.lgappstv.com,,1,"webOS (web-based); same as Samsung — depends on whether app uses IMA HTML5"
LG,maybe,1270159 Slovakia LG CTV https://,us.lgappstv.com,,1,"webOS (web-based); same as Samsung — depends on whether app uses IMA HTML5"
LG,maybe,1270159 Spain LG CTV https://,us.lgappstv.com,,1,"webOS (web-based); same as Samsung — depends on whether app uses IMA HTML5"
LG,maybe,1270159 Sweden LG CTV https://,us.lgappstv.com,,1,"webOS (web-based); same as Samsung — depends on whether app uses IMA HTML5"
LG,maybe,1270159 Thailand LG CTV https://,us.lgappstv.com,,1,"webOS (web-based); same as Samsung — depends on whether app uses IMA HTML5"
LG,maybe,1270159 Turkey LG CTV https://,us.lgappstv.com,,1,"webOS (web-based); same as Samsung — depends on whether app uses IMA HTML5"
LG,maybe,1270159 United Arab Emirates LG CTV https://,us.lgappstv.com,,1,"webOS (web-based); same as Samsung — depends on whether app uses IMA HTML5"
LG,maybe,1270159 United States LG CTV https://,us.lgappstv.com,,1,"webOS (web-based); same as Samsung — depends on whether app uses IMA HTML5"
Roku,no,635922 United States Roku CTV https://,channelstore.roku.com,,1,"Roku uses Roku Ad Framework (RAF) + BrightLine/Innovid; no first-party SIMID"
Vizio,maybe,,vizio.bestofroblox,,1,"SmartCast (web-based); SIMID renders if app uses IMA HTML5"
Samsung,maybe,Bestoftiktokreactions,com.samsung.bestofroblox,Playwork,1,"Tizen (web-based); SIMID renders if app uses IMA HTML5 — most use Samsung Ads stack instead"
Samsung,maybe,Billyperry,com.samsung.bestofroblox,Playwork,1,"Tizen (web-based); SIMID renders if app uses IMA HTML5 — most use Samsung Ads stack instead"
Samsung,unlikely,Black Cinema %26 Tv By Fawesome,com.samsung.bestofroblox,WURL,1,"Tizen (web-based); SIMID renders if app uses IMA HTML5 — most use Samsung Ads stack instead | app-name pattern suggests FAST/24h channel → SSAI typical | publisher_source = WURL (Roku-owned FAST distribution → SSAI typical)"
Comcast,unlikely,Bloo,com.comcast.bestofroblox,Playwork,1,"Xfinity X1 set-top box runs custom RDK runtime; usually SSAI"
Roku,no,Bloo 635922 Canada Roku CTV not clickable https://,channelstore.roku.com,Playwork,1,"Roku uses Roku Ad Framework (RAF) + BrightLine/Innovid; no first-party SIMID"
Roku,no,Bloo 635922 Mexico Roku CTV not clickable https://,channelstore.roku.com,Playwork,1,"Roku uses Roku Ad Framework (RAF) + BrightLine/Innovid; no first-party SIMID"
Roku,no,Bloo 635922 Brazil Roku CTV not clickable https://,channelstore.roku.com,Playwork,1,"Roku uses Roku Ad Framework (RAF) + BrightLine/Innovid; no first-party SIMID"
Vizio,maybe,Bloo,vizio.bestofroblox,Playwork,1,"SmartCast (web-based); SIMID renders if app uses IMA HTML5"
Rogers,unlikely,Bloo,com.rogers.bestofroblox,Playwork,1,"Cable STB; usually SSAI"
Samsung,maybe,Bloo G20357016070 Australia Samsung CTV not clickable https://,www.samsung.com,Playwork,1,"Tizen (web-based); SIMID renders if app uses IMA HTML5 — most use Samsung Ads stack instead"
Samsung,maybe,Bloo G20357016070 United States Samsung CTV not clickable https://,www.samsung.com,Playwork,1,"Tizen (web-based); SIMID renders if app uses IMA HTML5 — most use Samsung Ads stack instead"
Fire TV,yes,Bloo,b01nbi48ik,Playwork,1,"Fire OS = Android-derived; IMA Android SDK supports SIMID 1.0"
Comcast,unlikely,Bloo,com.comcast.billy_perry,Playwork,1,"Xfinity X1 set-top box runs custom RDK runtime; usually SSAI"
Roku,no,Bloo 746146 United States Roku CTV not clickable https://,channelstore.roku.com,Playwork,1,"Roku uses Roku Ad Framework (RAF) + BrightLine/Innovid; no first-party SIMID"
Roku,no,746146 Brazil Roku CTV https://,channelstore.roku.com,,1,"Roku uses Roku Ad Framework (RAF) + BrightLine/Innovid; no first-party SIMID"
Fire TV,yes,,B0C3VT5Q6X,,1,"Fire OS = Android-derived; IMA Android SDK supports SIMID 1.0"
Fire TV,yes,,B08P4C6L5W,,1,"Fire OS = Android-derived; IMA Android SDK supports SIMID 1.0"
Fire TV,yes,,B08PFF99F2,,1,"Fire OS = Android-derived; IMA Android SDK supports SIMID 1.0"
Fire TV,yes,,B08V5J5QQH,,1,"Fire OS = Android-derived; IMA Android SDK supports SIMID 1.0"
Fire TV,yes,,B0CJJLXX8M,,1,"Fire OS = Android-derived; IMA Android SDK supports SIMID 1.0"
Comcast,unlikely,,com.comcast.bloo,,1,"Xfinity X1 set-top box runs custom RDK runtime; usually SSAI"
Cox,unlikely,,com.cox.bloo,,1,"Cable STB; usually SSAI"
LG,maybe,1270689 Australia LG CTV https://,us.lgappstv.com,,1,"webOS (web-based); same as Samsung — depends on whether app uses IMA HTML5"
LG,maybe,1270689 Brazil LG CTV https://,us.lgappstv.com,,1,"webOS (web-based); same as Samsung — depends on whether app uses IMA HTML5"
LG,maybe,1270689 Canada LG CTV https://,us.lgappstv.com,,1,"webOS (web-based); same as Samsung — depends on whether app uses IMA HTML5"
LG,maybe,1270689 Chile LG CTV https://,us.lgappstv.com,,1,"webOS (web-based); same as Samsung — depends on whether app uses IMA HTML5"
LG,maybe,1270689 Colombia LG CTV https://,us.lgappstv.com,,1,"webOS (web-based); same as Samsung — depends on whether app uses IMA HTML5"
LG,maybe,1270689 Denmark LG CTV https://,us.lgappstv.com,,1,"webOS (web-based); same as Samsung — depends on whether app uses IMA HTML5"
LG,maybe,1270689 Iraq LG CTV https://,us.lgappstv.com,,1,"webOS (web-based); same as Samsung — depends on whether app uses IMA HTML5"
LG,maybe,1270689 Ireland LG CTV https://,us.lgappstv.com,,1,"webOS (web-based); same as Samsung — depends on whether app uses IMA HTML5"
LG,maybe,1270689 Kazakhstan LG CTV https://,us.lgappstv.com,,1,"webOS (web-based); same as Samsung — depends on whether app uses IMA HTML5"
LG,maybe,1270689 Kenya LG CTV https://,us.lgappstv.com,,1,"webOS (web-based); same as Samsung — depends on whether app uses IMA HTML5"
LG,maybe,1270689 Mexico LG CTV https://,us.lgappstv.com,,1,"webOS (web-based); same as Samsung — depends on whether app uses IMA HTML5"
LG,maybe,1270689 New Zealand LG CTV https://,us.lgappstv.com,,1,"webOS (web-based); same as Samsung — depends on whether app uses IMA HTML5"
LG,maybe,1270689 Peru LG CTV https://,us.lgappstv.com,,1,"webOS (web-based); same as Samsung — depends on whether app uses IMA HTML5"
LG,maybe,1270689 Poland LG CTV https://,us.lgappstv.com,,1,"webOS (web-based); same as Samsung — depends on whether app uses IMA HTML5"
LG,maybe,1270689 Portugal LG CTV https://,us.lgappstv.com,,1,"webOS (web-based); same as Samsung — depends on whether app uses IMA HTML5"
LG,maybe,1270689 United States LG CTV https://,us.lgappstv.com,,1,"webOS (web-based); same as Samsung — depends on whether app uses IMA HTML5"
Roku,no,649461 United States Roku CTV https://,channelstore.roku.com,,1,"Roku uses Roku Ad Framework (RAF) + BrightLine/Innovid; no first-party SIMID"
Vizio,maybe,,vizio.bloo,,1,"SmartCast (web-based); SIMID renders if app uses IMA HTML5"
Vizio,maybe,,vizio.ssundee,,1,"SmartCast (web-based); SIMID renders if app uses IMA HTML5"
Roku,no,649461 Canada Roku CTV https://,channelstore.roku.com,,1,"Roku uses Roku Ad Framework (RAF) + BrightLine/Innovid; no first-party SIMID"
Roku,no,649461 Mexico Roku CTV https://,channelstore.roku.com,,1,"Roku uses Roku Ad Framework (RAF) + BrightLine/Innovid; no first-party SIMID"
Roku,no,649461 Brazil Roku CTV https://,channelstore.roku.com,,1,"Roku uses Roku Ad Framework (RAF) + BrightLine/Innovid; no first-party SIMID"
Roku,no,649461 Puerto Rico Roku CTV https://,channelstore.roku.com,,1,"Roku uses Roku Ad Framework (RAF) + BrightLine/Innovid; no first-party SIMID"
Roku,no,649461 Colombia Roku CTV https://,channelstore.roku.com,,1,"Roku uses Roku Ad Framework (RAF) + BrightLine/Innovid; no first-party SIMID"
Vizio,maybe,Bloo,vizio.bloo,Playwork,1,"SmartCast (web-based); SIMID renders if app uses IMA HTML5"
Vizio,maybe,Bloomberg,vizio.ssundee,,1,"SmartCast (web-based); SIMID renders if app uses IMA HTML5"
Rogers,unlikely,Bollywood Movies %26 Music By Fawesome,com.rogers.bloo,WURL,1,"Cable STB; usually SSAI | publisher_source = WURL (Roku-owned FAST distribution → SSAI typical)"
Fire TV,yes,Boss Baby,B00FT7LGPM,Playwork,1,"Fire OS = Android-derived; IMA Android SDK supports SIMID 1.0"
Samsung,maybe,Bossbaby G14363001012 Germany Samsung CTV not clickable https://,www.samsung.com,Playwork,1,"Tizen (web-based); SIMID renders if app uses IMA HTML5 — most use Samsung Ads stack instead"
Samsung,maybe,Bossbaby G14363001012 Netherlands Samsung CTV not clickable https://,www.samsung.com,Playwork,1,"Tizen (web-based); SIMID renders if app uses IMA HTML5 — most use Samsung Ads stack instead"
Fire TV,yes,Bossbaby,B095KSRMM1,Playwork,1,"Fire OS = Android-derived; IMA Android SDK supports SIMID 1.0"
Videotron,unlikely,Brb,com.videotron.boss_baby,Playwork,1,"Cable STB; usually SSAI"
Roku,no,Brb 734369 United States Roku CTV not clickable https://,channelstore.roku.com,Playwork,1,"Roku uses Roku Ad Framework (RAF) + BrightLine/Innovid; no first-party SIMID"
Roku,no,Brb 734369 Mexico Roku CTV not clickable https://,channelstore.roku.com,Playwork,1,"Roku uses Roku Ad Framework (RAF) + BrightLine/Innovid; no first-party SIMID"
Roku,no,Brbtravelfood 734369 Brazil Roku CTV not clickable https://,channelstore.roku.com,Playwork,1,"Roku uses Roku Ad Framework (RAF) + BrightLine/Innovid; no first-party SIMID"
Roku,no,Brbtravelfood 734369 Argentina Roku CTV not clickable https://,channelstore.roku.com,Playwork,1,"Roku uses Roku Ad Framework (RAF) + BrightLine/Innovid; no first-party SIMID"
Roku,no,Brewstew 734369 Canada Roku CTV not clickable https://,channelstore.roku.com,Playwork,1,"Roku uses Roku Ad Framework (RAF) + BrightLine/Innovid; no first-party SIMID"
Roku,no,Brewstew 734369 Colombia Roku CTV not clickable https://,channelstore.roku.com,Playwork,1,"Roku uses Roku Ad Framework (RAF) + BrightLine/Innovid; no first-party SIMID"
Fire TV,yes,Brewstew,B0B2BX56BJ,Playwork,1,"Fire OS = Android-derived; IMA Android SDK supports SIMID 1.0"
Vizio,maybe,Brewstew,vizio.brandonwilliam,Playwork,1,"SmartCast (web-based); SIMID renders if app uses IMA HTML5"
Comcast,unlikely,Brick O Brian,com.comcast.brb,Playwork,1,"Xfinity X1 set-top box runs custom RDK runtime; usually SSAI"
Cox,unlikely,Brick O Brian,com.cox.brb,Playwork,1,"Cable STB; usually SSAI"
LG,maybe,Brick O Brian,com.lg.brb,Playwork,1,"webOS (web-based); same as Samsung — depends on whether app uses IMA HTML5"
Samsung,maybe,Brickobrian,com.samsung.brb,Playwork,1,"Tizen (web-based); SIMID renders if app uses IMA HTML5 — most use Samsung Ads stack instead"
Samsung,maybe,Bricksobrian,com.samsung.brb,Playwork,1,"Tizen (web-based); SIMID renders if app uses IMA HTML5 — most use Samsung Ads stack instead"
Roku,no,British Movies & Tv By Fawesome 639669 United States Roku CTV not clickable https://,channelstore.roku.com,WURL,1,"Roku uses Roku Ad Framework (RAF) + BrightLine/Innovid; no first-party SIMID | app-name pattern suggests FAST/24h channel → SSAI typical | publisher_source = WURL (Roku-owned FAST distribution → SSAI typical)"
Vizio,unlikely,British Movies %26 Tv By Fawesome,vizio.brbtravelfood,WURL,1,"SmartCast (web-based); SIMID renders if app uses IMA HTML5 | app-name pattern suggests FAST/24h channel → SSAI typical | publisher_source = WURL (Roku-owned FAST distribution → SSAI typical)"
Roku,no,Browsefree Podcast  Movies  Tv 639669 Canada Roku CTV not clickable https://,channelstore.roku.com,,1,"Roku uses Roku Ad Framework (RAF) + BrightLine/Innovid; no first-party SIMID | app-name pattern suggests FAST/24h channel → SSAI typical"
Comcast,unlikely,Browsefree Podcast  Movies  Tv,com.comcast.brewstew,,1,"Xfinity X1 set-top box runs custom RDK runtime; usually SSAI | app-name pattern suggests FAST/24h channel → SSAI typical"
Roku,no,Browsefree Podcast  Movies  Tv 607501 United States Roku CTV not clickable https://,channelstore.roku.com,,1,"Roku uses Roku Ad Framework (RAF) + BrightLine/Innovid; no first-party SIMID | app-name pattern suggests FAST/24h channel → SSAI typical"
Roku,no,Browsefree Podcast  Movies  Tv 607501 Brazil Roku CTV not clickable https://,channelstore.roku.com,,1,"Roku uses Roku Ad Framework (RAF) + BrightLine/Innovid; no first-party SIMID | app-name pattern suggests FAST/24h channel → SSAI typical"
Roku,no,Browsefree Podcast  Movies  Tv 607501 Canada Roku CTV not clickable https://,channelstore.roku.com,,1,"Roku uses Roku Ad Framework (RAF) + BrightLine/Innovid; no first-party SIMID | app-name pattern suggests FAST/24h channel → SSAI typical"
Roku,no,Browsefree Podcast  Movies  Tv 607501 Mexico Roku CTV not clickable https://,channelstore.roku.com,,1,"Roku uses Roku Ad Framework (RAF) + BrightLine/Innovid; no first-party SIMID | app-name pattern suggests FAST/24h channel → SSAI typical"
Roku,no,Browsefree Podcast  Movies  Tv 607501 Puerto Rico Roku CTV not clickable https://,channelstore.roku.com,,1,"Roku uses Roku Ad Framework (RAF) + BrightLine/Innovid; no first-party SIMID | app-name pattern suggests FAST/24h channel → SSAI typical"
Comcast,unlikely,,com.comcast.brick_o_brian,,1,"Xfinity X1 set-top box runs custom RDK runtime; usually SSAI"
Cox,unlikely,,com.cox.brick_o_brian,,1,"Cable STB; usually SSAI"
Roku,no,643615 United States Roku CTV https://,channelstore.roku.com,,1,"Roku uses Roku Ad Framework (RAF) + BrightLine/Innovid; no first-party SIMID"
Roku,no,643615 Mexico Roku CTV https://,channelstore.roku.com,,1,"Roku uses Roku Ad Framework (RAF) + BrightLine/Innovid; no first-party SIMID"
Roku,no,643615 Canada Roku CTV https://,channelstore.roku.com,,1,"Roku uses Roku Ad Framework (RAF) + BrightLine/Innovid; no first-party SIMID"
Roku,no,643615 Brazil Roku CTV https://,channelstore.roku.com,,1,"Roku uses Roku Ad Framework (RAF) + BrightLine/Innovid; no first-party SIMID"
Roku,no,643615 Colombia Roku CTV https://,channelstore.roku.com,,1,"Roku uses Roku Ad Framework (RAF) + BrightLine/Innovid; no first-party SIMID"
Roku,no,643615 Chile Roku CTV https://,channelstore.roku.com,,1,"Roku uses Roku Ad Framework (RAF) + BrightLine/Innovid; no first-party SIMID"
Vizio,maybe,,vizio.bricksobrian,,1,"SmartCast (web-based); SIMID renders if app uses IMA HTML5"
Fire TV,yes,,B08WH4GB19,,1,"Fire OS = Android-derived; IMA Android SDK supports SIMID 1.0"
Fire TV,yes,,B08WJ2KD5V,,1,"Fire OS = Android-derived; IMA Android SDK supports SIMID 1.0"
Fire TV,yes,,B07W4GZFVN,,1,"Fire OS = Android-derived; IMA Android SDK supports SIMID 1.0"
Fire TV,yes,,B0C2J7LP38,,1,"Fire OS = Android-derived; IMA Android SDK supports SIMID 1.0"
Roku,no,806510 Argentina Roku CTV https://,channelstore.roku.com,,1,"Roku uses Roku Ad Framework (RAF) + BrightLine/Innovid; no first-party SIMID"
Roku,no,806510 Australia Roku CTV https://,channelstore.roku.com,,1,"Roku uses Roku Ad Framework (RAF) + BrightLine/Innovid; no first-party SIMID"
Roku,no,806510 Brazil Roku CTV https://,channelstore.roku.com,,1,"Roku uses Roku Ad Framework (RAF) + BrightLine/Innovid; no first-party SIMID"
Roku,no,806510 Canada Roku CTV https://,channelstore.roku.com,,1,"Roku uses Roku Ad Framework (RAF) + BrightLine/Innovid; no first-party SIMID"
Roku,no,806510 Chile Roku CTV https://,channelstore.roku.com,,1,"Roku uses Roku Ad Framework (RAF) + BrightLine/Innovid; no first-party SIMID"
Roku,no,806510 Colombia Roku CTV https://,channelstore.roku.com,,1,"Roku uses Roku Ad Framework (RAF) + BrightLine/Innovid; no first-party SIMID"
Roku,no,806510 Ecuador Roku CTV https://,channelstore.roku.com,,1,"Roku uses Roku Ad Framework (RAF) + BrightLine/Innovid; no first-party SIMID"
Roku,no,806510 Germany Roku CTV https://,channelstore.roku.com,,1,"Roku uses Roku Ad Framework (RAF) + BrightLine/Innovid; no first-party SIMID"
Roku,no,806510 Guatemala Roku CTV https://,channelstore.roku.com,,1,"Roku uses Roku Ad Framework (RAF) + BrightLine/Innovid; no first-party SIMID"
Roku,no,806510 Indonesia Roku CTV https://,channelstore.roku.com,,1,"Roku uses Roku Ad Framework (RAF) + BrightLine/Innovid; no first-party SIMID"
Roku,no,806510 Mexico Roku CTV https://,channelstore.roku.com,,1,"Roku uses Roku Ad Framework (RAF) + BrightLine/Innovid; no first-party SIMID"
Roku,no,806510 Morocco Roku CTV https://,channelstore.roku.com,,1,"Roku uses Roku Ad Framework (RAF) + BrightLine/Innovid; no first-party SIMID"
Roku,no,806510 Peru Roku CTV https://,channelstore.roku.com,,1,"Roku uses Roku Ad Framework (RAF) + BrightLine/Innovid; no first-party SIMID"
Roku,no,806510 Puerto Rico Roku CTV https://,channelstore.roku.com,,1,"Roku uses Roku Ad Framework (RAF) + BrightLine/Innovid; no first-party SIMID"
Roku,no,806510 Saint Lucia Roku CTV https://,channelstore.roku.com,,1,"Roku uses Roku Ad Framework (RAF) + BrightLine/Innovid; no first-party SIMID"
Roku,no,806510 Turkey Roku CTV https://,channelstore.roku.com,,1,"Roku uses Roku Ad Framework (RAF) + BrightLine/Innovid; no first-party SIMID"
Roku,no,806510 United Kingdom Roku CTV https://,channelstore.roku.com,,1,"Roku uses Roku Ad Framework (RAF) + BrightLine/Innovid; no first-party SIMID"
Roku,no,806510 United States Roku CTV https://,channelstore.roku.com,,1,"Roku uses Roku Ad Framework (RAF) + BrightLine/Innovid; no first-party SIMID"
TCL,maybe,,com.tcl.browser,,1,"TCL ships both Roku TV (no SIMID) and Google TV (yes SIMID) variants; depends on model"
TCL,maybe,Bryton,B0CW17HGLZ,Playwork,1,"TCL ships both Roku TV (no SIMID) and Google TV (yes SIMID) variants; depends on model"
TCL,maybe,Bryton Tunisia TCL CTV not clickable https://,play.google.com,Playwork,1,"TCL ships both Roku TV (no SIMID) and Google TV (yes SIMID) variants; depends on model"
TCL,maybe,Bryton United Kingdom TCL CTV not clickable https://,play.google.com,Playwork,1,"TCL ships both Roku TV (no SIMID) and Google TV (yes SIMID) variants; depends on model"
TCL,maybe,Bryton,com.comcast.bumpy,Playwork,1,"TCL ships both Roku TV (no SIMID) and Google TV (yes SIMID) variants; depends on model"
TCL,maybe,Bumpy Virgin Islands  U.S. TCL CTV not clickable https://,play.google.com,Playwork,1,"TCL ships both Roku TV (no SIMID) and Google TV (yes SIMID) variants; depends on model"
TCL,maybe,Bumpy Zambia TCL CTV not clickable https://,play.google.com,Playwork,1,"TCL ships both Roku TV (no SIMID) and Google TV (yes SIMID) variants; depends on model"
Fire TV,unlikely,Bumpy Canada Fire TV CTV not clickable https://,www.amazon.com,Playwork,1,"Fire OS = Android-derived; IMA Android SDK supports SIMID 1.0 | app-name pattern suggests FAST/24h channel → SSAI typical"
Fire TV,unlikely,Bumpy Ireland Fire TV CTV not clickable https://,www.amazon.com,Playwork,1,"Fire OS = Android-derived; IMA Android SDK supports SIMID 1.0 | app-name pattern suggests FAST/24h channel → SSAI typical"
Fire TV,unlikely,Bumpy Australia Fire TV CTV not clickable https://,www.amazon.com,Playwork,1,"Fire OS = Android-derived; IMA Android SDK supports SIMID 1.0 | app-name pattern suggests FAST/24h channel → SSAI typical"
Fire TV,unlikely,Bumpy United States Fire TV CTV not clickable https://,www.amazon.com,Playwork,1,"Fire OS = Android-derived; IMA Android SDK supports SIMID 1.0 | app-name pattern suggests FAST/24h channel → SSAI typical"
Roku,no,Bumpy 771952 United States Roku CTV not clickable https://,channelstore.roku.com,Playwork,1,"Roku uses Roku Ad Framework (RAF) + BrightLine/Innovid; no first-party SIMID"
Samsung,maybe,Australia Samsung CTV https://,play.google.com,,1,"Tizen (web-based); SIMID renders if app uses IMA HTML5 — most use Samsung Ads stack instead"
Samsung,maybe,United States Samsung CTV https://,play.google.com,,1,"Tizen (web-based); SIMID renders if app uses IMA HTML5 — most use Samsung Ads stack instead"
Vizio,maybe,United States Vizio CTV https://,play.google.com,,1,"SmartCast (web-based); SIMID renders if app uses IMA HTML5"
Samsung,maybe,Brazil Samsung CTV https://,play.google.com,,1,"Tizen (web-based); SIMID renders if app uses IMA HTML5 — most use Samsung Ads stack instead"
Samsung,maybe,Canada Samsung CTV https://,play.google.com,,1,"Tizen (web-based); SIMID renders if app uses IMA HTML5 — most use Samsung Ads stack instead"
Samsung,maybe,India Samsung CTV https://,play.google.com,,1,"Tizen (web-based); SIMID renders if app uses IMA HTML5 — most use Samsung Ads stack instead"
Samsung,maybe,Ireland Samsung CTV https://,play.google.com,,1,"Tizen (web-based); SIMID renders if app uses IMA HTML5 — most use Samsung Ads stack instead"
Samsung,maybe,Mexico Samsung CTV https://,play.google.com,,1,"Tizen (web-based); SIMID renders if app uses IMA HTML5 — most use Samsung Ads stack instead"
Roku,no,771952 Brazil Roku CTV https://,channelstore.roku.com,,1,"Roku uses Roku Ad Framework (RAF) + BrightLine/Innovid; no first-party SIMID"
Roku,no,771952 Canada Roku CTV https://,channelstore.roku.com,,1,"Roku uses Roku Ad Framework (RAF) + BrightLine/Innovid; no first-party SIMID"
Roku,no,771952 Mexico Roku CTV https://,channelstore.roku.com,,1,"Roku uses Roku Ad Framework (RAF) + BrightLine/Innovid; no first-party SIMID"
Vizio,maybe,Puerto Rico Vizio CTV https://,play.google.com,,1,"SmartCast (web-based); SIMID renders if app uses IMA HTML5"
Fire TV,unlikely,Brazil Fire TV CTV https://,www.amazon.com,,1,"Fire OS = Android-derived; IMA Android SDK supports SIMID 1.0 | app-name pattern suggests FAST/24h channel → SSAI typical"
Fire TV,unlikely,Guatemala Fire TV CTV https://,www.amazon.com,,1,"Fire OS = Android-derived; IMA Android SDK supports SIMID 1.0 | app-name pattern suggests FAST/24h channel → SSAI typical"
Fire TV,unlikely,Italy Fire TV CTV https://,www.amazon.com,,1,"Fire OS = Android-derived; IMA Android SDK supports SIMID 1.0 | app-name pattern suggests FAST/24h channel → SSAI typical"
Fire TV,unlikely,Australia Fire TV CTV https://,www.amazon.com,,1,"Fire OS = Android-derived; IMA Android SDK supports SIMID 1.0 | app-name pattern suggests FAST/24h channel → SSAI typical"
LG,maybe,1240704 Argentina LG CTV https://,us.lgappstv.com,,1,"webOS (web-based); same as Samsung — depends on whether app uses IMA HTML5"
LG,maybe,1240704 Australia LG CTV https://,us.lgappstv.com,,1,"webOS (web-based); same as Samsung — depends on whether app uses IMA HTML5"
LG,maybe,1240704 Brazil LG CTV https://,us.lgappstv.com,,1,"webOS (web-based); same as Samsung — depends on whether app uses IMA HTML5"
LG,maybe,1240704 Canada LG CTV https://,us.lgappstv.com,,1,"webOS (web-based); same as Samsung — depends on whether app uses IMA HTML5"
LG,maybe,1240704 Chile LG CTV https://,us.lgappstv.com,,1,"webOS (web-based); same as Samsung — depends on whether app uses IMA HTML5"
LG,maybe,1240704 Colombia LG CTV https://,us.lgappstv.com,,1,"webOS (web-based); same as Samsung — depends on whether app uses IMA HTML5"
LG,maybe,1240704 Egypt LG CTV https://,us.lgappstv.com,,1,"webOS (web-based); same as Samsung — depends on whether app uses IMA HTML5"
LG,maybe,1240704 Honduras LG CTV https://,us.lgappstv.com,,1,"webOS (web-based); same as Samsung — depends on whether app uses IMA HTML5"
LG,maybe,1240704 India LG CTV https://,us.lgappstv.com,,1,"webOS (web-based); same as Samsung — depends on whether app uses IMA HTML5"
LG,maybe,1240704 Italy LG CTV https://,us.lgappstv.com,,1,"webOS (web-based); same as Samsung — depends on whether app uses IMA HTML5"
LG,maybe,1240704 Mexico LG CTV https://,us.lgappstv.com,,1,"webOS (web-based); same as Samsung — depends on whether app uses IMA HTML5"
LG,maybe,1240704 New Zealand LG CTV https://,us.lgappstv.com,,1,"webOS (web-based); same as Samsung — depends on whether app uses IMA HTML5"
LG,maybe,1240704 Peru LG CTV https://,us.lgappstv.com,,1,"webOS (web-based); same as Samsung — depends on whether app uses IMA HTML5"
LG,maybe,1240704 Saudi Arabia LG CTV https://,us.lgappstv.com,,1,"webOS (web-based); same as Samsung — depends on whether app uses IMA HTML5"
LG,maybe,1240704 United States LG CTV https://,us.lgappstv.com,,1,"webOS (web-based); same as Samsung — depends on whether app uses IMA HTML5"
Roku,no,Bumpy 769101 United States Roku CTV not clickable https://,channelstore.roku.com,Playwork,1,"Roku uses Roku Ad Framework (RAF) + BrightLine/Innovid; no first-party SIMID"
Vizio,maybe,Bumpy,vizio.bumpy,Playwork,1,"SmartCast (web-based); SIMID renders if app uses IMA HTML5"
Samsung,maybe,Camping Rusher,com.samsung.bumpy,Playwork,1,"Tizen (web-based); SIMID renders if app uses IMA HTML5 — most use Samsung Ads stack instead"
Samsung,unlikely,Cbs - Ctv Local,com.samsung.bumpy,WURL,1,"Tizen (web-based); SIMID renders if app uses IMA HTML5 — most use Samsung Ads stack instead | publisher_source = WURL (Roku-owned FAST distribution → SSAI typical)"
Samsung,unlikely,Cbs News: Live Breaking News,com.samsung.bumpy,WURL,1,"Tizen (web-based); SIMID renders if app uses IMA HTML5 — most use Samsung Ads stack instead | app-name pattern suggests FAST/24h channel → SSAI typical | publisher_source = WURL (Roku-owned FAST distribution → SSAI typical)"
Roku,no,Cesar Pantoja 769101 Mexico Roku CTV not clickable https://,channelstore.roku.com,Playwork,1,"Roku uses Roku Ad Framework (RAF) + BrightLine/Innovid; no first-party SIMID"
Roku,no,Cesar Pantoja 769101 Canada Roku CTV not clickable https://,channelstore.roku.com,Playwork,1,"Roku uses Roku Ad Framework (RAF) + BrightLine/Innovid; no first-party SIMID"
Comcast,unlikely,Cesarpantoja,com.comcast.camping_rusher,Playwork,1,"Xfinity X1 set-top box runs custom RDK runtime; usually SSAI"
Fire TV,yes,Cesarpantoja,B08SKQFQ6S,Playwork,1,"Fire OS = Android-derived; IMA Android SDK supports SIMID 1.0"
Samsung,maybe,Chesstv G17198010041 United States Samsung CTV not clickable https://,www.samsung.com,Playwork,1,"Tizen (web-based); SIMID renders if app uses IMA HTML5 — most use Samsung Ads stack instead"
Samsung,maybe,Chesstv G17198010041 United Kingdom Samsung CTV not clickable https://,www.samsung.com,Playwork,1,"Tizen (web-based); SIMID renders if app uses IMA HTML5 — most use Samsung Ads stack instead"
Fire TV,yes,Chesstv,B01MDKA8EH,Playwork,1,"Fire OS = Android-derived; IMA Android SDK supports SIMID 1.0"
Fire TV,yes,Chesstv,B07Q7N4GZG,Playwork,1,"Fire OS = Android-derived; IMA Android SDK supports SIMID 1.0"
Samsung,maybe,Chesstv G19068012619 United States Samsung CTV not clickable https://,www.samsung.com,Playwork,1,"Tizen (web-based); SIMID renders if app uses IMA HTML5 — most use Samsung Ads stack instead"
Samsung,maybe,Chesstv G19068012619 Canada Samsung CTV not clickable https://,www.samsung.com,Playwork,1,"Tizen (web-based); SIMID renders if app uses IMA HTML5 — most use Samsung Ads stack instead"
Samsung,unlikely,Christmas Plus G17318010499 United States Samsung CTV not clickable https://,www.samsung.com,WURL,1,"Tizen (web-based); SIMID renders if app uses IMA HTML5 — most use Samsung Ads stack instead | publisher_source = WURL (Roku-owned FAST distribution → SSAI typical)"
Fire TV,yes,Coffee Fuelled,B0FH4L5SHP,Playwork,1,"Fire OS = Android-derived; IMA Android SDK supports SIMID 1.0"
LG,maybe,Com.Rumble.Androidtv.App,com.lg.cesar_pantoja,,1,"webOS (web-based); same as Samsung — depends on whether app uses IMA HTML5"
Fire TV,yes,,B0FH4L5SHP,,1,"Fire OS = Android-derived; IMA Android SDK supports SIMID 1.0"
LG,maybe,1275420 Colombia LG CTV https://,us.lgappstv.com,,1,"webOS (web-based); same as Samsung — depends on whether app uses IMA HTML5"
LG,maybe,1275420 Spain LG CTV https://,us.lgappstv.com,,1,"webOS (web-based); same as Samsung — depends on whether app uses IMA HTML5"
Roku,no,815882 United States Roku CTV https://,channelstore.roku.com,,1,"Roku uses Roku Ad Framework (RAF) + BrightLine/Innovid; no first-party SIMID"
Vizio,maybe,,vizio.cesar_pantoja,,1,"SmartCast (web-based); SIMID renders if app uses IMA HTML5"
Roku,no,815882 Mexico Roku CTV https://,channelstore.roku.com,,1,"Roku uses Roku Ad Framework (RAF) + BrightLine/Innovid; no first-party SIMID"
Roku,no,815882 Canada Roku CTV https://,channelstore.roku.com,,1,"Roku uses Roku Ad Framework (RAF) + BrightLine/Innovid; no first-party SIMID"
Comcast,unlikely,,com.comcast.chesstv,,1,"Xfinity X1 set-top box runs custom RDK runtime; usually SSAI"
Vizio,maybe,,vizio.chesstv,,1,"SmartCast (web-based); SIMID renders if app uses IMA HTML5"
Vizio,maybe,,vizio.chicagosportsnetwork,,1,"SmartCast (web-based); SIMID renders if app uses IMA HTML5"
Vizio,maybe,,vizio.christmasplus,,1,"SmartCast (web-based); SIMID renders if app uses IMA HTML5"
Comcast,unlikely,,com.comcast.coldfusion,,1,"Xfinity X1 set-top box runs custom RDK runtime; usually SSAI"
Roku,no,Com.Rumble.Roku.App 278623 United States Roku CTV not clickable https://,channelstore.roku.com,,1,"Roku uses Roku Ad Framework (RAF) + BrightLine/Innovid; no first-party SIMID"
Roku,no,Com.Rumble.Roku.App 278623 Albania Roku CTV not clickable https://,channelstore.roku.com,,1,"Roku uses Roku Ad Framework (RAF) + BrightLine/Innovid; no first-party SIMID"
Roku,no,Com.Rumble.Roku.App 278623 Argentina Roku CTV not clickable https://,channelstore.roku.com,,1,"Roku uses Roku Ad Framework (RAF) + BrightLine/Innovid; no first-party SIMID"
Roku,no,Com.Rumble.Roku.App 278623 Bahamas Roku CTV not clickable https://,channelstore.roku.com,,1,"Roku uses Roku Ad Framework (RAF) + BrightLine/Innovid; no first-party SIMID"
Roku,no,Com.Rumble.Roku.App 278623 Bosnia and HerzegovinRaoku CTV not clickable https://,channelstore.roku.com,,1,"Roku uses Roku Ad Framework (RAF) + BrightLine/Innovid; no first-party SIMID"
Roku,no,Com.Rumble.Roku.App 278623 Brazil Roku CTV not clickable https://,channelstore.roku.com,,1,"Roku uses Roku Ad Framework (RAF) + BrightLine/Innovid; no first-party SIMID"
Roku,no,Com.Rumble.Roku.App 278623 Cambodia Roku CTV not clickable https://,channelstore.roku.com,,1,"Roku uses Roku Ad Framework (RAF) + BrightLine/Innovid; no first-party SIMID"
Roku,no,Com.Rumble.Roku.App 278623 Canada Roku CTV not clickable https://,channelstore.roku.com,,1,"Roku uses Roku Ad Framework (RAF) + BrightLine/Innovid; no first-party SIMID"
Roku,no,Com.Rumble.Roku.App 278623 Cape Verde Roku CTV not clickable https://,channelstore.roku.com,,1,"Roku uses Roku Ad Framework (RAF) + BrightLine/Innovid; no first-party SIMID"
Roku,no,Com.Rumble.Roku.App 278623 Chile Roku CTV not clickable https://,channelstore.roku.com,,1,"Roku uses Roku Ad Framework (RAF) + BrightLine/Innovid; no first-party SIMID"
Roku,no,Com.Rumble.Roku.App 278623 Colombia Roku CTV not clickable https://,channelstore.roku.com,,1,"Roku uses Roku Ad Framework (RAF) + BrightLine/Innovid; no first-party SIMID"
Roku,no,Com.Rumble.Roku.App 278623 Costa Rica Roku CTV not clickable https://,channelstore.roku.com,,1,"Roku uses Roku Ad Framework (RAF) + BrightLine/Innovid; no first-party SIMID"
Roku,no,Com.Rumble.Roku.App 278623 Dominica Roku CTV not clickable https://,channelstore.roku.com,,1,"Roku uses Roku Ad Framework (RAF) + BrightLine/Innovid; no first-party SIMID"
Roku,no,Comedy 278623 Dominican Republic Roku CTV not clickable https://,channelstore.roku.com,Playwork,1,"Roku uses Roku Ad Framework (RAF) + BrightLine/Innovid; no first-party SIMID"
Roku,no,Cowboy Channel Plus 278623 El Salvador Roku CTV not clickable https://,channelstore.roku.com,WURL,1,"Roku uses Roku Ad Framework (RAF) + BrightLine/Innovid; no first-party SIMID | app-name pattern suggests FAST/24h channel → SSAI typical | publisher_source = WURL (Roku-owned FAST distribution → SSAI typical)"
Roku,no,Creator Nation 278623 Germany Roku CTV not clickable https://,channelstore.roku.com,Playwork,1,"Roku uses Roku Ad Framework (RAF) + BrightLine/Innovid; no first-party SIMID"
Roku,no,Creator Nation 278623 Guam Roku CTV not clickable https://,channelstore.roku.com,Playwork,1,"Roku uses Roku Ad Framework (RAF) + BrightLine/Innovid; no first-party SIMID"
Roku,no,Creator Nation 278623 Guatemala Roku CTV not clickable https://,channelstore.roku.com,Playwork,1,"Roku uses Roku Ad Framework (RAF) + BrightLine/Innovid; no first-party SIMID"
Roku,no,Creator Nation 278623 Honduras Roku CTV not clickable https://,channelstore.roku.com,Playwork,1,"Roku uses Roku Ad Framework (RAF) + BrightLine/Innovid; no first-party SIMID"
Roku,no,Creator Nation 278623 Indonesia Roku CTV not clickable https://,channelstore.roku.com,Playwork,1,"Roku uses Roku Ad Framework (RAF) + BrightLine/Innovid; no first-party SIMID"
Roku,no,Creator Nation 278623 Ireland Roku CTV not clickable https://,channelstore.roku.com,Playwork,1,"Roku uses Roku Ad Framework (RAF) + BrightLine/Innovid; no first-party SIMID"
Roku,no,Creator Nation 278623 Mexico Roku CTV not clickable https://,channelstore.roku.com,Playwork,1,"Roku uses Roku Ad Framework (RAF) + BrightLine/Innovid; no first-party SIMID"
Roku,no,Creator Nation 278623 New Zealand Roku CTV not clickable https://,channelstore.roku.com,Playwork,1,"Roku uses Roku Ad Framework (RAF) + BrightLine/Innovid; no first-party SIMID"
Roku,no,Creator Nation 278623 Nicaragua Roku CTV not clickable https://,channelstore.roku.com,Playwork,1,"Roku uses Roku Ad Framework (RAF) + BrightLine/Innovid; no first-party SIMID"
Roku,no,Creator Nation 278623 Panama Roku CTV not clickable https://,channelstore.roku.com,Playwork,1,"Roku uses Roku Ad Framework (RAF) + BrightLine/Innovid; no first-party SIMID"
Roku,no,Creator Nation 278623 Philippines Roku CTV not clickable https://,channelstore.roku.com,Playwork,1,"Roku uses Roku Ad Framework (RAF) + BrightLine/Innovid; no first-party SIMID"
Roku,no,278623 Poland Roku CTV https://,channelstore.roku.com,,1,"Roku uses Roku Ad Framework (RAF) + BrightLine/Innovid; no first-party SIMID"
Roku,no,278623 Puerto Rico Roku CTV https://,channelstore.roku.com,,1,"Roku uses Roku Ad Framework (RAF) + BrightLine/Innovid; no first-party SIMID"
Roku,no,278623 Singapore Roku CTV https://,channelstore.roku.com,,1,"Roku uses Roku Ad Framework (RAF) + BrightLine/Innovid; no first-party SIMID"
Roku,no,278623 Sint Maarten Roku CTV https://,channelstore.roku.com,,1,"Roku uses Roku Ad Framework (RAF) + BrightLine/Innovid; no first-party SIMID"
Roku,no,278623 South Africa Roku CTV https://,channelstore.roku.com,,1,"Roku uses Roku Ad Framework (RAF) + BrightLine/Innovid; no first-party SIMID"
Roku,no,278623 Switzerland Roku CTV https://,channelstore.roku.com,,1,"Roku uses Roku Ad Framework (RAF) + BrightLine/Innovid; no first-party SIMID"
Roku,no,278623 Thailand Roku CTV https://,channelstore.roku.com,,1,"Roku uses Roku Ad Framework (RAF) + BrightLine/Innovid; no first-party SIMID"
Roku,no,278623 Trinidad and Tobago Roku CTV https://,channelstore.roku.com,,1,"Roku uses Roku Ad Framework (RAF) + BrightLine/Innovid; no first-party SIMID"
Roku,no,278623 United Kingdom Roku CTV https://,channelstore.roku.com,,1,"Roku uses Roku Ad Framework (RAF) + BrightLine/Innovid; no first-party SIMID"
Roku,no,278623 Uruguay Roku CTV https://,channelstore.roku.com,,1,"Roku uses Roku Ad Framework (RAF) + BrightLine/Innovid; no first-party SIMID"
Roku,no,278623 Venezuela Roku CTV https://,channelstore.roku.com,,1,"Roku uses Roku Ad Framework (RAF) + BrightLine/Innovid; no first-party SIMID"
Comcast,unlikely,,com.comcast.comedy,,1,"Xfinity X1 set-top box runs custom RDK runtime; usually SSAI"
Fire TV,yes,,B07RGS15ZS,,1,"Fire OS = Android-derived; IMA Android SDK supports SIMID 1.0"
Fire TV,yes,,B088S84Q1X,,1,"Fire OS = Android-derived; IMA Android SDK supports SIMID 1.0"
Samsung,maybe,G21323018378 United States Samsung CTV https://,www.samsung.com,,1,"Tizen (web-based); SIMID renders if app uses IMA HTML5 — most use Samsung Ads stack instead"
Comcast,unlikely,,com.comcast.creator_nation,,1,"Xfinity X1 set-top box runs custom RDK runtime; usually SSAI"
Cox,unlikely,,com.cox.creator_nation,,1,"Cable STB; usually SSAI"
Fire TV,yes,,B0DSL3KV52,,1,"Fire OS = Android-derived; IMA Android SDK supports SIMID 1.0"
Samsung,maybe,,com.samsung.creator_nation,,1,"Tizen (web-based); SIMID renders if app uses IMA HTML5 — most use Samsung Ads stack instead"
Vizio,maybe,Creator Nation,vizio.creatornation,Playwork,1,"SmartCast (web-based); SIMID renders if app uses IMA HTML5"
Vidaa,unlikely,Crime Plus,com.vidaa.creator_nation,WURL,1,"Hisense Vidaa OS (Linux+browser); depends on IMA HTML5 usage | publisher_source = WURL (Roku-owned FAST distribution → SSAI typical)"
Vidaa,maybe,Criminallylisted,com.vidaa.creator_nation,Playwork,1,"Hisense Vidaa OS (Linux+browser); depends on IMA HTML5 usage"
Rogers,unlikely,Crunchyroll,com.rogers.creator_nation,WURL,1,"Cable STB; usually SSAI | publisher_source = WURL (Roku-owned FAST distribution → SSAI typical)"
Roku,no,Dantdm 791236 United States Roku CTV not clickable https://,channelstore.roku.com,Playwork,1,"Roku uses Roku Ad Framework (RAF) + BrightLine/Innovid; no first-party SIMID"
Roku,no,Dantdm 791236 Brazil Roku CTV not clickable https://,channelstore.roku.com,Playwork,1,"Roku uses Roku Ad Framework (RAF) + BrightLine/Innovid; no first-party SIMID"
Roku,no,Dantdm 791236 Canada Roku CTV not clickable https://,channelstore.roku.com,Playwork,1,"Roku uses Roku Ad Framework (RAF) + BrightLine/Innovid; no first-party SIMID"
Vizio,maybe,,vizio.crime,,1,"SmartCast (web-based); SIMID renders if app uses IMA HTML5"
Vizio,maybe,,vizio.crimeplus,,1,"SmartCast (web-based); SIMID renders if app uses IMA HTML5"
Roku,no,791186 United States Roku CTV https://,channelstore.roku.com,,1,"Roku uses Roku Ad Framework (RAF) + BrightLine/Innovid; no first-party SIMID"
Vizio,maybe,,vizio.criminallylisted,,1,"SmartCast (web-based); SIMID renders if app uses IMA HTML5"
Vizio,maybe,,vizio.crunchyroll,,1,"SmartCast (web-based); SIMID renders if app uses IMA HTML5"
Vizio,maybe,,vizio.dannygrubs,,1,"SmartCast (web-based); SIMID renders if app uses IMA HTML5"
Android,yes,adam-rippon United States Android CTV https://,play.google.com,,1,"Android TV / Google TV; IMA Android SDK supports SIMID 1.0"
Comcast,unlikely,,com.comcast.dantdm,,1,"Xfinity X1 set-top box runs custom RDK runtime; usually SSAI"
Cox,unlikely,,com.cox.dantdm,,1,"Cable STB; usually SSAI"
LG,maybe,1269769 Australia LG CTV https://,us.lgappstv.com,,1,"webOS (web-based); same as Samsung — depends on whether app uses IMA HTML5"
LG,maybe,1269769 Brazil LG CTV https://,us.lgappstv.com,,1,"webOS (web-based); same as Samsung — depends on whether app uses IMA HTML5"
LG,maybe,1269769 Chile LG CTV https://,us.lgappstv.com,,1,"webOS (web-based); same as Samsung — depends on whether app uses IMA HTML5"
LG,maybe,1269769 Colombia LG CTV https://,us.lgappstv.com,,1,"webOS (web-based); same as Samsung — depends on whether app uses IMA HTML5"
LG,maybe,1269769 Egypt LG CTV https://,us.lgappstv.com,,1,"webOS (web-based); same as Samsung — depends on whether app uses IMA HTML5"
LG,maybe,1269769 Ireland LG CTV https://,us.lgappstv.com,,1,"webOS (web-based); same as Samsung — depends on whether app uses IMA HTML5"
LG,maybe,1269769 Jersey LG CTV https://,us.lgappstv.com,,1,"webOS (web-based); same as Samsung — depends on whether app uses IMA HTML5"
LG,maybe,1269769 Mexico LG CTV https://,us.lgappstv.com,,1,"webOS (web-based); same as Samsung — depends on whether app uses IMA HTML5"
LG,maybe,Dantdm 1269769 Philippines LG CTV not clickable https://,us.lgappstv.com,Playwork,1,"webOS (web-based); same as Samsung — depends on whether app uses IMA HTML5"
LG,maybe,Dantdm 1269769 Saudi Arabia LG CTV not clickable https://,us.lgappstv.com,Playwork,1,"webOS (web-based); same as Samsung — depends on whether app uses IMA HTML5"
LG,maybe,Dantdm 1269769 United States LG CTV not clickable https://,us.lgappstv.com,Playwork,1,"webOS (web-based); same as Samsung — depends on whether app uses IMA HTML5"
Vizio,maybe,Dantdm,vizio.dantdm,Playwork,1,"SmartCast (web-based); SIMID renders if app uses IMA HTML5"
Samsung,unlikely,Dantdm,com.samsung.dantdm,WURL,1,"Tizen (web-based); SIMID renders if app uses IMA HTML5 — most use Samsung Ads stack instead | publisher_source = WURL (Roku-owned FAST distribution → SSAI typical)"
Samsung,unlikely,Dany,com.samsung.dantdm,WURL,1,"Tizen (web-based); SIMID renders if app uses IMA HTML5 — most use Samsung Ads stack instead | publisher_source = WURL (Roku-owned FAST distribution → SSAI typical)"
Samsung,unlikely,Dark Matter Tv,com.samsung.dantdm,WURL,1,"Tizen (web-based); SIMID renders if app uses IMA HTML5 — most use Samsung Ads stack instead | app-name pattern suggests FAST/24h channel → SSAI typical | publisher_source = WURL (Roku-owned FAST distribution → SSAI typical)"
Vizio,maybe,Daylin Funhouse,vizio.dantdm,Playwork,1,"SmartCast (web-based); SIMID renders if app uses IMA HTML5"
Rogers,unlikely,Daylin Funhouse,com.rogers.dantdm,Playwork,1,"Cable STB; usually SSAI"
Fire TV,yes,Daylin Funhouse,B00ILYCMRG,Playwork,1,"Fire OS = Android-derived; IMA Android SDK supports SIMID 1.0"
Vizio,maybe,Daylinfunhouse,com.futuretoday.vizio.darkmatter,Playwork,1,"SmartCast (web-based); SIMID renders if app uses IMA HTML5"
Vizio,maybe,Dental Digest,vizio.darkmattertv,Playwork,1,"SmartCast (web-based); SIMID renders if app uses IMA HTML5"
Comcast,unlikely,Dental Digest,com.comcast.daylin_funhouse,Playwork,1,"Xfinity X1 set-top box runs custom RDK runtime; usually SSAI"
Cox,unlikely,Dental Digest,com.cox.daylin_funhouse,Playwork,1,"Cable STB; usually SSAI"
Rogers,unlikely,,com.rogers.daylin_funhouse,,1,"Cable STB; usually SSAI"
Cox,unlikely,,com.cox.dental_digest,,1,"Cable STB; usually SSAI"
LG,maybe,1268877 Algeria LG CTV https://,us.lgappstv.com,,1,"webOS (web-based); same as Samsung — depends on whether app uses IMA HTML5"
LG,maybe,1268877 Australia LG CTV https://,us.lgappstv.com,,1,"webOS (web-based); same as Samsung — depends on whether app uses IMA HTML5"
LG,maybe,1268877 Belgium LG CTV https://,us.lgappstv.com,,1,"webOS (web-based); same as Samsung — depends on whether app uses IMA HTML5"
LG,maybe,1268877 Brazil LG CTV https://,us.lgappstv.com,,1,"webOS (web-based); same as Samsung — depends on whether app uses IMA HTML5"
LG,maybe,1268877 Canada LG CTV https://,us.lgappstv.com,,1,"webOS (web-based); same as Samsung — depends on whether app uses IMA HTML5"
LG,maybe,1268877 Chile LG CTV https://,us.lgappstv.com,,1,"webOS (web-based); same as Samsung — depends on whether app uses IMA HTML5"
LG,maybe,1268877 Colombia LG CTV https://,us.lgappstv.com,,1,"webOS (web-based); same as Samsung — depends on whether app uses IMA HTML5"
LG,maybe,1268877 Denmark LG CTV https://,us.lgappstv.com,,1,"webOS (web-based); same as Samsung — depends on whether app uses IMA HTML5"
LG,maybe,1268877 Egypt LG CTV https://,us.lgappstv.com,,1,"webOS (web-based); same as Samsung — depends on whether app uses IMA HTML5"
LG,maybe,1268877 France LG CTV https://,us.lgappstv.com,,1,"webOS (web-based); same as Samsung — depends on whether app uses IMA HTML5"
LG,maybe,1268877 India LG CTV https://,us.lgappstv.com,,1,"webOS (web-based); same as Samsung — depends on whether app uses IMA HTML5"
LG,maybe,1268877 Indonesia LG CTV https://,us.lgappstv.com,,1,"webOS (web-based); same as Samsung — depends on whether app uses IMA HTML5"
LG,maybe,1268877 Italy LG CTV https://,us.lgappstv.com,,1,"webOS (web-based); same as Samsung — depends on whether app uses IMA HTML5"
LG,maybe,Dental Digest 1268877 Malaysia LG CTV not clickable https://,us.lgappstv.com,Playwork,1,"webOS (web-based); same as Samsung — depends on whether app uses IMA HTML5"
LG,maybe,Dental Digest 1268877 Mexico LG CTV not clickable https://,us.lgappstv.com,Playwork,1,"webOS (web-based); same as Samsung — depends on whether app uses IMA HTML5"
LG,maybe,Dental Digest 1268877 Netherlands LG CTV not clickable https://,us.lgappstv.com,Playwork,1,"webOS (web-based); same as Samsung — depends on whether app uses IMA HTML5"
LG,maybe,Dental Digest 1268877 Philippines LG CTV not clickable https://,us.lgappstv.com,Playwork,1,"webOS (web-based); same as Samsung — depends on whether app uses IMA HTML5"
LG,maybe,Dental Digest 1268877 Puerto Rico LG CTV not clickable https://,us.lgappstv.com,Playwork,1,"webOS (web-based); same as Samsung — depends on whether app uses IMA HTML5"
LG,maybe,Dental Digest 1268877 Saudi Arabia LG CTV not clickable https://,us.lgappstv.com,Playwork,1,"webOS (web-based); same as Samsung — depends on whether app uses IMA HTML5"
LG,maybe,Dental Digest 1268877 Singapore LG CTV not clickable https://,us.lgappstv.com,Playwork,1,"webOS (web-based); same as Samsung — depends on whether app uses IMA HTML5"
LG,maybe,Dental Digest 1268877 Thailand LG CTV not clickable https://,us.lgappstv.com,Playwork,1,"webOS (web-based); same as Samsung — depends on whether app uses IMA HTML5"
LG,maybe,Dental Digest 1268877 Turkey LG CTV not clickable https://,us.lgappstv.com,Playwork,1,"webOS (web-based); same as Samsung — depends on whether app uses IMA HTML5"
LG,maybe,Dental Digest 1268877 Uganda LG CTV not clickable https://,us.lgappstv.com,Playwork,1,"webOS (web-based); same as Samsung — depends on whether app uses IMA HTML5"
LG,maybe,Dental Digest 1268877 United States LG CTV not clickable https://,us.lgappstv.com,Playwork,1,"webOS (web-based); same as Samsung — depends on whether app uses IMA HTML5"
Vizio,maybe,Dental Digest,vizio.dental_digest,Playwork,1,"SmartCast (web-based); SIMID renders if app uses IMA HTML5"
Vizio,maybe,Dental Digest,vizio.dentaldigest,Playwork,1,"SmartCast (web-based); SIMID renders if app uses IMA HTML5"
Samsung,unlikely,Directv,com.samsung.dental_digest,WURL,1,"Tizen (web-based); SIMID renders if app uses IMA HTML5 — most use Samsung Ads stack instead | publisher_source = WURL (Roku-owned FAST distribution → SSAI typical)"
Samsung,maybe,Dj Christmas,com.samsung.dental_digest,Playwork,1,"Tizen (web-based); SIMID renders if app uses IMA HTML5 — most use Samsung Ads stack instead"
Samsung,unlikely,Documentary Movies & Tv By Fawesome,com.samsung.dental_digest,WURL,1,"Tizen (web-based); SIMID renders if app uses IMA HTML5 — most use Samsung Ads stack instead | app-name pattern suggests FAST/24h channel → SSAI typical | publisher_source = WURL (Roku-owned FAST distribution → SSAI typical)"
Rogers,unlikely,,com.rogers.dental_digest,,1,"Cable STB; usually SSAI"
Roku,no,808482 United States Roku CTV https://,channelstore.roku.com,,1,"Roku uses Roku Ad Framework (RAF) + BrightLine/Innovid; no first-party SIMID"
Roku,no,808482 Canada Roku CTV https://,channelstore.roku.com,,1,"Roku uses Roku Ad Framework (RAF) + BrightLine/Innovid; no first-party SIMID"
Roku,no,808482 Mexico Roku CTV https://,channelstore.roku.com,,1,"Roku uses Roku Ad Framework (RAF) + BrightLine/Innovid; no first-party SIMID"
Roku,no,808482 Brazil Roku CTV https://,channelstore.roku.com,,1,"Roku uses Roku Ad Framework (RAF) + BrightLine/Innovid; no first-party SIMID"
Roku,no,808482 Costa Rica Roku CTV https://,channelstore.roku.com,,1,"Roku uses Roku Ad Framework (RAF) + BrightLine/Innovid; no first-party SIMID"
Roku,no,808482 Colombia Roku CTV https://,channelstore.roku.com,,1,"Roku uses Roku Ad Framework (RAF) + BrightLine/Innovid; no first-party SIMID"
Roku,no,808482 Argentina Roku CTV https://,channelstore.roku.com,,1,"Roku uses Roku Ad Framework (RAF) + BrightLine/Innovid; no first-party SIMID"
Roku,no,808482 Nicaragua Roku CTV https://,channelstore.roku.com,,1,"Roku uses Roku Ad Framework (RAF) + BrightLine/Innovid; no first-party SIMID"
Fire TV,yes,,B01J62Q632,,1,"Fire OS = Android-derived; IMA Android SDK supports SIMID 1.0"
Samsung,maybe,G17347010659 United States Samsung CTV https://,www.samsung.com,,1,"Tizen (web-based); SIMID renders if app uses IMA HTML5 — most use Samsung Ads stack instead"
Vizio,maybe,,vizio.directv,,1,"SmartCast (web-based); SIMID renders if app uses IMA HTML5"
Vizio,maybe,,com.vizio.dj_christmas,,1,"SmartCast (web-based); SIMID renders if app uses IMA HTML5"
Fire TV,yes,,B07MV261QJ,,1,"Fire OS = Android-derived; IMA Android SDK supports SIMID 1.0"
Comcast,unlikely,,com.comcast.donut_media,,1,"Xfinity X1 set-top box runs custom RDK runtime; usually SSAI"
Cox,unlikely,,com.cox.drewdirksen,,1,"Cable STB; usually SSAI"
Roku,no,787652 United States Roku CTV https://,channelstore.roku.com,,1,"Roku uses Roku Ad Framework (RAF) + BrightLine/Innovid; no first-party SIMID"
Vizio,maybe,,vizio.drewdirksen,,1,"SmartCast (web-based); SIMID renders if app uses IMA HTML5"
Roku,no,787652 Canada Roku CTV https://,channelstore.roku.com,,1,"Roku uses Roku Ad Framework (RAF) + BrightLine/Innovid; no first-party SIMID"
Roku,no,787652 Brazil Roku CTV https://,channelstore.roku.com,,1,"Roku uses Roku Ad Framework (RAF) + BrightLine/Innovid; no first-party SIMID"
Roku,no,Drewdirksen 787652 Mexico Roku CTV not clickable https://,channelstore.roku.com,Playwork,1,"Roku uses Roku Ad Framework (RAF) + BrightLine/Innovid; no first-party SIMID"
Vizio,maybe,Drewdirksen,vizio.drewdirksen,Playwork,1,"SmartCast (web-based); SIMID renders if app uses IMA HTML5"
Rogers,unlikely,Eh Bee Family,com.rogers.drewdirksen,Playwork,1,"Cable STB; usually SSAI"
Vizio,maybe,Eh Bee Family,vizio.dudeperfect,Playwork,1,"SmartCast (web-based); SIMID renders if app uses IMA HTML5"
Cox,unlikely,Eh Bee Family,com.cox.eh_bee_family,Playwork,1,"Cable STB; usually SSAI"
Rogers,unlikely,Emazing,com.rogers.eh_bee_family,Playwork,1,"Cable STB; usually SSAI"
Cox,unlikely,Emazing,com.cox.emazing,Playwork,1,"Cable STB; usually SSAI"
LG,maybe,Emazing 1270758 Australia LG CTV not clickable https://,us.lgappstv.com,Playwork,1,"webOS (web-based); same as Samsung — depends on whether app uses IMA HTML5"
LG,maybe,Emazing 1270758 Brazil LG CTV not clickable https://,us.lgappstv.com,Playwork,1,"webOS (web-based); same as Samsung — depends on whether app uses IMA HTML5"
LG,maybe,Emazing 1270758 Canada LG CTV not clickable https://,us.lgappstv.com,Playwork,1,"webOS (web-based); same as Samsung — depends on whether app uses IMA HTML5"
LG,maybe,Emazing 1270758 Chile LG CTV not clickable https://,us.lgappstv.com,Playwork,1,"webOS (web-based); same as Samsung — depends on whether app uses IMA HTML5"
LG,maybe,Emazing 1270758 Colombia LG CTV not clickable https://,us.lgappstv.com,Playwork,1,"webOS (web-based); same as Samsung — depends on whether app uses IMA HTML5"
LG,maybe,Emazing 1270758 Mexico LG CTV not clickable https://,us.lgappstv.com,Playwork,1,"webOS (web-based); same as Samsung — depends on whether app uses IMA HTML5"
LG,maybe,Emazing 1270758 Peru LG CTV not clickable https://,us.lgappstv.com,Playwork,1,"webOS (web-based); same as Samsung — depends on whether app uses IMA HTML5"
LG,unlikely,Erie News Now 1270758 Thailand LG CTV not clickable https://,us.lgappstv.com,WURL,1,"webOS (web-based); same as Samsung — depends on whether app uses IMA HTML5 | app-name pattern suggests FAST/24h channel → SSAI typical | publisher_source = WURL (Roku-owned FAST distribution → SSAI typical)"
LG,maybe,Escape 1270758 United States LG CTV not clickable https://,us.lgappstv.com,Playwork,1,"webOS (web-based); same as Samsung — depends on whether app uses IMA HTML5"
Roku,no,Escape 809479 United States Roku CTV not clickable https://,channelstore.roku.com,Playwork,1,"Roku uses Roku Ad Framework (RAF) + BrightLine/Innovid; no first-party SIMID"
Vizio,unlikely,Espn For Fire Tv,vizio.emazing,WURL,1,"SmartCast (web-based); SIMID renders if app uses IMA HTML5 | app-name pattern suggests FAST/24h channel → SSAI typical | publisher_source = WURL (Roku-owned FAST distribution → SSAI typical)"
Roku,no,Ethan Gamer 809479 Canada Roku CTV not clickable https://,channelstore.roku.com,Playwork,1,"Roku uses Roku Ad Framework (RAF) + BrightLine/Innovid; no first-party SIMID"
Roku,no,Ethan Gamer 809479 Mexico Roku CTV not clickable https://,channelstore.roku.com,Playwork,1,"Roku uses Roku Ad Framework (RAF) + BrightLine/Innovid; no first-party SIMID"
Roku,no,Ethangamer 809479 Colombia Roku CTV not clickable https://,channelstore.roku.com,Playwork,1,"Roku uses Roku Ad Framework (RAF) + BrightLine/Innovid; no first-party SIMID"
Roku,no,Ethangamer 809479 Brazil Roku CTV not clickable https://,channelstore.roku.com,Playwork,1,"Roku uses Roku Ad Framework (RAF) + BrightLine/Innovid; no first-party SIMID"
Rogers,unlikely,Eystreem,com.rogers.emazing,Playwork,1,"Cable STB; usually SSAI"
Fire TV,yes,Eystreem,B07KXLJC8N,Playwork,1,"Fire OS = Android-derived; IMA Android SDK supports SIMID 1.0"
Roku,no,Eystreem 812781 United States Roku CTV not clickable https://,channelstore.roku.com,Playwork,1,"Roku uses Roku Ad Framework (RAF) + BrightLine/Innovid; no first-party SIMID"
Roku,no,Eystreem 812781 Mexico Roku CTV not clickable https://,channelstore.roku.com,Playwork,1,"Roku uses Roku Ad Framework (RAF) + BrightLine/Innovid; no first-party SIMID"
Roku,no,812781 Canada Roku CTV https://,channelstore.roku.com,,1,"Roku uses Roku Ad Framework (RAF) + BrightLine/Innovid; no first-party SIMID"
Roku,no,812781 Guatemala Roku CTV https://,channelstore.roku.com,,1,"Roku uses Roku Ad Framework (RAF) + BrightLine/Innovid; no first-party SIMID"
Roku,no,812781 Argentina Roku CTV https://,channelstore.roku.com,,1,"Roku uses Roku Ad Framework (RAF) + BrightLine/Innovid; no first-party SIMID"
Roku,no,812781 Colombia Roku CTV https://,channelstore.roku.com,,1,"Roku uses Roku Ad Framework (RAF) + BrightLine/Innovid; no first-party SIMID"
Roku,no,812781 Costa Rica Roku CTV https://,channelstore.roku.com,,1,"Roku uses Roku Ad Framework (RAF) + BrightLine/Innovid; no first-party SIMID"
Roku,no,812781 Chile Roku CTV https://,channelstore.roku.com,,1,"Roku uses Roku Ad Framework (RAF) + BrightLine/Innovid; no first-party SIMID"
Roku,no,812781 Brazil Roku CTV https://,channelstore.roku.com,,1,"Roku uses Roku Ad Framework (RAF) + BrightLine/Innovid; no first-party SIMID"
Fire TV,yes,,B00E81O27Y,,1,"Fire OS = Android-derived; IMA Android SDK supports SIMID 1.0"
Comcast,unlikely,,com.comcast.ethan_gamer,,1,"Xfinity X1 set-top box runs custom RDK runtime; usually SSAI"
Cox,unlikely,,com.cox.ethan_gamer,,1,"Cable STB; usually SSAI"
Rogers,unlikely,,com.rogers.ethan_gamer,,1,"Cable STB; usually SSAI"
Roku,no,740544 United States Roku CTV https://,channelstore.roku.com,,1,"Roku uses Roku Ad Framework (RAF) + BrightLine/Innovid; no first-party SIMID"
Roku,no,740544 Mexico Roku CTV https://,channelstore.roku.com,,1,"Roku uses Roku Ad Framework (RAF) + BrightLine/Innovid; no first-party SIMID"
Roku,no,740544 Canada Roku CTV https://,channelstore.roku.com,,1,"Roku uses Roku Ad Framework (RAF) + BrightLine/Innovid; no first-party SIMID"
Comcast,unlikely,,com.comcast.eystreem,,1,"Xfinity X1 set-top box runs custom RDK runtime; usually SSAI"
Cox,unlikely,,com.cox.eystreem,,1,"Cable STB; usually SSAI"
Fire TV,unlikely,Eystreem Philippines Fire TV CTV not clickable https://,www.amazon.com,Playwork,1,"Fire OS = Android-derived; IMA Android SDK supports SIMID 1.0 | app-name pattern suggests FAST/24h channel → SSAI typical"
Fire TV,unlikely,Eystreem Puerto Rico Fire TV CTV not clickable https://,www.amazon.com,Playwork,1,"Fire OS = Android-derived; IMA Android SDK supports SIMID 1.0 | app-name pattern suggests FAST/24h channel → SSAI typical"
Fire TV,unlikely,Eystreem Australia Fire TV CTV not clickable https://,www.amazon.com,Playwork,1,"Fire OS = Android-derived; IMA Android SDK supports SIMID 1.0 | app-name pattern suggests FAST/24h channel → SSAI typical"
Fire TV,unlikely,Eystreem United States Fire TV CTV not clickable https://,www.amazon.com,Playwork,1,"Fire OS = Android-derived; IMA Android SDK supports SIMID 1.0 | app-name pattern suggests FAST/24h channel → SSAI typical"
LG,maybe,Eystreem 1240707 Algeria LG CTV not clickable https://,us.lgappstv.com,Playwork,1,"webOS (web-based); same as Samsung — depends on whether app uses IMA HTML5"
LG,maybe,Eystreem 1240707 Australia LG CTV not clickable https://,us.lgappstv.com,Playwork,1,"webOS (web-based); same as Samsung — depends on whether app uses IMA HTML5"
LG,maybe,Eystreem 1240707 Belgium LG CTV not clickable https://,us.lgappstv.com,Playwork,1,"webOS (web-based); same as Samsung — depends on whether app uses IMA HTML5"
LG,maybe,Eystreem 1240707 Brazil LG CTV not clickable https://,us.lgappstv.com,Playwork,1,"webOS (web-based); same as Samsung — depends on whether app uses IMA HTML5"
LG,maybe,Eystreem 1240707 Canada LG CTV not clickable https://,us.lgappstv.com,Playwork,1,"webOS (web-based); same as Samsung — depends on whether app uses IMA HTML5"
LG,maybe,Eystreem 1240707 Chile LG CTV not clickable https://,us.lgappstv.com,Playwork,1,"webOS (web-based); same as Samsung — depends on whether app uses IMA HTML5"
LG,maybe,Eystreem 1240707 Colombia LG CTV not clickable https://,us.lgappstv.com,Playwork,1,"webOS (web-based); same as Samsung — depends on whether app uses IMA HTML5"
LG,maybe,Eystreem 1240707 Cote dIvoire LG CTV not clickable https://,us.lgappstv.com,Playwork,1,"webOS (web-based); same as Samsung — depends on whether app uses IMA HTML5"
LG,maybe,Eystreem 1240707 Czech Republic LG CTV not clickable https://,us.lgappstv.com,Playwork,1,"webOS (web-based); same as Samsung — depends on whether app uses IMA HTML5"
LG,maybe,Eystreem 1240707 Denmark LG CTV not clickable https://,us.lgappstv.com,Playwork,1,"webOS (web-based); same as Samsung — depends on whether app uses IMA HTML5"
LG,maybe,Eystreem 1240707 Egypt LG CTV not clickable https://,us.lgappstv.com,Playwork,1,"webOS (web-based); same as Samsung — depends on whether app uses IMA HTML5"
LG,maybe,Eystreem 1240707 Finland LG CTV not clickable https://,us.lgappstv.com,Playwork,1,"webOS (web-based); same as Samsung — depends on whether app uses IMA HTML5"
LG,maybe,Eystreem 1240707 Ghana LG CTV not clickable https://,us.lgappstv.com,Playwork,1,"webOS (web-based); same as Samsung — depends on whether app uses IMA HTML5"
LG,maybe,Eystreem 1240707 Greece LG CTV not clickable https://,us.lgappstv.com,Playwork,1,"webOS (web-based); same as Samsung — depends on whether app uses IMA HTML5"
LG,maybe,Eystreem 1240707 Guatemala LG CTV not clickable https://,us.lgappstv.com,Playwork,1,"webOS (web-based); same as Samsung — depends on whether app uses IMA HTML5"
LG,maybe,Eystreem 1240707 Hong Kong LG CTV not clickable https://,us.lgappstv.com,Playwork,1,"webOS (web-based); same as Samsung — depends on whether app uses IMA HTML5"
LG,maybe,Eystreem 1240707 India LG CTV not clickable https://,us.lgappstv.com,Playwork,1,"webOS (web-based); same as Samsung — depends on whether app uses IMA HTML5"
LG,maybe,Eystreem 1240707 Indonesia LG CTV not clickable https://,us.lgappstv.com,Playwork,1,"webOS (web-based); same as Samsung — depends on whether app uses IMA HTML5"
LG,maybe,Eystreem 1240707 Iraq LG CTV not clickable https://,us.lgappstv.com,Playwork,1,"webOS (web-based); same as Samsung — depends on whether app uses IMA HTML5"
LG,maybe,Eystreem 1240707 Ireland LG CTV not clickable https://,us.lgappstv.com,Playwork,1,"webOS (web-based); same as Samsung — depends on whether app uses IMA HTML5"
LG,maybe,Eystreem 1240707 Israel LG CTV not clickable https://,us.lgappstv.com,Playwork,1,"webOS (web-based); same as Samsung — depends on whether app uses IMA HTML5"
LG,maybe,Eystreem 1240707 Italy LG CTV not clickable https://,us.lgappstv.com,Playwork,1,"webOS (web-based); same as Samsung — depends on whether app uses IMA HTML5"
LG,maybe,Eystreem 1240707 Kazakhstan LG CTV not clickable https://,us.lgappstv.com,Playwork,1,"webOS (web-based); same as Samsung — depends on whether app uses IMA HTML5"
LG,maybe,Eystreem 1240707 Kenya LG CTV not clickable https://,us.lgappstv.com,Playwork,1,"webOS (web-based); same as Samsung — depends on whether app uses IMA HTML5"
LG,maybe,Eystreem 1240707 Malaysia LG CTV not clickable https://,us.lgappstv.com,Playwork,1,"webOS (web-based); same as Samsung — depends on whether app uses IMA HTML5"
LG,maybe,Eystreem 1240707 Mexico LG CTV not clickable https://,us.lgappstv.com,Playwork,1,"webOS (web-based); same as Samsung — depends on whether app uses IMA HTML5"
LG,maybe,Eystreem 1240707 Morocco LG CTV not clickable https://,us.lgappstv.com,Playwork,1,"webOS (web-based); same as Samsung — depends on whether app uses IMA HTML5"
LG,maybe,Eystreem 1240707 Netherlands LG CTV not clickable https://,us.lgappstv.com,Playwork,1,"webOS (web-based); same as Samsung — depends on whether app uses IMA HTML5"
LG,maybe,Eystreem 1240707 New Zealand LG CTV not clickable https://,us.lgappstv.com,Playwork,1,"webOS (web-based); same as Samsung — depends on whether app uses IMA HTML5"
LG,maybe,1240707 Nicaragua LG CTV https://,us.lgappstv.com,,1,"webOS (web-based); same as Samsung — depends on whether app uses IMA HTML5"
LG,maybe,1240707 Nigeria LG CTV https://,us.lgappstv.com,,1,"webOS (web-based); same as Samsung — depends on whether app uses IMA HTML5"
LG,maybe,1240707 Norway LG CTV https://,us.lgappstv.com,,1,"webOS (web-based); same as Samsung — depends on whether app uses IMA HTML5"
LG,maybe,1240707 Oman LG CTV https://,us.lgappstv.com,,1,"webOS (web-based); same as Samsung — depends on whether app uses IMA HTML5"
LG,maybe,1240707 Peru LG CTV https://,us.lgappstv.com,,1,"webOS (web-based); same as Samsung — depends on whether app uses IMA HTML5"
LG,maybe,1240707 Philippines LG CTV https://,us.lgappstv.com,,1,"webOS (web-based); same as Samsung — depends on whether app uses IMA HTML5"
LG,maybe,1240707 Poland LG CTV https://,us.lgappstv.com,,1,"webOS (web-based); same as Samsung — depends on whether app uses IMA HTML5"
LG,maybe,1240707 Portugal LG CTV https://,us.lgappstv.com,,1,"webOS (web-based); same as Samsung — depends on whether app uses IMA HTML5"
LG,maybe,1240707 Puerto Rico LG CTV https://,us.lgappstv.com,,1,"webOS (web-based); same as Samsung — depends on whether app uses IMA HTML5"
LG,maybe,1240707 Qatar LG CTV https://,us.lgappstv.com,,1,"webOS (web-based); same as Samsung — depends on whether app uses IMA HTML5"
LG,maybe,1240707 Romania LG CTV https://,us.lgappstv.com,,1,"webOS (web-based); same as Samsung — depends on whether app uses IMA HTML5"
LG,maybe,1240707 Saudi Arabia LG CTV https://,us.lgappstv.com,,1,"webOS (web-based); same as Samsung — depends on whether app uses IMA HTML5"
LG,maybe,1240707 Singapore LG CTV https://,us.lgappstv.com,,1,"webOS (web-based); same as Samsung — depends on whether app uses IMA HTML5"
LG,maybe,1240707 Spain LG CTV https://,us.lgappstv.com,,1,"webOS (web-based); same as Samsung — depends on whether app uses IMA HTML5"
LG,maybe,1240707 Sweden LG CTV https://,us.lgappstv.com,,1,"webOS (web-based); same as Samsung — depends on whether app uses IMA HTML5"
LG,maybe,1240707 Turkey LG CTV https://,us.lgappstv.com,,1,"webOS (web-based); same as Samsung — depends on whether app uses IMA HTML5"
LG,maybe,1240707 United States LG CTV https://,us.lgappstv.com,,1,"webOS (web-based); same as Samsung — depends on whether app uses IMA HTML5"
Roku,no,765261 Argentina Roku CTV https://,channelstore.roku.com,,1,"Roku uses Roku Ad Framework (RAF) + BrightLine/Innovid; no first-party SIMID"
Roku,no,765261 Australia Roku CTV https://,channelstore.roku.com,,1,"Roku uses Roku Ad Framework (RAF) + BrightLine/Innovid; no first-party SIMID"
Roku,no,765261 Brazil Roku CTV https://,channelstore.roku.com,,1,"Roku uses Roku Ad Framework (RAF) + BrightLine/Innovid; no first-party SIMID"
Roku,no,765261 Canada Roku CTV https://,channelstore.roku.com,,1,"Roku uses Roku Ad Framework (RAF) + BrightLine/Innovid; no first-party SIMID"
Roku,no,765261 Chile Roku CTV https://,channelstore.roku.com,,1,"Roku uses Roku Ad Framework (RAF) + BrightLine/Innovid; no first-party SIMID"
Roku,no,765261 Colombia Roku CTV https://,channelstore.roku.com,,1,"Roku uses Roku Ad Framework (RAF) + BrightLine/Innovid; no first-party SIMID"
Roku,no,765261 Costa Rica Roku CTV https://,channelstore.roku.com,,1,"Roku uses Roku Ad Framework (RAF) + BrightLine/Innovid; no first-party SIMID"
Roku,no,765261 Dominican Republic Roku CTV https://,channelstore.roku.com,,1,"Roku uses Roku Ad Framework (RAF) + BrightLine/Innovid; no first-party SIMID"
Roku,no,765261 Fiji Roku CTV https://,channelstore.roku.com,,1,"Roku uses Roku Ad Framework (RAF) + BrightLine/Innovid; no first-party SIMID"
Roku,no,765261 Germany Roku CTV https://,channelstore.roku.com,,1,"Roku uses Roku Ad Framework (RAF) + BrightLine/Innovid; no first-party SIMID"
Roku,no,765261 Guam Roku CTV https://,channelstore.roku.com,,1,"Roku uses Roku Ad Framework (RAF) + BrightLine/Innovid; no first-party SIMID"
Roku,no,765261 Guatemala Roku CTV https://,channelstore.roku.com,,1,"Roku uses Roku Ad Framework (RAF) + BrightLine/Innovid; no first-party SIMID"
Roku,no,765261 Honduras Roku CTV https://,channelstore.roku.com,,1,"Roku uses Roku Ad Framework (RAF) + BrightLine/Innovid; no first-party SIMID"
Roku,no,765261 Ireland Roku CTV https://,channelstore.roku.com,,1,"Roku uses Roku Ad Framework (RAF) + BrightLine/Innovid; no first-party SIMID"
Roku,no,765261 Japan Roku CTV https://,channelstore.roku.com,,1,"Roku uses Roku Ad Framework (RAF) + BrightLine/Innovid; no first-party SIMID"
Roku,no,765261 Mexico Roku CTV https://,channelstore.roku.com,,1,"Roku uses Roku Ad Framework (RAF) + BrightLine/Innovid; no first-party SIMID"
Roku,no,765261 Netherlands Roku CTV https://,channelstore.roku.com,,1,"Roku uses Roku Ad Framework (RAF) + BrightLine/Innovid; no first-party SIMID"
Roku,no,765261 Nicaragua Roku CTV https://,channelstore.roku.com,,1,"Roku uses Roku Ad Framework (RAF) + BrightLine/Innovid; no first-party SIMID"
Roku,no,765261 Peru Roku CTV https://,channelstore.roku.com,,1,"Roku uses Roku Ad Framework (RAF) + BrightLine/Innovid; no first-party SIMID"
Roku,no,765261 Puerto Rico Roku CTV https://,channelstore.roku.com,,1,"Roku uses Roku Ad Framework (RAF) + BrightLine/Innovid; no first-party SIMID"
Roku,no,Eystreem 765261 Singapore Roku CTV not clickable https://,channelstore.roku.com,Playwork,1,"Roku uses Roku Ad Framework (RAF) + BrightLine/Innovid; no first-party SIMID"
Roku,no,Eystreem 765261 Spain Roku CTV not clickable https://,channelstore.roku.com,Playwork,1,"Roku uses Roku Ad Framework (RAF) + BrightLine/Innovid; no first-party SIMID"
Roku,no,Eystreem 765261 United Arab Emirates Roku CTV not clickable https://,channelstore.roku.com,Playwork,1,"Roku uses Roku Ad Framework (RAF) + BrightLine/Innovid; no first-party SIMID"
Roku,no,Eystreem 765261 United States Roku CTV not clickable https://,channelstore.roku.com,Playwork,1,"Roku uses Roku Ad Framework (RAF) + BrightLine/Innovid; no first-party SIMID"
Roku,no,Factsverse 765261 Venezuela Roku CTV not clickable https://,channelstore.roku.com,Playwork,1,"Roku uses Roku Ad Framework (RAF) + BrightLine/Innovid; no first-party SIMID"
Comcast,unlikely,Family Feud,com.comcast.factsverse,Playwork,1,"Xfinity X1 set-top box runs custom RDK runtime; usually SSAI"
Fire TV,yes,Family Feud,B077YQHW5B,Playwork,1,"Fire OS = Android-derived; IMA Android SDK supports SIMID 1.0"
Cox,unlikely,Family Feud,com.cox.family_feud,Playwork,1,"Cable STB; usually SSAI"
LG,maybe,Family Feud 1270165 Australia LG CTV not clickable https://,us.lgappstv.com,Playwork,1,"webOS (web-based); same as Samsung — depends on whether app uses IMA HTML5"
LG,maybe,Family Feud 1270165 Brazil LG CTV not clickable https://,us.lgappstv.com,Playwork,1,"webOS (web-based); same as Samsung — depends on whether app uses IMA HTML5"
LG,maybe,Family Feud 1270165 Canada LG CTV not clickable https://,us.lgappstv.com,Playwork,1,"webOS (web-based); same as Samsung — depends on whether app uses IMA HTML5"
LG,maybe,Familyfeud 1270165 Colombia LG CTV not clickable https://,us.lgappstv.com,Playwork,1,"webOS (web-based); same as Samsung — depends on whether app uses IMA HTML5"
LG,maybe,Fantasy10X10 1270165 Denmark LG CTV not clickable https://,us.lgappstv.com,Playwork,1,"webOS (web-based); same as Samsung — depends on whether app uses IMA HTML5"
LG,maybe,Fantasy10X10 1270165 Israel LG CTV not clickable https://,us.lgappstv.com,Playwork,1,"webOS (web-based); same as Samsung — depends on whether app uses IMA HTML5"
LG,unlikely,Fawesome 1270165 Italy LG CTV not clickable https://,us.lgappstv.com,WURL,1,"webOS (web-based); same as Samsung — depends on whether app uses IMA HTML5 | publisher_source = WURL (Roku-owned FAST distribution → SSAI typical)"
LG,unlikely,Fawesome 1270165 Mexico LG CTV not clickable https://,us.lgappstv.com,WURL,1,"webOS (web-based); same as Samsung — depends on whether app uses IMA HTML5 | publisher_source = WURL (Roku-owned FAST distribution → SSAI typical)"
LG,unlikely,Fawesome 1270165 Morocco LG CTV not clickable https://,us.lgappstv.com,WURL,1,"webOS (web-based); same as Samsung — depends on whether app uses IMA HTML5 | publisher_source = WURL (Roku-owned FAST distribution → SSAI typical)"
LG,unlikely,Fawesome - Free Awesome Tv %26 Movies 1270165 Saudi Arabia LG CTV not clickable https://,us.lgappstv.com,WURL,1,"webOS (web-based); same as Samsung — depends on whether app uses IMA HTML5 | app-name pattern suggests FAST/24h channel → SSAI typical | publisher_source = WURL (Roku-owned FAST distribution → SSAI typical)"
LG,unlikely,Fawesome.Tv 1270165 United States LG CTV not clickable https://,us.lgappstv.com,WURL,1,"webOS (web-based); same as Samsung — depends on whether app uses IMA HTML5 | app-name pattern suggests FAST/24h channel → SSAI typical | publisher_source = WURL (Roku-owned FAST distribution → SSAI typical)"
LG,unlikely,Fawesome.Tv 1270165 Zimbabwe LG CTV not clickable https://,us.lgappstv.com,WURL,1,"webOS (web-based); same as Samsung — depends on whether app uses IMA HTML5 | app-name pattern suggests FAST/24h channel → SSAI typical | publisher_source = WURL (Roku-owned FAST distribution → SSAI typical)"
Samsung,unlikely,Fawesomefiretv,com.samsung.family_feud,WURL,1,"Tizen (web-based); SIMID renders if app uses IMA HTML5 — most use Samsung Ads stack instead | publisher_source = WURL (Roku-owned FAST distribution → SSAI typical)"
Vizio,maybe,Fighthubtv,vizio.family_feud,Playwork,1,"SmartCast (web-based); SIMID renders if app uses IMA HTML5"
Vizio,maybe,Fighthubtv,vizio.familyfeud,Playwork,1,"SmartCast (web-based); SIMID renders if app uses IMA HTML5"
Rogers,unlikely,Filmrise,com.rogers.family_feud,WURL,1,"Cable STB; usually SSAI | publisher_source = WURL (Roku-owned FAST distribution → SSAI typical)"
Roku,no,809001 United States Roku CTV https://,channelstore.roku.com,,1,"Roku uses Roku Ad Framework (RAF) + BrightLine/Innovid; no first-party SIMID"
Roku,no,809001 Canada Roku CTV https://,channelstore.roku.com,,1,"Roku uses Roku Ad Framework (RAF) + BrightLine/Innovid; no first-party SIMID"
Roku,no,809001 Mexico Roku CTV https://,channelstore.roku.com,,1,"Roku uses Roku Ad Framework (RAF) + BrightLine/Innovid; no first-party SIMID"
Roku,no,634348 United States Roku CTV https://,channelstore.roku.com,,1,"Roku uses Roku Ad Framework (RAF) + BrightLine/Innovid; no first-party SIMID"
Roku,no,634348 Canada Roku CTV https://,channelstore.roku.com,,1,"Roku uses Roku Ad Framework (RAF) + BrightLine/Innovid; no first-party SIMID"
Roku,no,634348 Mexico Roku CTV https://,channelstore.roku.com,,1,"Roku uses Roku Ad Framework (RAF) + BrightLine/Innovid; no first-party SIMID"
Roku,no,634348 Brazil Roku CTV https://,channelstore.roku.com,,1,"Roku uses Roku Ad Framework (RAF) + BrightLine/Innovid; no first-party SIMID"
Samsung,maybe,G20239015429 United States Samsung CTV https://,www.samsung.com,,1,"Tizen (web-based); SIMID renders if app uses IMA HTML5 — most use Samsung Ads stack instead"
Vizio,maybe,,com.futuretoday.vizio.,,1,"SmartCast (web-based); SIMID renders if app uses IMA HTML5"
Vizio,maybe,,vizio.fawesome,,1,"SmartCast (web-based); SIMID renders if app uses IMA HTML5"
Fire TV,yes,,B07KM1FJV4,,1,"Fire OS = Android-derived; IMA Android SDK supports SIMID 1.0"
Fire TV,yes,,B07W9K238B,,1,"Fire OS = Android-derived; IMA Android SDK supports SIMID 1.0"
Fire TV,yes,,B0963TS8H7,,1,"Fire OS = Android-derived; IMA Android SDK supports SIMID 1.0"
Fire TV,yes,,B0BWF8Z1Y7,,1,"Fire OS = Android-derived; IMA Android SDK supports SIMID 1.0"
Roku,no,,roku.fawesome.tv,,1,"Roku uses Roku Ad Framework (RAF) + BrightLine/Innovid; no first-party SIMID"
Roku,no,585132 United States Roku CTV https://,channelstore.roku.com,,1,"Roku uses Roku Ad Framework (RAF) + BrightLine/Innovid; no first-party SIMID"
Roku,no,585132 Canada Roku CTV https://,channelstore.roku.com,,1,"Roku uses Roku Ad Framework (RAF) + BrightLine/Innovid; no first-party SIMID"
Roku,no,585132 Philippines Roku CTV https://,channelstore.roku.com,,1,"Roku uses Roku Ad Framework (RAF) + BrightLine/Innovid; no first-party SIMID"
Roku,no,585132 Puerto Rico Roku CTV https://,channelstore.roku.com,,1,"Roku uses Roku Ad Framework (RAF) + BrightLine/Innovid; no first-party SIMID"
Fire TV,yes,,B07DBBTDBS,,1,"Fire OS = Android-derived; IMA Android SDK supports SIMID 1.0"
Fire TV,yes,,B07P61YDDQ,,1,"Fire OS = Android-derived; IMA Android SDK supports SIMID 1.0"
Fire TV,yes,,B07P94TJRX,,1,"Fire OS = Android-derived; IMA Android SDK supports SIMID 1.0"
Fire TV,yes,,B07PDC397J,,1,"Fire OS = Android-derived; IMA Android SDK supports SIMID 1.0"
Fire TV,yes,,B07PDC678Y,,1,"Fire OS = Android-derived; IMA Android SDK supports SIMID 1.0"
Fire TV,yes,,B07PF8B5C3,,1,"Fire OS = Android-derived; IMA Android SDK supports SIMID 1.0"
Fire TV,yes,,B07PY7J9Q2,,1,"Fire OS = Android-derived; IMA Android SDK supports SIMID 1.0"
Fire TV,yes,,B07PZCHZQD,,1,"Fire OS = Android-derived; IMA Android SDK supports SIMID 1.0"
Fire TV,yes,,B07Q65PHNL,,1,"Fire OS = Android-derived; IMA Android SDK supports SIMID 1.0"
Fire TV,yes,,B07Q8VF1KW,,1,"Fire OS = Android-derived; IMA Android SDK supports SIMID 1.0"
Fire TV,yes,,B07QCXD3YH,,1,"Fire OS = Android-derived; IMA Android SDK supports SIMID 1.0"
Samsung,maybe,G20238015421 United States Samsung CTV https://,www.samsung.com,,1,"Tizen (web-based); SIMID renders if app uses IMA HTML5 — most use Samsung Ads stack instead"
Vizio,unlikely,Filmrise,vizio.filmrise,WURL,1,"SmartCast (web-based); SIMID renders if app uses IMA HTML5 | publisher_source = WURL (Roku-owned FAST distribution → SSAI typical)"
Vizio,unlikely,Filmrise Action G21196017434 Canada Vizio CTV not clickable https://,www.vizio.com,WURL,1,"SmartCast (web-based); SIMID renders if app uses IMA HTML5 | publisher_source = WURL (Roku-owned FAST distribution → SSAI typical)"
Samsung,unlikely,Filmrise Horror G21196017438 United States Samsung CTV not clickable https://,www.samsung.com,WURL,1,"Tizen (web-based); SIMID renders if app uses IMA HTML5 — most use Samsung Ads stack instead | publisher_source = WURL (Roku-owned FAST distribution → SSAI typical)"
Vizio,unlikely,Filmriseaction,vizio.filmriseaction,WURL,1,"SmartCast (web-based); SIMID renders if app uses IMA HTML5 | publisher_source = WURL (Roku-owned FAST distribution → SSAI typical)"
Samsung,maybe,Fire Kitchen,vizio.fire_kitchen,Playwork,1,"Tizen (web-based); SIMID renders if app uses IMA HTML5 — most use Samsung Ads stack instead"
Samsung,maybe,Firekitchen,att.firelight,Playwork,1,"Tizen (web-based); SIMID renders if app uses IMA HTML5 — most use Samsung Ads stack instead"
Fire TV,unlikely,Firelight Brazil Fire TV CTV not clickable https://,www.amazon.com,Playwork,1,"Fire OS = Android-derived; IMA Android SDK supports SIMID 1.0 | app-name pattern suggests FAST/24h channel → SSAI typical"
Fire TV,unlikely,Firelight Canada Fire TV CTV not clickable https://,www.amazon.com,Playwork,1,"Fire OS = Android-derived; IMA Android SDK supports SIMID 1.0 | app-name pattern suggests FAST/24h channel → SSAI typical"
Fire TV,unlikely,Firelight Costa Rica Fire TV CTV not clickable https://,www.amazon.com,Playwork,1,"Fire OS = Android-derived; IMA Android SDK supports SIMID 1.0 | app-name pattern suggests FAST/24h channel → SSAI typical"
Fire TV,unlikely,Firelight El Salvador Fire TV CTV not clickable https://,www.amazon.com,Playwork,1,"Fire OS = Android-derived; IMA Android SDK supports SIMID 1.0 | app-name pattern suggests FAST/24h channel → SSAI typical"
Fire TV,unlikely,Firelight France Fire TV CTV not clickable https://,www.amazon.com,Playwork,1,"Fire OS = Android-derived; IMA Android SDK supports SIMID 1.0 | app-name pattern suggests FAST/24h channel → SSAI typical"
Fire TV,unlikely,Firelight Germany Fire TV CTV not clickable https://,www.amazon.com,Playwork,1,"Fire OS = Android-derived; IMA Android SDK supports SIMID 1.0 | app-name pattern suggests FAST/24h channel → SSAI typical"
Fire TV,unlikely,Firelight Honduras Fire TV CTV not clickable https://,www.amazon.com,Playwork,1,"Fire OS = Android-derived; IMA Android SDK supports SIMID 1.0 | app-name pattern suggests FAST/24h channel → SSAI typical"
Fire TV,unlikely,Firelight India Fire TV CTV not clickable https://,www.amazon.com,Playwork,1,"Fire OS = Android-derived; IMA Android SDK supports SIMID 1.0 | app-name pattern suggests FAST/24h channel → SSAI typical"
Fire TV,unlikely,Firelight Ireland Fire TV CTV not clickable https://,www.amazon.com,Playwork,1,"Fire OS = Android-derived; IMA Android SDK supports SIMID 1.0 | app-name pattern suggests FAST/24h channel → SSAI typical"
Fire TV,unlikely,Firelight Italy Fire TV CTV not clickable https://,www.amazon.com,Playwork,1,"Fire OS = Android-derived; IMA Android SDK supports SIMID 1.0 | app-name pattern suggests FAST/24h channel → SSAI typical"
Fire TV,unlikely,Firelight Mexico Fire TV CTV not clickable https://,www.amazon.com,Playwork,1,"Fire OS = Android-derived; IMA Android SDK supports SIMID 1.0 | app-name pattern suggests FAST/24h channel → SSAI typical"
Fire TV,unlikely,Firelight Moldova  Republic of Fire TV CTV not clickable https://,www.amazon.com,Playwork,1,"Fire OS = Android-derived; IMA Android SDK supports SIMID 1.0 | app-name pattern suggests FAST/24h channel → SSAI typical"
Fire TV,unlikely,Firelight Morocco Fire TV CTV not clickable https://,www.amazon.com,Playwork,1,"Fire OS = Android-derived; IMA Android SDK supports SIMID 1.0 | app-name pattern suggests FAST/24h channel → SSAI typical"
Fire TV,unlikely,Firelight Nigeria Fire TV CTV not clickable https://,www.amazon.com,Playwork,1,"Fire OS = Android-derived; IMA Android SDK supports SIMID 1.0 | app-name pattern suggests FAST/24h channel → SSAI typical"
Fire TV,unlikely,Firelight Spain Fire TV CTV not clickable https://,www.amazon.com,Playwork,1,"Fire OS = Android-derived; IMA Android SDK supports SIMID 1.0 | app-name pattern suggests FAST/24h channel → SSAI typical"
Fire TV,unlikely,Firelight Australia Fire TV CTV not clickable https://,www.amazon.com,Playwork,1,"Fire OS = Android-derived; IMA Android SDK supports SIMID 1.0 | app-name pattern suggests FAST/24h channel → SSAI typical"
Fire TV,unlikely,Firelight United States Fire TV CTV not clickable https://,www.amazon.com,Playwork,1,"Fire OS = Android-derived; IMA Android SDK supports SIMID 1.0 | app-name pattern suggests FAST/24h channel → SSAI typical"
LG,maybe,Firelight 1269971 Algeria LG CTV not clickable https://,us.lgappstv.com,Playwork,1,"webOS (web-based); same as Samsung — depends on whether app uses IMA HTML5"
LG,maybe,Firelight 1269971 Argentina LG CTV not clickable https://,us.lgappstv.com,Playwork,1,"webOS (web-based); same as Samsung — depends on whether app uses IMA HTML5"
LG,maybe,Firelight 1269971 Australia LG CTV not clickable https://,us.lgappstv.com,Playwork,1,"webOS (web-based); same as Samsung — depends on whether app uses IMA HTML5"
LG,maybe,Firelight 1269971 Belgium LG CTV not clickable https://,us.lgappstv.com,Playwork,1,"webOS (web-based); same as Samsung — depends on whether app uses IMA HTML5"
LG,maybe,1269971 Brazil LG CTV https://,us.lgappstv.com,,1,"webOS (web-based); same as Samsung — depends on whether app uses IMA HTML5"
LG,maybe,1269971 Burkina Faso LG CTV https://,us.lgappstv.com,,1,"webOS (web-based); same as Samsung — depends on whether app uses IMA HTML5"
LG,maybe,1269971 Canada LG CTV https://,us.lgappstv.com,,1,"webOS (web-based); same as Samsung — depends on whether app uses IMA HTML5"
LG,maybe,1269971 Chile LG CTV https://,us.lgappstv.com,,1,"webOS (web-based); same as Samsung — depends on whether app uses IMA HTML5"
LG,maybe,1269971 Colombia LG CTV https://,us.lgappstv.com,,1,"webOS (web-based); same as Samsung — depends on whether app uses IMA HTML5"
LG,maybe,1269971 Czech Republic LG CTV https://,us.lgappstv.com,,1,"webOS (web-based); same as Samsung — depends on whether app uses IMA HTML5"
LG,maybe,1269971 Ecuador LG CTV https://,us.lgappstv.com,,1,"webOS (web-based); same as Samsung — depends on whether app uses IMA HTML5"
LG,maybe,1269971 Egypt LG CTV https://,us.lgappstv.com,,1,"webOS (web-based); same as Samsung — depends on whether app uses IMA HTML5"
LG,maybe,1269971 El Salvador LG CTV https://,us.lgappstv.com,,1,"webOS (web-based); same as Samsung — depends on whether app uses IMA HTML5"
LG,maybe,1269971 Estonia LG CTV https://,us.lgappstv.com,,1,"webOS (web-based); same as Samsung — depends on whether app uses IMA HTML5"
LG,maybe,1269971 Faroe Islands LG CTV https://,us.lgappstv.com,,1,"webOS (web-based); same as Samsung — depends on whether app uses IMA HTML5"
LG,maybe,1269971 Finland LG CTV https://,us.lgappstv.com,,1,"webOS (web-based); same as Samsung — depends on whether app uses IMA HTML5"
LG,maybe,1269971 France LG CTV https://,us.lgappstv.com,,1,"webOS (web-based); same as Samsung — depends on whether app uses IMA HTML5"
LG,maybe,1269971 Germany LG CTV https://,us.lgappstv.com,,1,"webOS (web-based); same as Samsung — depends on whether app uses IMA HTML5"
LG,maybe,1269971 Guatemala LG CTV https://,us.lgappstv.com,,1,"webOS (web-based); same as Samsung — depends on whether app uses IMA HTML5"
LG,maybe,1269971 Honduras LG CTV https://,us.lgappstv.com,,1,"webOS (web-based); same as Samsung — depends on whether app uses IMA HTML5"
LG,maybe,1269971 Hong Kong LG CTV https://,us.lgappstv.com,,1,"webOS (web-based); same as Samsung — depends on whether app uses IMA HTML5"
LG,maybe,1269971 India LG CTV https://,us.lgappstv.com,,1,"webOS (web-based); same as Samsung — depends on whether app uses IMA HTML5"
LG,maybe,1269971 Indonesia LG CTV https://,us.lgappstv.com,,1,"webOS (web-based); same as Samsung — depends on whether app uses IMA HTML5"
LG,maybe,1269971 Iraq LG CTV https://,us.lgappstv.com,,1,"webOS (web-based); same as Samsung — depends on whether app uses IMA HTML5"
LG,maybe,1269971 Ireland LG CTV https://,us.lgappstv.com,,1,"webOS (web-based); same as Samsung — depends on whether app uses IMA HTML5"
LG,maybe,1269971 Israel LG CTV https://,us.lgappstv.com,,1,"webOS (web-based); same as Samsung — depends on whether app uses IMA HTML5"
LG,maybe,1269971 Italy LG CTV https://,us.lgappstv.com,,1,"webOS (web-based); same as Samsung — depends on whether app uses IMA HTML5"
LG,maybe,1269971 Japan LG CTV https://,us.lgappstv.com,,1,"webOS (web-based); same as Samsung — depends on whether app uses IMA HTML5"
LG,maybe,1269971 Kazakhstan LG CTV https://,us.lgappstv.com,,1,"webOS (web-based); same as Samsung — depends on whether app uses IMA HTML5"
LG,maybe,1269971 Kenya LG CTV https://,us.lgappstv.com,,1,"webOS (web-based); same as Samsung — depends on whether app uses IMA HTML5"
LG,maybe,1269971 Kuwait LG CTV https://,us.lgappstv.com,,1,"webOS (web-based); same as Samsung — depends on whether app uses IMA HTML5"
LG,maybe,1269971 Malaysia LG CTV https://,us.lgappstv.com,,1,"webOS (web-based); same as Samsung — depends on whether app uses IMA HTML5"
LG,maybe,1269971 Mexico LG CTV https://,us.lgappstv.com,,1,"webOS (web-based); same as Samsung — depends on whether app uses IMA HTML5"
LG,maybe,1269971 Moldova  Republic of LG CTV https://,us.lgappstv.com,,1,"webOS (web-based); same as Samsung — depends on whether app uses IMA HTML5"
LG,maybe,1269971 Morocco LG CTV https://,us.lgappstv.com,,1,"webOS (web-based); same as Samsung — depends on whether app uses IMA HTML5"
LG,maybe,1269971 New Zealand LG CTV https://,us.lgappstv.com,,1,"webOS (web-based); same as Samsung — depends on whether app uses IMA HTML5"
LG,maybe,1269971 Nicaragua LG CTV https://,us.lgappstv.com,,1,"webOS (web-based); same as Samsung — depends on whether app uses IMA HTML5"
LG,maybe,1269971 Nigeria LG CTV https://,us.lgappstv.com,,1,"webOS (web-based); same as Samsung — depends on whether app uses IMA HTML5"
LG,maybe,1269971 Norway LG CTV https://,us.lgappstv.com,,1,"webOS (web-based); same as Samsung — depends on whether app uses IMA HTML5"
LG,maybe,1269971 Pakistan LG CTV https://,us.lgappstv.com,,1,"webOS (web-based); same as Samsung — depends on whether app uses IMA HTML5"
LG,maybe,1269971 Peru LG CTV https://,us.lgappstv.com,,1,"webOS (web-based); same as Samsung — depends on whether app uses IMA HTML5"
LG,maybe,Firelight 1269971 Philippines LG CTV not clickable https://,us.lgappstv.com,Playwork,1,"webOS (web-based); same as Samsung — depends on whether app uses IMA HTML5"
LG,maybe,Firelight 1269971 Poland LG CTV not clickable https://,us.lgappstv.com,Playwork,1,"webOS (web-based); same as Samsung — depends on whether app uses IMA HTML5"
LG,maybe,Firelight 1269971 Portugal LG CTV not clickable https://,us.lgappstv.com,Playwork,1,"webOS (web-based); same as Samsung — depends on whether app uses IMA HTML5"
LG,maybe,Firelight 1269971 Qatar LG CTV not clickable https://,us.lgappstv.com,Playwork,1,"webOS (web-based); same as Samsung — depends on whether app uses IMA HTML5"
LG,maybe,Firelight 1269971 Romania LG CTV not clickable https://,us.lgappstv.com,Playwork,1,"webOS (web-based); same as Samsung — depends on whether app uses IMA HTML5"
LG,maybe,Firelight 1269971 Saudi Arabia LG CTV not clickable https://,us.lgappstv.com,Playwork,1,"webOS (web-based); same as Samsung — depends on whether app uses IMA HTML5"
LG,maybe,Firelight 1269971 Serbia LG CTV not clickable https://,us.lgappstv.com,Playwork,1,"webOS (web-based); same as Samsung — depends on whether app uses IMA HTML5"
LG,maybe,Firelight 1269971 Spain LG CTV not clickable https://,us.lgappstv.com,Playwork,1,"webOS (web-based); same as Samsung — depends on whether app uses IMA HTML5"
LG,maybe,Firelight 1269971 Sweden LG CTV not clickable https://,us.lgappstv.com,Playwork,1,"webOS (web-based); same as Samsung — depends on whether app uses IMA HTML5"
LG,maybe,Firelight 1269971 Thailand LG CTV not clickable https://,us.lgappstv.com,Playwork,1,"webOS (web-based); same as Samsung — depends on whether app uses IMA HTML5"
LG,maybe,Firelight 1269971 Turkey LG CTV not clickable https://,us.lgappstv.com,Playwork,1,"webOS (web-based); same as Samsung — depends on whether app uses IMA HTML5"
LG,maybe,Firelight 1269971 United Arab Emirates LG CTV not clickable https://,us.lgappstv.com,Playwork,1,"webOS (web-based); same as Samsung — depends on whether app uses IMA HTML5"
LG,maybe,Firelight 1269971 United States LG CTV not clickable https://,us.lgappstv.com,Playwork,1,"webOS (web-based); same as Samsung — depends on whether app uses IMA HTML5"
Roku,no,Firelight 767511 Argentina Roku CTV not clickable https://,channelstore.roku.com,Playwork,1,"Roku uses Roku Ad Framework (RAF) + BrightLine/Innovid; no first-party SIMID"
Roku,no,Firelight 767511 Australia Roku CTV not clickable https://,channelstore.roku.com,Playwork,1,"Roku uses Roku Ad Framework (RAF) + BrightLine/Innovid; no first-party SIMID"
Roku,no,Firelight 767511 Brazil Roku CTV not clickable https://,channelstore.roku.com,Playwork,1,"Roku uses Roku Ad Framework (RAF) + BrightLine/Innovid; no first-party SIMID"
Roku,no,Firelight 767511 Canada Roku CTV not clickable https://,channelstore.roku.com,Playwork,1,"Roku uses Roku Ad Framework (RAF) + BrightLine/Innovid; no first-party SIMID"
Roku,no,Firelight 767511 Chile Roku CTV not clickable https://,channelstore.roku.com,Playwork,1,"Roku uses Roku Ad Framework (RAF) + BrightLine/Innovid; no first-party SIMID"
Roku,no,Firelight 767511 Colombia Roku CTV not clickable https://,channelstore.roku.com,Playwork,1,"Roku uses Roku Ad Framework (RAF) + BrightLine/Innovid; no first-party SIMID"
Roku,no,Firelight 767511 Costa Rica Roku CTV not clickable https://,channelstore.roku.com,Playwork,1,"Roku uses Roku Ad Framework (RAF) + BrightLine/Innovid; no first-party SIMID"
Roku,no,Firelight 767511 Dominican Republic Roku CTV not clickable https://,channelstore.roku.com,Playwork,1,"Roku uses Roku Ad Framework (RAF) + BrightLine/Innovid; no first-party SIMID"
Roku,no,Firelight 767511 Germany Roku CTV not clickable https://,channelstore.roku.com,Playwork,1,"Roku uses Roku Ad Framework (RAF) + BrightLine/Innovid; no first-party SIMID"
Roku,no,Firelight 767511 Honduras Roku CTV not clickable https://,channelstore.roku.com,Playwork,1,"Roku uses Roku Ad Framework (RAF) + BrightLine/Innovid; no first-party SIMID"
Roku,no,Firelight 767511 Japan Roku CTV not clickable https://,channelstore.roku.com,Playwork,1,"Roku uses Roku Ad Framework (RAF) + BrightLine/Innovid; no first-party SIMID"
Roku,no,Fitmc 767511 Mexico Roku CTV not clickable https://,channelstore.roku.com,Playwork,1,"Roku uses Roku Ad Framework (RAF) + BrightLine/Innovid; no first-party SIMID"
Roku,no,Fitmc 767511 Netherlands Roku CTV not clickable https://,channelstore.roku.com,Playwork,1,"Roku uses Roku Ad Framework (RAF) + BrightLine/Innovid; no first-party SIMID"
Roku,no,Flosports 767511 Panama Roku CTV not clickable https://,channelstore.roku.com,WURL,1,"Roku uses Roku Ad Framework (RAF) + BrightLine/Innovid; no first-party SIMID | publisher_source = WURL (Roku-owned FAST distribution → SSAI typical)"
Roku,no,Fnaf Gaming 767511 Puerto Rico Roku CTV not clickable https://,channelstore.roku.com,Playwork,1,"Roku uses Roku Ad Framework (RAF) + BrightLine/Innovid; no first-party SIMID"
Roku,no,Fnaf Gaming 767511 Singapore Roku CTV not clickable https://,channelstore.roku.com,Playwork,1,"Roku uses Roku Ad Framework (RAF) + BrightLine/Innovid; no first-party SIMID"
Roku,no,Fnaf Gaming 767511 United States Roku CTV not clickable https://,channelstore.roku.com,WURL,1,"Roku uses Roku Ad Framework (RAF) + BrightLine/Innovid; no first-party SIMID | publisher_source = WURL (Roku-owned FAST distribution → SSAI typical)"
Roku,no,Fnaf Gaming 767511 Venezuela Roku CTV not clickable https://,channelstore.roku.com,Playwork,1,"Roku uses Roku Ad Framework (RAF) + BrightLine/Innovid; no first-party SIMID"
Vizio,maybe,Fnaf Gaming,vizio.firelight,Playwork,1,"SmartCast (web-based); SIMID renders if app uses IMA HTML5"
Samsung,maybe,Fnafgaming,com.samsung.firelight,Playwork,1,"Tizen (web-based); SIMID renders if app uses IMA HTML5 — most use Samsung Ads stack instead"
Roku,no,785697 United States Roku CTV https://,channelstore.roku.com,,1,"Roku uses Roku Ad Framework (RAF) + BrightLine/Innovid; no first-party SIMID"
Vizio,maybe,,vizio.fitmc,,1,"SmartCast (web-based); SIMID renders if app uses IMA HTML5"
Roku,no,785697 Canada Roku CTV https://,channelstore.roku.com,,1,"Roku uses Roku Ad Framework (RAF) + BrightLine/Innovid; no first-party SIMID"
Fire TV,yes,,b07q3t4jwk,,1,"Fire OS = Android-derived; IMA Android SDK supports SIMID 1.0"
Samsung,maybe,G20250600048 United States Samsung CTV https://,www.samsung.com,,1,"Tizen (web-based); SIMID renders if app uses IMA HTML5 — most use Samsung Ads stack instead"
Comcast,unlikely,,com.comcast.fnaf_gaming,,1,"Xfinity X1 set-top box runs custom RDK runtime; usually SSAI"
Cox,unlikely,,com.cox.fnaf_gaming,,1,"Cable STB; usually SSAI"
Vizio,maybe,,vizio.fnafgaming,,1,"SmartCast (web-based); SIMID renders if app uses IMA HTML5"
Rogers,unlikely,,com.rogers.fnaf_gaming,,1,"Cable STB; usually SSAI"
Roku,no,736318 United States Roku CTV https://,channelstore.roku.com,,1,"Roku uses Roku Ad Framework (RAF) + BrightLine/Innovid; no first-party SIMID"
Roku,no,736318 Brazil Roku CTV https://,channelstore.roku.com,,1,"Roku uses Roku Ad Framework (RAF) + BrightLine/Innovid; no first-party SIMID"
Roku,no,Fnafgaming 736318 Mexico Roku CTV not clickable https://,channelstore.roku.com,Playwork,1,"Roku uses Roku Ad Framework (RAF) + BrightLine/Innovid; no first-party SIMID"
Cox,unlikely,Forge Labs,com.cox.forge_labs,Playwork,1,"Cable STB; usually SSAI"
Vizio,maybe,Forge Labs,vizio.forge_labs,Playwork,1,"SmartCast (web-based); SIMID renders if app uses IMA HTML5"
Vizio,maybe,Forge Labs,vizio.forgelabs,Playwork,1,"SmartCast (web-based); SIMID renders if app uses IMA HTML5"
Samsung,unlikely,Fox Business,com.samsung.forge_labs,WURL,1,"Tizen (web-based); SIMID renders if app uses IMA HTML5 — most use Samsung Ads stack instead | publisher_source = WURL (Roku-owned FAST distribution → SSAI typical)"
Samsung,unlikely,Fox Local: Live News,com.samsung.forge_labs,WURL,1,"Tizen (web-based); SIMID renders if app uses IMA HTML5 — most use Samsung Ads stack instead | app-name pattern suggests FAST/24h channel → SSAI typical | publisher_source = WURL (Roku-owned FAST distribution → SSAI typical)"
Samsung,unlikely,Fox News,com.samsung.forge_labs,WURL,1,"Tizen (web-based); SIMID renders if app uses IMA HTML5 — most use Samsung Ads stack instead | publisher_source = WURL (Roku-owned FAST distribution → SSAI typical)"
Samsung,unlikely,Fox Sports,com.samsung.forge_labs,WURL,1,"Tizen (web-based); SIMID renders if app uses IMA HTML5 — most use Samsung Ads stack instead | publisher_source = WURL (Roku-owned FAST distribution → SSAI typical)"
Samsung,unlikely,Fox13 Memphis,com.samsung.forge_labs,WURL,1,"Tizen (web-based); SIMID renders if app uses IMA HTML5 — most use Samsung Ads stack instead | publisher_source = WURL (Roku-owned FAST distribution → SSAI typical)"
Samsung,unlikely,Fox5 Vegas - Las Vegas News,com.samsung.forge_labs,WURL,1,"Tizen (web-based); SIMID renders if app uses IMA HTML5 — most use Samsung Ads stack instead | publisher_source = WURL (Roku-owned FAST distribution → SSAI typical)"
Samsung,unlikely,Free Movies Plus,com.samsung.forge_labs,WURL,1,"Tizen (web-based); SIMID renders if app uses IMA HTML5 — most use Samsung Ads stack instead | publisher_source = WURL (Roku-owned FAST distribution → SSAI typical)"
Rogers,unlikely,,com.rogers.forge_labs,,1,"Cable STB; usually SSAI"
Roku,no,814418 United States Roku CTV https://,channelstore.roku.com,,1,"Roku uses Roku Ad Framework (RAF) + BrightLine/Innovid; no first-party SIMID"
Roku,no,814418 Mexico Roku CTV https://,channelstore.roku.com,,1,"Roku uses Roku Ad Framework (RAF) + BrightLine/Innovid; no first-party SIMID"
Roku,no,814418 Canada Roku CTV https://,channelstore.roku.com,,1,"Roku uses Roku Ad Framework (RAF) + BrightLine/Innovid; no first-party SIMID"
Roku,no,814418 Brazil Roku CTV https://,channelstore.roku.com,,1,"Roku uses Roku Ad Framework (RAF) + BrightLine/Innovid; no first-party SIMID"
Roku,no,814418 Argentina Roku CTV https://,channelstore.roku.com,,1,"Roku uses Roku Ad Framework (RAF) + BrightLine/Innovid; no first-party SIMID"
Roku,no,814418 Guatemala Roku CTV https://,channelstore.roku.com,,1,"Roku uses Roku Ad Framework (RAF) + BrightLine/Innovid; no first-party SIMID"
Roku,no,637039 United States Roku CTV https://,channelstore.roku.com,,1,"Roku uses Roku Ad Framework (RAF) + BrightLine/Innovid; no first-party SIMID"
Roku,no,637039 Canada Roku CTV https://,channelstore.roku.com,,1,"Roku uses Roku Ad Framework (RAF) + BrightLine/Innovid; no first-party SIMID"
Roku,no,637039 Mexico Roku CTV https://,channelstore.roku.com,,1,"Roku uses Roku Ad Framework (RAF) + BrightLine/Innovid; no first-party SIMID"
Fire TV,yes,,B06XHJLQ8S,,1,"Fire OS = Android-derived; IMA Android SDK supports SIMID 1.0"
Fire TV,yes,,B077YQZT8L,,1,"Fire OS = Android-derived; IMA Android SDK supports SIMID 1.0"
Fire TV,yes,,B0858CLWD3,,1,"Fire OS = Android-derived; IMA Android SDK supports SIMID 1.0"
Vizio,maybe,,vizio.watchfree.fox.fts,,1,"SmartCast (web-based); SIMID renders if app uses IMA HTML5"
Samsung,maybe,G00009197740 United States Samsung CTV https://,www.samsung.com,,1,"Tizen (web-based); SIMID renders if app uses IMA HTML5 — most use Samsung Ads stack instead"
Fire TV,yes,,B00I5VT8KY,,1,"Fire OS = Android-derived; IMA Android SDK supports SIMID 1.0"
Fire TV,yes,,B0856SMC3Y,,1,"Fire OS = Android-derived; IMA Android SDK supports SIMID 1.0"
Fire TV,yes,,B01D0ZB68Q,,1,"Fire OS = Android-derived; IMA Android SDK supports SIMID 1.0"
Fire TV,yes,,B01N1NGM3M,,1,"Fire OS = Android-derived; IMA Android SDK supports SIMID 1.0"
Fire TV,yes,,B0856R9LGV,,1,"Fire OS = Android-derived; IMA Android SDK supports SIMID 1.0"
Vizio,maybe,,vizio.foxlocal,,1,"SmartCast (web-based); SIMID renders if app uses IMA HTML5"
Fire TV,yes,,B08JPDLL1Z,,1,"Fire OS = Android-derived; IMA Android SDK supports SIMID 1.0"
Vizio,maybe,,vizio.freemoviesplus,,1,"SmartCast (web-based); SIMID renders if app uses IMA HTML5"
Roku,no,715493 Australia Roku CTV https://,channelstore.roku.com,,1,"Roku uses Roku Ad Framework (RAF) + BrightLine/Innovid; no first-party SIMID"
Roku,no,715493 Brazil Roku CTV https://,channelstore.roku.com,,1,"Roku uses Roku Ad Framework (RAF) + BrightLine/Innovid; no first-party SIMID"
Roku,no,715493 Canada Roku CTV https://,channelstore.roku.com,,1,"Roku uses Roku Ad Framework (RAF) + BrightLine/Innovid; no first-party SIMID"
Roku,no,715493 Colombia Roku CTV https://,channelstore.roku.com,,1,"Roku uses Roku Ad Framework (RAF) + BrightLine/Innovid; no first-party SIMID"
Roku,no,Freemovie Browser Like Chrome 715493 Gambia Roku CTV not clickable https://,channelstore.roku.com,,1,"Roku uses Roku Ad Framework (RAF) + BrightLine/Innovid; no first-party SIMID"
Roku,no,Freemovie Browser Like Chrome 715493 Ghana Roku CTV not clickable https://,channelstore.roku.com,,1,"Roku uses Roku Ad Framework (RAF) + BrightLine/Innovid; no first-party SIMID"
Roku,no,Freemovie Browser Like Chrome 715493 Honduras Roku CTV not clickable https://,channelstore.roku.com,,1,"Roku uses Roku Ad Framework (RAF) + BrightLine/Innovid; no first-party SIMID"
Roku,no,Freemovie Browser Like Chrome 715493 Kenya Roku CTV not clickable https://,channelstore.roku.com,,1,"Roku uses Roku Ad Framework (RAF) + BrightLine/Innovid; no first-party SIMID"
Roku,no,Freemovie Browser Like Chrome 715493 Mexico Roku CTV not clickable https://,channelstore.roku.com,,1,"Roku uses Roku Ad Framework (RAF) + BrightLine/Innovid; no first-party SIMID"
Roku,no,Freemovie Browser Like Chrome 715493 Philippines Roku CTV not clickable https://,channelstore.roku.com,,1,"Roku uses Roku Ad Framework (RAF) + BrightLine/Innovid; no first-party SIMID"
Roku,no,Freemovie Browser Like Chrome 715493 Puerto Rico Roku CTV not clickable https://,channelstore.roku.com,,1,"Roku uses Roku Ad Framework (RAF) + BrightLine/Innovid; no first-party SIMID"
Roku,no,Freemovie Browser Like Chrome 715493 United States Roku CTV not clickable https://,channelstore.roku.com,,1,"Roku uses Roku Ad Framework (RAF) + BrightLine/Innovid; no first-party SIMID"
Roku,no,Freetube- Search & Watch Free 727464 Algeria Roku CTV not clickable https://,channelstore.roku.com,,1,"Roku uses Roku Ad Framework (RAF) + BrightLine/Innovid; no first-party SIMID"
Roku,no,Freetube- Search & Watch Free 727464 Argentina Roku CTV not clickable https://,channelstore.roku.com,,1,"Roku uses Roku Ad Framework (RAF) + BrightLine/Innovid; no first-party SIMID"
Roku,no,Freetube- Search & Watch Free 727464 Australia Roku CTV not clickable https://,channelstore.roku.com,,1,"Roku uses Roku Ad Framework (RAF) + BrightLine/Innovid; no first-party SIMID"
Roku,no,Freetube- Search & Watch Free 727464 Brazil Roku CTV not clickable https://,channelstore.roku.com,,1,"Roku uses Roku Ad Framework (RAF) + BrightLine/Innovid; no first-party SIMID"
Roku,no,Freetube- Search & Watch Free 727464 Canada Roku CTV not clickable https://,channelstore.roku.com,,1,"Roku uses Roku Ad Framework (RAF) + BrightLine/Innovid; no first-party SIMID"
Roku,no,Freetube- Search & Watch Free 727464 Cape Verde Roku CTV not clickable https://,channelstore.roku.com,,1,"Roku uses Roku Ad Framework (RAF) + BrightLine/Innovid; no first-party SIMID"
Roku,no,Freetube- Search & Watch Free 727464 Chile Roku CTV not clickable https://,channelstore.roku.com,,1,"Roku uses Roku Ad Framework (RAF) + BrightLine/Innovid; no first-party SIMID"
Roku,no,Freetube- Search & Watch Free 727464 Colombia Roku CTV not clickable https://,channelstore.roku.com,,1,"Roku uses Roku Ad Framework (RAF) + BrightLine/Innovid; no first-party SIMID"
Roku,no,Freetube- Search & Watch Free 727464 Denmark Roku CTV not clickable https://,channelstore.roku.com,,1,"Roku uses Roku Ad Framework (RAF) + BrightLine/Innovid; no first-party SIMID"
Roku,no,Freetube- Search & Watch Free 727464 Ecuador Roku CTV not clickable https://,channelstore.roku.com,,1,"Roku uses Roku Ad Framework (RAF) + BrightLine/Innovid; no first-party SIMID"
Roku,no,Freetube- Search & Watch Free 727464 Ethiopia Roku CTV not clickable https://,channelstore.roku.com,,1,"Roku uses Roku Ad Framework (RAF) + BrightLine/Innovid; no first-party SIMID"
Roku,no,Freetube- Search & Watch Free 727464 Germany Roku CTV not clickable https://,channelstore.roku.com,,1,"Roku uses Roku Ad Framework (RAF) + BrightLine/Innovid; no first-party SIMID"
Roku,no,Freetube- Search & Watch Free 727464 Ghana Roku CTV not clickable https://,channelstore.roku.com,,1,"Roku uses Roku Ad Framework (RAF) + BrightLine/Innovid; no first-party SIMID"
Roku,no,Freetube- Search & Watch Free 727464 Greece Roku CTV not clickable https://,channelstore.roku.com,,1,"Roku uses Roku Ad Framework (RAF) + BrightLine/Innovid; no first-party SIMID"
Roku,no,Freetube- Search & Watch Free 727464 Hong Kong Roku CTV not clickable https://,channelstore.roku.com,,1,"Roku uses Roku Ad Framework (RAF) + BrightLine/Innovid; no first-party SIMID"
Roku,no,Freetube- Search & Watch Free 727464 India Roku CTV not clickable https://,channelstore.roku.com,,1,"Roku uses Roku Ad Framework (RAF) + BrightLine/Innovid; no first-party SIMID"
Roku,no,Freetube- Search & Watch Free 727464 Indonesia Roku CTV not clickable https://,channelstore.roku.com,,1,"Roku uses Roku Ad Framework (RAF) + BrightLine/Innovid; no first-party SIMID"
Roku,no,Freetube- Search & Watch Free 727464 Japan Roku CTV not clickable https://,channelstore.roku.com,,1,"Roku uses Roku Ad Framework (RAF) + BrightLine/Innovid; no first-party SIMID"
Roku,no,Freetube- Search & Watch Free 727464 Kenya Roku CTV not clickable https://,channelstore.roku.com,,1,"Roku uses Roku Ad Framework (RAF) + BrightLine/Innovid; no first-party SIMID"
Roku,no,Freetube- Search & Watch Free 727464 Liechtenstein Roku CTV not clickable https://,channelstore.roku.com,,1,"Roku uses Roku Ad Framework (RAF) + BrightLine/Innovid; no first-party SIMID"
Roku,no,Freetube- Search & Watch Free 727464 Martinique Roku CTV not clickable https://,channelstore.roku.com,,1,"Roku uses Roku Ad Framework (RAF) + BrightLine/Innovid; no first-party SIMID"
Roku,no,Freetube- Search & Watch Free 727464 Mauritania Roku CTV not clickable https://,channelstore.roku.com,,1,"Roku uses Roku Ad Framework (RAF) + BrightLine/Innovid; no first-party SIMID"
Roku,no,Freetube- Search & Watch Free 727464 Mexico Roku CTV not clickable https://,channelstore.roku.com,,1,"Roku uses Roku Ad Framework (RAF) + BrightLine/Innovid; no first-party SIMID"
Roku,no,Freetube- Search & Watch Free 727464 Nepal Roku CTV not clickable https://,channelstore.roku.com,,1,"Roku uses Roku Ad Framework (RAF) + BrightLine/Innovid; no first-party SIMID"
Roku,no,Freetube- Search & Watch Free 727464 New Zealand Roku CTV not clickable https://,channelstore.roku.com,,1,"Roku uses Roku Ad Framework (RAF) + BrightLine/Innovid; no first-party SIMID"
Roku,no,Freetube- Search & Watch Free 727464 Palestinian Territory Roku CTV not clickable https://,channelstore.roku.com,,1,"Roku uses Roku Ad Framework (RAF) + BrightLine/Innovid; no first-party SIMID"
Roku,no,Freetube- Search & Watch Free 727464 Peru Roku CTV not clickable https://,channelstore.roku.com,,1,"Roku uses Roku Ad Framework (RAF) + BrightLine/Innovid; no first-party SIMID"
Roku,no,Freetube- Search & Watch Free 727464 Philippines Roku CTV not clickable https://,channelstore.roku.com,,1,"Roku uses Roku Ad Framework (RAF) + BrightLine/Innovid; no first-party SIMID"
Roku,no,Freetube- Search & Watch Free 727464 Puerto Rico Roku CTV not clickable https://,channelstore.roku.com,,1,"Roku uses Roku Ad Framework (RAF) + BrightLine/Innovid; no first-party SIMID"
Roku,no,Freetube- Search & Watch Free 727464 Saudi Arabia Roku CTV https://,channelstore.roku.com,,1,"Roku uses Roku Ad Framework (RAF) + BrightLine/Innovid; no first-party SIMID"
Roku,no,Freetube- Search & Watch Free 727464 Singapore Roku CTV https://,channelstore.roku.com,,1,"Roku uses Roku Ad Framework (RAF) + BrightLine/Innovid; no first-party SIMID"
Roku,no,Freetube- Search & Watch Free 727464 South Africa Roku CTV https://,channelstore.roku.com,,1,"Roku uses Roku Ad Framework (RAF) + BrightLine/Innovid; no first-party SIMID"
Roku,no,Freetube- Search & Watch Free 727464 Spain Roku CTV https://,channelstore.roku.com,,1,"Roku uses Roku Ad Framework (RAF) + BrightLine/Innovid; no first-party SIMID"
Roku,no,Freetube- Search & Watch Free 727464 Thailand Roku CTV https://,channelstore.roku.com,,1,"Roku uses Roku Ad Framework (RAF) + BrightLine/Innovid; no first-party SIMID"
Roku,no,Freetube- Search & Watch Free 727464 United Kingdom Roku CTV https://,channelstore.roku.com,,1,"Roku uses Roku Ad Framework (RAF) + BrightLine/Innovid; no first-party SIMID"
Roku,no,Freetube- Search & Watch Free 727464 United States Roku CTV https://,channelstore.roku.com,,1,"Roku uses Roku Ad Framework (RAF) + BrightLine/Innovid; no first-party SIMID"
Roku,no,Freetv Club - Movies  Live & Web Content Portal 693831 Canada Roku CTV https://,channelstore.roku.com,,1,"Roku uses Roku Ad Framework (RAF) + BrightLine/Innovid; no first-party SIMID | app-name pattern suggests FAST/24h channel → SSAI typical"
Roku,no,Freetv Club - Movies  Live & Web Content Portal 693831 Colombia Roku CTV https://,channelstore.roku.com,,1,"Roku uses Roku Ad Framework (RAF) + BrightLine/Innovid; no first-party SIMID | app-name pattern suggests FAST/24h channel → SSAI typical"
Roku,no,Freetv Club - Movies  Live & Web Content Portal 693831 Indonesia Roku CTV https://,channelstore.roku.com,,1,"Roku uses Roku Ad Framework (RAF) + BrightLine/Innovid; no first-party SIMID | app-name pattern suggests FAST/24h channel → SSAI typical"
Roku,no,Freetv Club - Movies  Live & Web Content Portal 693831 Mexico Roku CTV https://,channelstore.roku.com,,1,"Roku uses Roku Ad Framework (RAF) + BrightLine/Innovid; no first-party SIMID | app-name pattern suggests FAST/24h channel → SSAI typical"
Roku,no,Freetv Club - Movies  Live & Web Content Portal 693831 Peru Roku CTV https://,channelstore.roku.com,,1,"Roku uses Roku Ad Framework (RAF) + BrightLine/Innovid; no first-party SIMID | app-name pattern suggests FAST/24h channel → SSAI typical"
Roku,no,Freetv Club - Movies  Live & Web Content Portal 693831 Puerto Rico Roku CTV https://,channelstore.roku.com,,1,"Roku uses Roku Ad Framework (RAF) + BrightLine/Innovid; no first-party SIMID | app-name pattern suggests FAST/24h channel → SSAI typical"
Roku,no,Freetv Club - Movies  Live & Web Content Portal 693831 United Kingdom Roku CTV https://,channelstore.roku.com,,1,"Roku uses Roku Ad Framework (RAF) + BrightLine/Innovid; no first-party SIMID | app-name pattern suggests FAST/24h channel → SSAI typical"
Roku,no,Freetv Club - Movies  Live & Web Content Portal 693831 United States Roku CTV https://,channelstore.roku.com,,1,"Roku uses Roku Ad Framework (RAF) + BrightLine/Innovid; no first-party SIMID | app-name pattern suggests FAST/24h channel → SSAI typical"
Fire TV,unlikely,Frndly Tv,B07VC9NCQN,WURL,1,"Fire OS = Android-derived; IMA Android SDK supports SIMID 1.0 | app-name pattern suggests FAST/24h channel → SSAI typical | publisher_source = WURL (Roku-owned FAST distribution → SSAI typical)"
Samsung,unlikely,Frndlytv G3202305030895 United States Samsung CTV https://,www.samsung.com,WURL,1,"Tizen (web-based); SIMID renders if app uses IMA HTML5 — most use Samsung Ads stack instead | publisher_source = WURL (Roku-owned FAST distribution → SSAI typical)"
Vizio,unlikely,Frndlytv,vizio.frndlytv,WURL,1,"SmartCast (web-based); SIMID renders if app uses IMA HTML5 | publisher_source = WURL (Roku-owned FAST distribution → SSAI typical)"
Comcast,unlikely,Fru,com.comcast.fru,Playwork,1,"Xfinity X1 set-top box runs custom RDK runtime; usually SSAI"
Roku,no,Fru 739003 United States Roku CTV https://,channelstore.roku.com,Playwork,1,"Roku uses Roku Ad Framework (RAF) + BrightLine/Innovid; no first-party SIMID"
Roku,no,Fru 739003 Canada Roku CTV https://,channelstore.roku.com,Playwork,1,"Roku uses Roku Ad Framework (RAF) + BrightLine/Innovid; no first-party SIMID"
Rogers,unlikely,Fru,com.rogers.fru,Playwork,1,"Cable STB; usually SSAI"
Vizio,unlikely,Fubo,vizio.fubotv,WURL,1,"SmartCast (web-based); SIMID renders if app uses IMA HTML5 | publisher_source = WURL (Roku-owned FAST distribution → SSAI typical)"
Fire TV,unlikely,Fubotv,B019DCHDZK,WURL,1,"Fire OS = Android-derived; IMA Android SDK supports SIMID 1.0 | publisher_source = WURL (Roku-owned FAST distribution → SSAI typical)"
Rogers,unlikely,Funhouse Family,com.rogers.funhouse_family,Playwork,1,"Cable STB; usually SSAI"
Roku,no,Funhousefamily 604119 United States Roku CTV https://,channelstore.roku.com,Playwork,1,"Roku uses Roku Ad Framework (RAF) + BrightLine/Innovid; no first-party SIMID"
Vizio,maybe,Funhousefamily,vizio.funhousefamily,Playwork,1,"SmartCast (web-based); SIMID renders if app uses IMA HTML5"
Roku,no,Funhousefamily 604119 Brazil Roku CTV not clickable https://,channelstore.roku.com,Playwork,1,"Roku uses Roku Ad Framework (RAF) + BrightLine/Innovid; no first-party SIMID"
Roku,no,Funhousefamily 604119 Canada Roku CTV not clickable https://,channelstore.roku.com,Playwork,1,"Roku uses Roku Ad Framework (RAF) + BrightLine/Innovid; no first-party SIMID"
Roku,no,Funhousefamily 604119 Mexico Roku CTV not clickable https://,channelstore.roku.com,Playwork,1,"Roku uses Roku Ad Framework (RAF) + BrightLine/Innovid; no first-party SIMID"
Comcast,unlikely,Futuristic Hub,com.comcast.futuristic_hub,Playwork,1,"Xfinity X1 set-top box runs custom RDK runtime; usually SSAI"
Cox,unlikely,Futuristic Hub,com.cox.futuristic_hub,Playwork,1,"Cable STB; usually SSAI"
Roku,no,Futuristichub 579377 United States Roku CTV not clickable https://,channelstore.roku.com,Playwork,1,"Roku uses Roku Ad Framework (RAF) + BrightLine/Innovid; no first-party SIMID"
Roku,no,Futuristichub 579377 Belize Roku CTV not clickable https://,channelstore.roku.com,Playwork,1,"Roku uses Roku Ad Framework (RAF) + BrightLine/Innovid; no first-party SIMID"
Roku,no,Futuristichub 579377 Brazil Roku CTV not clickable https://,channelstore.roku.com,Playwork,1,"Roku uses Roku Ad Framework (RAF) + BrightLine/Innovid; no first-party SIMID"
Roku,no,Futuristichub 579377 Canada Roku CTV not clickable https://,channelstore.roku.com,Playwork,1,"Roku uses Roku Ad Framework (RAF) + BrightLine/Innovid; no first-party SIMID"
Roku,no,Futuristichub 579377 Dominican Republic Roku CTV not clickable https://,channelstore.roku.com,Playwork,1,"Roku uses Roku Ad Framework (RAF) + BrightLine/Innovid; no first-party SIMID"
Roku,no,Futuristichub 579377 Mexico Roku CTV not clickable https://,channelstore.roku.com,WURL,1,"Roku uses Roku Ad Framework (RAF) + BrightLine/Innovid; no first-party SIMID | publisher_source = WURL (Roku-owned FAST distribution → SSAI typical)"
Roku,no,Futuristichub 579377 Virgin Islands  U.S. Roku CTV not clickable https://,channelstore.roku.com,Playwork,1,"Roku uses Roku Ad Framework (RAF) + BrightLine/Innovid; no first-party SIMID"
Comcast,unlikely,Gabyandalex,com.comcast.gabyandalex,Playwork,1,"Xfinity X1 set-top box runs custom RDK runtime; usually SSAI"
Cox,unlikely,Gabyandalex,com.cox.gabyandalex,WURL,1,"Cable STB; usually SSAI | publisher_source = WURL (Roku-owned FAST distribution → SSAI typical)"
Comcast,unlikely,Gabyandalex,com.comcast.gabyandalex,,1,"Xfinity X1 set-top box runs custom RDK runtime; usually SSAI"
Rogers,unlikely,Gabyandalex,com.rogers.gabyandalex,,1,"Cable STB; usually SSAI"
Roku,no,Gameshowcentral,com.roku.app.gsntv.gsn,,1,"Roku uses Roku Ad Framework (RAF) + BrightLine/Innovid; no first-party SIMID"
Fire TV,yes,Gbnews,B098PHDKV7,,1,"Fire OS = Android-derived; IMA Android SDK supports SIMID 1.0"
Vizio,maybe,Gorgeousmovies,vizio.gorgeousmovies,,1,"SmartCast (web-based); SIMID renders if app uses IMA HTML5"
Comcast,unlikely,Gyrosphere Maze,com.comcast.gyrospheremaze,,1,"Xfinity X1 set-top box runs custom RDK runtime; usually SSAI"
Fire TV,yes,Hacksmith,B0CMY8RW67,,1,"Fire OS = Android-derived; IMA Android SDK supports SIMID 1.0"
Fire TV,unlikely,Happykids - Popular Shows  Movies And EducationaBl V0i0dVeXosJ7FDoAr Children United States Fire TV CTV https://,www.amazon.com,,1,"Fire OS = Android-derived; IMA Android SDK supports SIMID 1.0 | app-name pattern suggests FAST/24h channel → SSAI typical"
Fire TV,yes,Haystack,B01CTVC4OC,,1,"Fire OS = Android-derived; IMA Android SDK supports SIMID 1.0"
Samsung,maybe,Haystack G19033012474 United States Samsung CTV https://,www.samsung.com,,1,"Tizen (web-based); SIMID renders if app uses IMA HTML5 — most use Samsung Ads stack instead"
Fire TV,yes,History,B00E5NH46Q,,1,"Fire OS = Android-derived; IMA Android SDK supports SIMID 1.0"
Comcast,unlikely,I Jelvin,com.comcast.i_jelvin,,1,"Xfinity X1 set-top box runs custom RDK runtime; usually SSAI"
Rogers,unlikely,I Jelvin,com.rogers.i_jelvin,,1,"Cable STB; usually SSAI"
Roku,no,Ijevin 583017 United States Roku CTV https://,channelstore.roku.com,,1,"Roku uses Roku Ad Framework (RAF) + BrightLine/Innovid; no first-party SIMID"
Roku,no,Insidethegame 628417 United States Roku CTV https://,channelstore.roku.com,,1,"Roku uses Roku Ad Framework (RAF) + BrightLine/Innovid; no first-party SIMID"
Fire TV,yes,Island News,B09LVDGBZX,,1,"Fire OS = Android-derived; IMA Android SDK supports SIMID 1.0"
Comcast,unlikely,Jian Hao Tan,com.comcast.jian_hao_tan,,1,"Xfinity X1 set-top box runs custom RDK runtime; usually SSAI"
Vizio,maybe,Jian Hao Tan,vizio.jianhaotan,,1,"SmartCast (web-based); SIMID renders if app uses IMA HTML5"
Roku,no,Jianhaotan 790185 United States Roku CTV https://,channelstore.roku.com,,1,"Roku uses Roku Ad Framework (RAF) + BrightLine/Innovid; no first-party SIMID"
Comcast,unlikely,Jordan Matter,com.comcast.jordan_matter,,1,"Xfinity X1 set-top box runs custom RDK runtime; usually SSAI"
Cox,unlikely,Jordan Matter,com.cox.jordan_matter,,1,"Cable STB; usually SSAI"
LG,maybe,Jordan Matter 1254777 Aland Islands LG CTV not clickable https://,us.lgappstv.com,Playwork,1,"webOS (web-based); same as Samsung — depends on whether app uses IMA HTML5"
LG,maybe,Jordan Matter 1254777 Albania LG CTV not clickable https://,us.lgappstv.com,Playwork,1,"webOS (web-based); same as Samsung — depends on whether app uses IMA HTML5"
LG,maybe,Jordan Matter 1254777 Australia LG CTV not clickable https://,us.lgappstv.com,Playwork,1,"webOS (web-based); same as Samsung — depends on whether app uses IMA HTML5"
LG,maybe,Jordan Matter 1254777 Austria LG CTV not clickable https://,us.lgappstv.com,Playwork,1,"webOS (web-based); same as Samsung — depends on whether app uses IMA HTML5"
LG,maybe,Jordan Matter 1254777 Azerbaijan LG CTV not clickable https://,us.lgappstv.com,Playwork,1,"webOS (web-based); same as Samsung — depends on whether app uses IMA HTML5"
LG,maybe,Jordan Matter 1254777 Bahrain LG CTV not clickable https://,us.lgappstv.com,Playwork,1,"webOS (web-based); same as Samsung — depends on whether app uses IMA HTML5"
LG,maybe,Jordan Matter 1254777 Belgium LG CTV not clickable https://,us.lgappstv.com,Playwork,1,"webOS (web-based); same as Samsung — depends on whether app uses IMA HTML5"
LG,maybe,Jordan Matter 1254777 Brazil LG CTV not clickable https://,us.lgappstv.com,Playwork,1,"webOS (web-based); same as Samsung — depends on whether app uses IMA HTML5"
LG,maybe,Jordan Matter 1254777 Canada LG CTV not clickable https://,us.lgappstv.com,Playwork,1,"webOS (web-based); same as Samsung — depends on whether app uses IMA HTML5"
LG,maybe,Jordan Matter 1254777 Chile LG CTV not clickable https://,us.lgappstv.com,Playwork,1,"webOS (web-based); same as Samsung — depends on whether app uses IMA HTML5"
LG,maybe,Jordan Matter 1254777 Colombia LG CTV not clickable https://,us.lgappstv.com,Playwork,1,"webOS (web-based); same as Samsung — depends on whether app uses IMA HTML5"
LG,maybe,Jordan Matter 1254777 Egypt LG CTV not clickable https://,us.lgappstv.com,Playwork,1,"webOS (web-based); same as Samsung — depends on whether app uses IMA HTML5"
LG,maybe,Jordan Matter 1254777 Ethiopia LG CTV not clickable https://,us.lgappstv.com,Playwork,1,"webOS (web-based); same as Samsung — depends on whether app uses IMA HTML5"
LG,maybe,Jordan Matter 1254777 France LG CTV not clickable https://,us.lgappstv.com,Playwork,1,"webOS (web-based); same as Samsung — depends on whether app uses IMA HTML5"
LG,maybe,Jordan Matter 1254777 Gabon LG CTV not clickable https://,us.lgappstv.com,Playwork,1,"webOS (web-based); same as Samsung — depends on whether app uses IMA HTML5"
LG,maybe,Jordan Matter 1254777 Greece LG CTV not clickable https://,us.lgappstv.com,Playwork,1,"webOS (web-based); same as Samsung — depends on whether app uses IMA HTML5"
LG,maybe,Jordan Matter 1254777 Guatemala LG CTV not clickable https://,us.lgappstv.com,Playwork,1,"webOS (web-based); same as Samsung — depends on whether app uses IMA HTML5"
LG,maybe,Jordan Matter 1254777 Honduras LG CTV not clickable https://,us.lgappstv.com,Playwork,1,"webOS (web-based); same as Samsung — depends on whether app uses IMA HTML5"
LG,maybe,Jordan Matter 1254777 Hong Kong LG CTV not clickable https://,us.lgappstv.com,Playwork,1,"webOS (web-based); same as Samsung — depends on whether app uses IMA HTML5"
LG,maybe,Jordan Matter 1254777 India LG CTV not clickable https://,us.lgappstv.com,Playwork,1,"webOS (web-based); same as Samsung — depends on whether app uses IMA HTML5"
LG,maybe,Jordan Matter 1254777 Indonesia LG CTV not clickable https://,us.lgappstv.com,Playwork,1,"webOS (web-based); same as Samsung — depends on whether app uses IMA HTML5"
LG,maybe,Jordan Matter 1254777 Iraq LG CTV not clickable https://,us.lgappstv.com,Playwork,1,"webOS (web-based); same as Samsung — depends on whether app uses IMA HTML5"
LG,maybe,Jordan Matter 1254777 Ireland LG CTV not clickable https://,us.lgappstv.com,Playwork,1,"webOS (web-based); same as Samsung — depends on whether app uses IMA HTML5"
LG,maybe,Jordan Matter 1254777 Israel LG CTV not clickable https://,us.lgappstv.com,Playwork,1,"webOS (web-based); same as Samsung — depends on whether app uses IMA HTML5"
LG,maybe,Jordan Matter 1254777 Italy LG CTV not clickable https://,us.lgappstv.com,Playwork,1,"webOS (web-based); same as Samsung — depends on whether app uses IMA HTML5"
LG,maybe,Jordan Matter 1254777 Kazakhstan LG CTV not clickable https://,us.lgappstv.com,Playwork,1,"webOS (web-based); same as Samsung — depends on whether app uses IMA HTML5"
LG,maybe,Jordan Matter 1254777 Kenya LG CTV not clickable https://,us.lgappstv.com,Playwork,1,"webOS (web-based); same as Samsung — depends on whether app uses IMA HTML5"
LG,maybe,1254777 Kuwait LG CTV https://,us.lgappstv.com,,1,"webOS (web-based); same as Samsung — depends on whether app uses IMA HTML5"
LG,maybe,1254777 Macedonia LG CTV https://,us.lgappstv.com,,1,"webOS (web-based); same as Samsung — depends on whether app uses IMA HTML5"
LG,maybe,1254777 Malaysia LG CTV https://,us.lgappstv.com,,1,"webOS (web-based); same as Samsung — depends on whether app uses IMA HTML5"
LG,maybe,1254777 Mexico LG CTV https://,us.lgappstv.com,,1,"webOS (web-based); same as Samsung — depends on whether app uses IMA HTML5"
LG,maybe,1254777 Morocco LG CTV https://,us.lgappstv.com,,1,"webOS (web-based); same as Samsung — depends on whether app uses IMA HTML5"
LG,maybe,1254777 Netherlands LG CTV https://,us.lgappstv.com,,1,"webOS (web-based); same as Samsung — depends on whether app uses IMA HTML5"
LG,maybe,1254777 New Zealand LG CTV https://,us.lgappstv.com,,1,"webOS (web-based); same as Samsung — depends on whether app uses IMA HTML5"
LG,maybe,1254777 Nigeria LG CTV https://,us.lgappstv.com,,1,"webOS (web-based); same as Samsung — depends on whether app uses IMA HTML5"
LG,maybe,1254777 Norway LG CTV https://,us.lgappstv.com,,1,"webOS (web-based); same as Samsung — depends on whether app uses IMA HTML5"
LG,maybe,1254777 Peru LG CTV https://,us.lgappstv.com,,1,"webOS (web-based); same as Samsung — depends on whether app uses IMA HTML5"
LG,maybe,1254777 Philippines LG CTV https://,us.lgappstv.com,,1,"webOS (web-based); same as Samsung — depends on whether app uses IMA HTML5"
LG,maybe,1254777 Qatar LG CTV https://,us.lgappstv.com,,1,"webOS (web-based); same as Samsung — depends on whether app uses IMA HTML5"
LG,maybe,1254777 Romania LG CTV https://,us.lgappstv.com,,1,"webOS (web-based); same as Samsung — depends on whether app uses IMA HTML5"
LG,maybe,1254777 Saudi Arabia LG CTV https://,us.lgappstv.com,,1,"webOS (web-based); same as Samsung — depends on whether app uses IMA HTML5"
LG,maybe,1254777 Singapore LG CTV https://,us.lgappstv.com,,1,"webOS (web-based); same as Samsung — depends on whether app uses IMA HTML5"
LG,maybe,1254777 Slovakia LG CTV https://,us.lgappstv.com,,1,"webOS (web-based); same as Samsung — depends on whether app uses IMA HTML5"
LG,maybe,1254777 Spain LG CTV https://,us.lgappstv.com,,1,"webOS (web-based); same as Samsung — depends on whether app uses IMA HTML5"
LG,maybe,1254777 Sweden LG CTV https://,us.lgappstv.com,,1,"webOS (web-based); same as Samsung — depends on whether app uses IMA HTML5"
LG,maybe,1254777 Thailand LG CTV https://,us.lgappstv.com,,1,"webOS (web-based); same as Samsung — depends on whether app uses IMA HTML5"
LG,maybe,1254777 Turkey LG CTV https://,us.lgappstv.com,,1,"webOS (web-based); same as Samsung — depends on whether app uses IMA HTML5"
LG,maybe,1254777 Uganda LG CTV https://,us.lgappstv.com,,1,"webOS (web-based); same as Samsung — depends on whether app uses IMA HTML5"
LG,maybe,1254777 United Arab Emirates LG CTV https://,us.lgappstv.com,,1,"webOS (web-based); same as Samsung — depends on whether app uses IMA HTML5"
LG,maybe,1254777 United States LG CTV https://,us.lgappstv.com,,1,"webOS (web-based); same as Samsung — depends on whether app uses IMA HTML5"
Vizio,maybe,,vizio.jordan_matter,,1,"SmartCast (web-based); SIMID renders if app uses IMA HTML5"
Samsung,maybe,Juan De Dios,com.samsung.jordan_matter,Playwork,1,"Tizen (web-based); SIMID renders if app uses IMA HTML5 — most use Samsung Ads stack instead"
Rogers,unlikely,,com.rogers.jordan_matter,,1,"Cable STB; usually SSAI"
Roku,no,792749 Australia Roku CTV https://,channelstore.roku.com,,1,"Roku uses Roku Ad Framework (RAF) + BrightLine/Innovid; no first-party SIMID"
Roku,no,792749 Angola Roku CTV https://,channelstore.roku.com,,1,"Roku uses Roku Ad Framework (RAF) + BrightLine/Innovid; no first-party SIMID"
Roku,no,792749 Argentina Roku CTV https://,channelstore.roku.com,,1,"Roku uses Roku Ad Framework (RAF) + BrightLine/Innovid; no first-party SIMID"
Roku,no,792749 Brazil Roku CTV https://,channelstore.roku.com,,1,"Roku uses Roku Ad Framework (RAF) + BrightLine/Innovid; no first-party SIMID"
Roku,no,792749 Canada Roku CTV https://,channelstore.roku.com,,1,"Roku uses Roku Ad Framework (RAF) + BrightLine/Innovid; no first-party SIMID"
Roku,no,792749 Chile Roku CTV https://,channelstore.roku.com,,1,"Roku uses Roku Ad Framework (RAF) + BrightLine/Innovid; no first-party SIMID"
Roku,no,792749 Colombia Roku CTV https://,channelstore.roku.com,,1,"Roku uses Roku Ad Framework (RAF) + BrightLine/Innovid; no first-party SIMID"
Roku,no,792749 Costa Rica Roku CTV https://,channelstore.roku.com,,1,"Roku uses Roku Ad Framework (RAF) + BrightLine/Innovid; no first-party SIMID"
Roku,no,792749 Dominican Republic Roku CTV https://,channelstore.roku.com,,1,"Roku uses Roku Ad Framework (RAF) + BrightLine/Innovid; no first-party SIMID"
Roku,no,792749 Ireland Roku CTV https://,channelstore.roku.com,,1,"Roku uses Roku Ad Framework (RAF) + BrightLine/Innovid; no first-party SIMID"
Roku,no,792749 Mexico Roku CTV https://,channelstore.roku.com,,1,"Roku uses Roku Ad Framework (RAF) + BrightLine/Innovid; no first-party SIMID"
Roku,no,792749 Netherlands Roku CTV https://,channelstore.roku.com,,1,"Roku uses Roku Ad Framework (RAF) + BrightLine/Innovid; no first-party SIMID"
Roku,no,792749 Nicaragua Roku CTV https://,channelstore.roku.com,,1,"Roku uses Roku Ad Framework (RAF) + BrightLine/Innovid; no first-party SIMID"
Roku,no,792749 Panama Roku CTV https://,channelstore.roku.com,,1,"Roku uses Roku Ad Framework (RAF) + BrightLine/Innovid; no first-party SIMID"
Roku,no,792749 Puerto Rico Roku CTV https://,channelstore.roku.com,,1,"Roku uses Roku Ad Framework (RAF) + BrightLine/Innovid; no first-party SIMID"
Roku,no,792749 Thailand Roku CTV https://,channelstore.roku.com,,1,"Roku uses Roku Ad Framework (RAF) + BrightLine/Innovid; no first-party SIMID"
Roku,no,792749 Trinidad and Tobago Roku CTV https://,channelstore.roku.com,,1,"Roku uses Roku Ad Framework (RAF) + BrightLine/Innovid; no first-party SIMID"
Roku,no,792749 United States Roku CTV https://,channelstore.roku.com,,1,"Roku uses Roku Ad Framework (RAF) + BrightLine/Innovid; no first-party SIMID"
Roku,no,792749 Virgin Islands  British Roku CTV https://,channelstore.roku.com,,1,"Roku uses Roku Ad Framework (RAF) + BrightLine/Innovid; no first-party SIMID"
Roku,no,792749 Virgin Islands  U.S. Roku CTV https://,channelstore.roku.com,,1,"Roku uses Roku Ad Framework (RAF) + BrightLine/Innovid; no first-party SIMID"
Fire TV,yes,,B00XAF0UH0,,1,"Fire OS = Android-derived; IMA Android SDK supports SIMID 1.0"
LG,maybe,1273509 United States LG CTV https://,us.lgappstv.com,,1,"webOS (web-based); same as Samsung — depends on whether app uses IMA HTML5"
Samsung,maybe,,com.samsung.juan_de_dios,,1,"Tizen (web-based); SIMID renders if app uses IMA HTML5 — most use Samsung Ads stack instead"
LG,maybe,1273509 Brazil LG CTV https://,us.lgappstv.com,,1,"webOS (web-based); same as Samsung — depends on whether app uses IMA HTML5"
LG,maybe,1273509 Chile LG CTV https://,us.lgappstv.com,,1,"webOS (web-based); same as Samsung — depends on whether app uses IMA HTML5"
LG,maybe,1273509 Colombia LG CTV https://,us.lgappstv.com,,1,"webOS (web-based); same as Samsung — depends on whether app uses IMA HTML5"
LG,maybe,1273509 Costa Rica LG CTV https://,us.lgappstv.com,,1,"webOS (web-based); same as Samsung — depends on whether app uses IMA HTML5"
LG,maybe,1273509 Ecuador LG CTV https://,us.lgappstv.com,,1,"webOS (web-based); same as Samsung — depends on whether app uses IMA HTML5"
LG,maybe,1273509 Guatemala LG CTV https://,us.lgappstv.com,,1,"webOS (web-based); same as Samsung — depends on whether app uses IMA HTML5"
LG,maybe,1273509 Honduras LG CTV https://,us.lgappstv.com,,1,"webOS (web-based); same as Samsung — depends on whether app uses IMA HTML5"
LG,maybe,1273509 Mexico LG CTV https://,us.lgappstv.com,,1,"webOS (web-based); same as Samsung — depends on whether app uses IMA HTML5"
LG,maybe,1273509 Peru LG CTV https://,us.lgappstv.com,,1,"webOS (web-based); same as Samsung — depends on whether app uses IMA HTML5"
LG,maybe,1273509 Saudi Arabia LG CTV https://,us.lgappstv.com,,1,"webOS (web-based); same as Samsung — depends on whether app uses IMA HTML5"
LG,maybe,1273509 Spain LG CTV https://,us.lgappstv.com,,1,"webOS (web-based); same as Samsung — depends on whether app uses IMA HTML5"
LG,maybe,1273509 Togo LG CTV https://,us.lgappstv.com,,1,"webOS (web-based); same as Samsung — depends on whether app uses IMA HTML5"
Vizio,maybe,Juandediospantoja,vizio.juandedios,Playwork,1,"SmartCast (web-based); SIMID renders if app uses IMA HTML5"
Vizio,maybe,Justkass,vizio.juandedios,Playwork,1,"SmartCast (web-based); SIMID renders if app uses IMA HTML5"
Roku,no,Justkass 812650 United States Roku CTV not clickable https://,channelstore.roku.com,Playwork,1,"Roku uses Roku Ad Framework (RAF) + BrightLine/Innovid; no first-party SIMID"
Roku,no,Justkass 812650 Mexico Roku CTV not clickable https://,channelstore.roku.com,Playwork,1,"Roku uses Roku Ad Framework (RAF) + BrightLine/Innovid; no first-party SIMID"
Roku,no,Justkass 812650 Guatemala Roku CTV not clickable https://,channelstore.roku.com,Playwork,1,"Roku uses Roku Ad Framework (RAF) + BrightLine/Innovid; no first-party SIMID"
Roku,no,Justkass 812650 Honduras Roku CTV not clickable https://,channelstore.roku.com,Playwork,1,"Roku uses Roku Ad Framework (RAF) + BrightLine/Innovid; no first-party SIMID"
Roku,no,Justkass 812650 Costa Rica Roku CTV not clickable https://,channelstore.roku.com,Playwork,1,"Roku uses Roku Ad Framework (RAF) + BrightLine/Innovid; no first-party SIMID"
Roku,no,Justkass 812650 Chile Roku CTV not clickable https://,channelstore.roku.com,Playwork,1,"Roku uses Roku Ad Framework (RAF) + BrightLine/Innovid; no first-party SIMID"
Roku,no,Justkass 812650 Canada Roku CTV not clickable https://,channelstore.roku.com,Playwork,1,"Roku uses Roku Ad Framework (RAF) + BrightLine/Innovid; no first-party SIMID"
Roku,no,Justkass 812650 Colombia Roku CTV not clickable https://,channelstore.roku.com,Playwork,1,"Roku uses Roku Ad Framework (RAF) + BrightLine/Innovid; no first-party SIMID"
Roku,no,Kaal Abc 6 News Minnesota Iowa 812650 Brazil Roku CTV not clickable https://,channelstore.roku.com,WURL,1,"Roku uses Roku Ad Framework (RAF) + BrightLine/Innovid; no first-party SIMID | publisher_source = WURL (Roku-owned FAST distribution → SSAI typical)"
Roku,no,Karla Bustillos 812650 Argentina Roku CTV not clickable https://,channelstore.roku.com,Playwork,1,"Roku uses Roku Ad Framework (RAF) + BrightLine/Innovid; no first-party SIMID"
Roku,no,Karla Bustillos 812650 Puerto Rico Roku CTV not clickable https://,channelstore.roku.com,Playwork,1,"Roku uses Roku Ad Framework (RAF) + BrightLine/Innovid; no first-party SIMID"
Comcast,unlikely,Karla Bustillos,com.comcast.justkass,Playwork,1,"Xfinity X1 set-top box runs custom RDK runtime; usually SSAI"
Cox,unlikely,Karla Bustillos,com.cox.justkass,Playwork,1,"Cable STB; usually SSAI"
LG,maybe,Karla Bustillos 1272588 Albania LG CTV not clickable https://,us.lgappstv.com,Playwork,1,"webOS (web-based); same as Samsung — depends on whether app uses IMA HTML5"
LG,maybe,Karla Bustillos 1272588 Australia LG CTV not clickable https://,us.lgappstv.com,Playwork,1,"webOS (web-based); same as Samsung — depends on whether app uses IMA HTML5"
LG,maybe,Karla Bustillos 1272588 Brazil LG CTV not clickable https://,us.lgappstv.com,Playwork,1,"webOS (web-based); same as Samsung — depends on whether app uses IMA HTML5"
LG,maybe,Karla Bustillos 1272588 Ireland LG CTV not clickable https://,us.lgappstv.com,Playwork,1,"webOS (web-based); same as Samsung — depends on whether app uses IMA HTML5"
LG,maybe,Karla Bustillos 1272588 Mexico LG CTV not clickable https://,us.lgappstv.com,Playwork,1,"webOS (web-based); same as Samsung — depends on whether app uses IMA HTML5"
LG,maybe,Karla Bustillos 1272588 United States LG CTV not clickable https://,us.lgappstv.com,Playwork,1,"webOS (web-based); same as Samsung — depends on whether app uses IMA HTML5"
Vizio,maybe,Karla Bustillos,vizio.justkass,Playwork,1,"SmartCast (web-based); SIMID renders if app uses IMA HTML5"
Vizio,maybe,,vizio.justkass,,1,"SmartCast (web-based); SIMID renders if app uses IMA HTML5"
Rogers,unlikely,,com.rogers.justkass,,1,"Cable STB; usually SSAI"
Fire TV,yes,,B07RQMPPT3,,1,"Fire OS = Android-derived; IMA Android SDK supports SIMID 1.0"
Fire TV,yes,,B07S5G9VM9,,1,"Fire OS = Android-derived; IMA Android SDK supports SIMID 1.0"
Vizio,maybe,Karlabustillos,vizio.karla_bustillos,Playwork,1,"SmartCast (web-based); SIMID renders if app uses IMA HTML5"
Vizio,maybe,Karlabustillos,vizio.karlabustillos,Playwork,1,"SmartCast (web-based); SIMID renders if app uses IMA HTML5"
Vizio,maybe,Katina Eats Kilos,vizio.karla_bustillos,Playwork,1,"SmartCast (web-based); SIMID renders if app uses IMA HTML5"
Fire TV,yes,Katina Eats Kilos,B07ZFZ5TVG,Playwork,1,"Fire OS = Android-derived; IMA Android SDK supports SIMID 1.0"
Comcast,unlikely,Katinaeatskilos,com.comcast.katina_eats_kilos,Playwork,1,"Xfinity X1 set-top box runs custom RDK runtime; usually SSAI"
Fire TV,unlikely,Kesq Nc3,B0DJ8V5SWW,WURL,1,"Fire OS = Android-derived; IMA Android SDK supports SIMID 1.0 | publisher_source = WURL (Roku-owned FAST distribution → SSAI typical)"
Samsung,unlikely,Kgtv,com.samsung.katina_eats_kilos,WURL,1,"Tizen (web-based); SIMID renders if app uses IMA HTML5 — most use Samsung Ads stack instead | publisher_source = WURL (Roku-owned FAST distribution → SSAI typical)"
Roku,no,Khaby Lame 786893 United States Roku CTV not clickable https://,channelstore.roku.com,Playwork,1,"Roku uses Roku Ad Framework (RAF) + BrightLine/Innovid; no first-party SIMID"
Vizio,maybe,Khaby Lame,vizio.katina_eats_kilos,Playwork,1,"SmartCast (web-based); SIMID renders if app uses IMA HTML5"
Vizio,maybe,Khaby Lame,vizio.katinaeatskilos,Playwork,1,"SmartCast (web-based); SIMID renders if app uses IMA HTML5"
Fire TV,yes,Khaby Lame,B0CTHRJRVB,Playwork,1,"Fire OS = Android-derived; IMA Android SDK supports SIMID 1.0"
Fire TV,yes,Khaby Lame,B073W7LMZW,Playwork,1,"Fire OS = Android-derived; IMA Android SDK supports SIMID 1.0"
Fire TV,yes,Khaby Lame,B07795TX6X,Playwork,1,"Fire OS = Android-derived; IMA Android SDK supports SIMID 1.0"
Fire TV,yes,Khaby Lame,B07792Y1YL,Playwork,1,"Fire OS = Android-derived; IMA Android SDK supports SIMID 1.0"
Comcast,unlikely,Khaby Lame,com.comcast.khaby_lame,Playwork,1,"Xfinity X1 set-top box runs custom RDK runtime; usually SSAI"
Cox,unlikely,Khaby Lame,com.cox.khaby_lame,Playwork,1,"Cable STB; usually SSAI"
Fire TV,yes,Khaby Lame,B0DVBY5LLP,Playwork,1,"Fire OS = Android-derived; IMA Android SDK supports SIMID 1.0"
LG,maybe,Khabylame 1257385 Brazil LG CTV not clickable https://,us.lgappstv.com,Playwork,1,"webOS (web-based); same as Samsung — depends on whether app uses IMA HTML5"
LG,maybe,Khabylame 1257385 Canada LG CTV not clickable https://,us.lgappstv.com,Playwork,1,"webOS (web-based); same as Samsung — depends on whether app uses IMA HTML5"
LG,unlikely,Kidoodle.Tv - Free  Kid-Safe Videos 1257385 Mexico LG CTV not clickable https://,us.lgappstv.com,,1,"webOS (web-based); same as Samsung — depends on whether app uses IMA HTML5 | app-name pattern suggests FAST/24h channel → SSAI typical"
LG,unlikely,Knxv 1257385 Sri Lanka LG CTV not clickable https://,us.lgappstv.com,WURL,1,"webOS (web-based); same as Samsung — depends on whether app uses IMA HTML5 | publisher_source = WURL (Roku-owned FAST distribution → SSAI typical)"
LG,unlikely,Kob 4 Albuquerque  New Mexico 1257385 Turkey LG CTV not clickable https://,us.lgappstv.com,WURL,1,"webOS (web-based); same as Samsung — depends on whether app uses IMA HTML5 | publisher_source = WURL (Roku-owned FAST distribution → SSAI typical)"
LG,unlikely,Kptv Fox 12 Oregon 1257385 United States LG CTV not clickable https://,us.lgappstv.com,WURL,1,"webOS (web-based); same as Samsung — depends on whether app uses IMA HTML5 | publisher_source = WURL (Roku-owned FAST distribution → SSAI typical)"
Samsung,unlikely,Kris,com.samsung.khaby_lame,WURL,1,"Tizen (web-based); SIMID renders if app uses IMA HTML5 — most use Samsung Ads stack instead | publisher_source = WURL (Roku-owned FAST distribution → SSAI typical)"
Vizio,unlikely,Ksby,vizio.khaby_lame,WURL,1,"SmartCast (web-based); SIMID renders if app uses IMA HTML5 | publisher_source = WURL (Roku-owned FAST distribution → SSAI typical)"
Vizio,unlikely,Kstp 5 Minneapolis-St. Paul Mn,vizio.khabylame,WURL,1,"SmartCast (web-based); SIMID renders if app uses IMA HTML5 | publisher_source = WURL (Roku-owned FAST distribution → SSAI typical)"
Samsung,unlikely,Ktnv,com.samsung.khaby_lame,WURL,1,"Tizen (web-based); SIMID renders if app uses IMA HTML5 — most use Samsung Ads stack instead | publisher_source = WURL (Roku-owned FAST distribution → SSAI typical)"
Samsung,unlikely,Kvoa,com.samsung.khaby_lame,WURL,1,"Tizen (web-based); SIMID renders if app uses IMA HTML5 — most use Samsung Ads stack instead | publisher_source = WURL (Roku-owned FAST distribution → SSAI typical)"
Rogers,unlikely,Kwebbelkop,com.rogers.khaby_lame,Playwork,1,"Cable STB; usually SSAI"
Roku,no,Kxxv 794750 United States Roku CTV not clickable https://,channelstore.roku.com,WURL,1,"Roku uses Roku Ad Framework (RAF) + BrightLine/Innovid; no first-party SIMID | publisher_source = WURL (Roku-owned FAST distribution → SSAI typical)"
Roku,no,794750 Mexico Roku CTV https://,channelstore.roku.com,,1,"Roku uses Roku Ad Framework (RAF) + BrightLine/Innovid; no first-party SIMID"
Roku,no,794750 Brazil Roku CTV https://,channelstore.roku.com,,1,"Roku uses Roku Ad Framework (RAF) + BrightLine/Innovid; no first-party SIMID"
Roku,no,794750 Canada Roku CTV https://,channelstore.roku.com,,1,"Roku uses Roku Ad Framework (RAF) + BrightLine/Innovid; no first-party SIMID"
Samsung,maybe,G19302013912 Germany Samsung CTV https://,www.samsung.com,,1,"Tizen (web-based); SIMID renders if app uses IMA HTML5 — most use Samsung Ads stack instead"
Fire TV,yes,,B07796L9G2,,1,"Fire OS = Android-derived; IMA Android SDK supports SIMID 1.0"
Fire TV,yes,,B07419M518,,1,"Fire OS = Android-derived; IMA Android SDK supports SIMID 1.0"
Fire TV,yes,,B07ZG1CHP2,,1,"Fire OS = Android-derived; IMA Android SDK supports SIMID 1.0"
Fire TV,yes,,B07RRYJ739,,1,"Fire OS = Android-derived; IMA Android SDK supports SIMID 1.0"
Fire TV,yes,,B01MCXWZ6T,,1,"Fire OS = Android-derived; IMA Android SDK supports SIMID 1.0"
Fire TV,yes,,B0856QWJJZ,,1,"Fire OS = Android-derived; IMA Android SDK supports SIMID 1.0"
Fire TV,yes,,B073W8N39V,,1,"Fire OS = Android-derived; IMA Android SDK supports SIMID 1.0"
Fire TV,yes,,B07V2PJFZN,,1,"Fire OS = Android-derived; IMA Android SDK supports SIMID 1.0"
Fire TV,yes,,B01NAL2450,,1,"Fire OS = Android-derived; IMA Android SDK supports SIMID 1.0"
Fire TV,yes,,B07ZFZ6H59,,1,"Fire OS = Android-derived; IMA Android SDK supports SIMID 1.0"
Fire TV,yes,,B07795R33P,,1,"Fire OS = Android-derived; IMA Android SDK supports SIMID 1.0"
Fire TV,yes,,B07DJYT2WZ,,1,"Fire OS = Android-derived; IMA Android SDK supports SIMID 1.0"
Fire TV,yes,,B084GB2VXB,,1,"Fire OS = Android-derived; IMA Android SDK supports SIMID 1.0"
Fire TV,yes,,B07794K9HZ,,1,"Fire OS = Android-derived; IMA Android SDK supports SIMID 1.0"
Fire TV,yes,,B0DTKLK9JZ,,1,"Fire OS = Android-derived; IMA Android SDK supports SIMID 1.0"
Fire TV,yes,,B09G4YC6QD,,1,"Fire OS = Android-derived; IMA Android SDK supports SIMID 1.0"
Comcast,unlikely,,com.comcast.kwebbelkop,,1,"Xfinity X1 set-top box runs custom RDK runtime; usually SSAI"
Cox,unlikely,,com.cox.kwebbelkop,,1,"Cable STB; usually SSAI"
Roku,no,637089 Australia Roku CTV https://,channelstore.roku.com,,1,"Roku uses Roku Ad Framework (RAF) + BrightLine/Innovid; no first-party SIMID"
Roku,no,637089 Brazil Roku CTV https://,channelstore.roku.com,,1,"Roku uses Roku Ad Framework (RAF) + BrightLine/Innovid; no first-party SIMID"
Roku,no,637089 Canada Roku CTV https://,channelstore.roku.com,,1,"Roku uses Roku Ad Framework (RAF) + BrightLine/Innovid; no first-party SIMID"
Roku,no,637089 Mexico Roku CTV https://,channelstore.roku.com,,1,"Roku uses Roku Ad Framework (RAF) + BrightLine/Innovid; no first-party SIMID"
Roku,no,637089 Nicaragua Roku CTV https://,channelstore.roku.com,,1,"Roku uses Roku Ad Framework (RAF) + BrightLine/Innovid; no first-party SIMID"
Roku,no,637089 Panama Roku CTV https://,channelstore.roku.com,,1,"Roku uses Roku Ad Framework (RAF) + BrightLine/Innovid; no first-party SIMID"
Roku,no,637089 Puerto Rico Roku CTV https://,channelstore.roku.com,,1,"Roku uses Roku Ad Framework (RAF) + BrightLine/Innovid; no first-party SIMID"
Roku,no,637089 United States Roku CTV https://,channelstore.roku.com,,1,"Roku uses Roku Ad Framework (RAF) + BrightLine/Innovid; no first-party SIMID"
Vizio,maybe,,vizio.kwebbelkop,,1,"SmartCast (web-based); SIMID renders if app uses IMA HTML5"
Rogers,unlikely,,com.rogers.kwebbelkop,,1,"Cable STB; usually SSAI"
Fire TV,yes,,B09G4Q6FT2,,1,"Fire OS = Android-derived; IMA Android SDK supports SIMID 1.0"
Fire TV,yes,,B07PJ46K8W,,1,"Fire OS = Android-derived; IMA Android SDK supports SIMID 1.0"
Fire TV,yes,,B01G0SG00O,,1,"Fire OS = Android-derived; IMA Android SDK supports SIMID 1.0"
Comcast,unlikely,Let Me Explain,com.comcast.let_me_explain,Playwork,1,"Xfinity X1 set-top box runs custom RDK runtime; usually SSAI"
Cox,unlikely,Let Me Explain,com.cox.let_me_explain,Playwork,1,"Cable STB; usually SSAI"
Vizio,maybe,Lethamyr,vizio.letmeexplainstudios,Playwork,1,"SmartCast (web-based); SIMID renders if app uses IMA HTML5"
Rogers,unlikely,Lethamyr,com.rogers.let_me_explain,Playwork,1,"Cable STB; usually SSAI"
Comcast,unlikely,Lethamyr,com.comcast.lethamyr,Playwork,1,"Xfinity X1 set-top box runs custom RDK runtime; usually SSAI"
Cox,unlikely,Letmeexplain,com.cox.lethamyr,Playwork,1,"Cable STB; usually SSAI"
Roku,no,Life Of Luxury 590967 United States Roku CTV not clickable https://,channelstore.roku.com,Playwork,1,"Roku uses Roku Ad Framework (RAF) + BrightLine/Innovid; no first-party SIMID"
Comcast,unlikely,Life Of Luxury,com.comcast.lethamyr,Playwork,1,"Xfinity X1 set-top box runs custom RDK runtime; usually SSAI"
Roku,no,Life Of Luxury 590967 Canada Roku CTV not clickable https://,channelstore.roku.com,Playwork,1,"Roku uses Roku Ad Framework (RAF) + BrightLine/Innovid; no first-party SIMID"
Rogers,unlikely,Life Of Luxury,com.rogers.lethamyr,Playwork,1,"Cable STB; usually SSAI"
Roku,no,Lifetime 756841 United States Roku CTV not clickable https://,channelstore.roku.com,WURL,1,"Roku uses Roku Ad Framework (RAF) + BrightLine/Innovid; no first-party SIMID | publisher_source = WURL (Roku-owned FAST distribution → SSAI typical)"
Roku,no,Like Nastya 756841 Canada Roku CTV not clickable https://,channelstore.roku.com,Playwork,1,"Roku uses Roku Ad Framework (RAF) + BrightLine/Innovid; no first-party SIMID"
Comcast,unlikely,Like Nastya,com.comcast.life_of_luxury,Playwork,1,"Xfinity X1 set-top box runs custom RDK runtime; usually SSAI"
Fire TV,yes,Like Nastya,com.firetv.life_of_luxury,Playwork,1,"Fire OS = Android-derived; IMA Android SDK supports SIMID 1.0"
Fire TV,yes,Like Nastya,B00E5NH6YG,Playwork,1,"Fire OS = Android-derived; IMA Android SDK supports SIMID 1.0"
Cox,unlikely,Like Nastya,com.cox.like_nastya,Playwork,1,"Cable STB; usually SSAI"
Vizio,maybe,Like Nastya,vizio.likenastya,Playwork,1,"SmartCast (web-based); SIMID renders if app uses IMA HTML5"
Rogers,unlikely,,com.rogers.like_nastya,,1,"Cable STB; usually SSAI"
Cox,unlikely,,com.cox.like_nastya_spain,,1,"Cable STB; usually SSAI"
Vizio,maybe,Like Nastya Spain,vizio.like_nastya_spain,Playwork,1,"SmartCast (web-based); SIMID renders if app uses IMA HTML5"
Vizio,maybe,,vizio.like_nastya_spain,,1,"SmartCast (web-based); SIMID renders if app uses IMA HTML5"
Rogers,unlikely,,com.rogers.like_nastya_spain,,1,"Cable STB; usually SSAI"
Roku,no,624734 United States Roku CTV https://,channelstore.roku.com,,1,"Roku uses Roku Ad Framework (RAF) + BrightLine/Innovid; no first-party SIMID"
Roku,no,624734 Argentina Roku CTV https://,channelstore.roku.com,,1,"Roku uses Roku Ad Framework (RAF) + BrightLine/Innovid; no first-party SIMID"
Roku,no,624734 Aruba Roku CTV https://,channelstore.roku.com,,1,"Roku uses Roku Ad Framework (RAF) + BrightLine/Innovid; no first-party SIMID"
Roku,no,624734 Brazil Roku CTV https://,channelstore.roku.com,,1,"Roku uses Roku Ad Framework (RAF) + BrightLine/Innovid; no first-party SIMID"
Roku,no,624734 Canada Roku CTV https://,channelstore.roku.com,,1,"Roku uses Roku Ad Framework (RAF) + BrightLine/Innovid; no first-party SIMID"
Roku,no,Likenastya 624734 Chile Roku CTV not clickable https://,channelstore.roku.com,Playwork,1,"Roku uses Roku Ad Framework (RAF) + BrightLine/Innovid; no first-party SIMID"
Roku,no,Likenastya 624734 Colombia Roku CTV not clickable https://,channelstore.roku.com,Playwork,1,"Roku uses Roku Ad Framework (RAF) + BrightLine/Innovid; no first-party SIMID"
Roku,no,Likenastya 624734 Costa Rica Roku CTV not clickable https://,channelstore.roku.com,Playwork,1,"Roku uses Roku Ad Framework (RAF) + BrightLine/Innovid; no first-party SIMID"
Roku,no,Likenastya 624734 Dominican Republic Roku CTV not clickable https://,channelstore.roku.com,Playwork,1,"Roku uses Roku Ad Framework (RAF) + BrightLine/Innovid; no first-party SIMID"
Roku,no,Likenastya 624734 Germany Roku CTV not clickable https://,channelstore.roku.com,Playwork,1,"Roku uses Roku Ad Framework (RAF) + BrightLine/Innovid; no first-party SIMID"
Roku,no,Likenastya 624734 Ghana Roku CTV not clickable https://,channelstore.roku.com,Playwork,1,"Roku uses Roku Ad Framework (RAF) + BrightLine/Innovid; no first-party SIMID"
Roku,no,Likenastya 624734 Guam Roku CTV not clickable https://,channelstore.roku.com,Playwork,1,"Roku uses Roku Ad Framework (RAF) + BrightLine/Innovid; no first-party SIMID"
Roku,no,Likenastya 624734 Guatemala Roku CTV not clickable https://,channelstore.roku.com,Playwork,1,"Roku uses Roku Ad Framework (RAF) + BrightLine/Innovid; no first-party SIMID"
Roku,no,Likenastya 624734 Ireland Roku CTV not clickable https://,channelstore.roku.com,Playwork,1,"Roku uses Roku Ad Framework (RAF) + BrightLine/Innovid; no first-party SIMID"
Roku,no,Likenastya 624734 Japan Roku CTV not clickable https://,channelstore.roku.com,Playwork,1,"Roku uses Roku Ad Framework (RAF) + BrightLine/Innovid; no first-party SIMID"
Roku,no,Likenastya 624734 Korea  Republic of Roku CTV not clickable https://,channelstore.roku.com,Playwork,1,"Roku uses Roku Ad Framework (RAF) + BrightLine/Innovid; no first-party SIMID"
Roku,no,Likenastyaespaol 624734 Malaysia Roku CTV not clickable https://,channelstore.roku.com,Playwork,1,"Roku uses Roku Ad Framework (RAF) + BrightLine/Innovid; no first-party SIMID"
Roku,no,Likenastyaespaol 624734 Mexico Roku CTV not clickable https://,channelstore.roku.com,Playwork,1,"Roku uses Roku Ad Framework (RAF) + BrightLine/Innovid; no first-party SIMID"
Roku,no,Likenastyaespaol 624734 Netherlands Roku CTV not clickable https://,channelstore.roku.com,Playwork,1,"Roku uses Roku Ad Framework (RAF) + BrightLine/Innovid; no first-party SIMID"
Roku,no,Likenastyaespaol 624734 Nicaragua Roku CTV not clickable https://,channelstore.roku.com,Playwork,1,"Roku uses Roku Ad Framework (RAF) + BrightLine/Innovid; no first-party SIMID"
Roku,no,Live Tv 624734 Panama Roku CTV not clickable https://,play.google.com,,1,"Roku uses Roku Ad Framework (RAF) + BrightLine/Innovid; no first-party SIMID | app-name pattern suggests FAST/24h channel → SSAI typical"
Roku,no,Live Tv 624734 Peru Roku CTV not clickable https://,play.google.com,,1,"Roku uses Roku Ad Framework (RAF) + BrightLine/Innovid; no first-party SIMID | app-name pattern suggests FAST/24h channel → SSAI typical"
Roku,no,Live Tv 624734 Philippines Roku CTV not clickable https://,play.google.com,,1,"Roku uses Roku Ad Framework (RAF) + BrightLine/Innovid; no first-party SIMID | app-name pattern suggests FAST/24h channel → SSAI typical"
Roku,no,Live Tv 624734 Puerto Rico Roku CTV not clickable https://,play.google.com,,1,"Roku uses Roku Ad Framework (RAF) + BrightLine/Innovid; no first-party SIMID | app-name pattern suggests FAST/24h channel → SSAI typical"
Roku,no,Live Tv 624734 Singapore Roku CTV not clickable https://,play.google.com,,1,"Roku uses Roku Ad Framework (RAF) + BrightLine/Innovid; no first-party SIMID | app-name pattern suggests FAST/24h channel → SSAI typical"
Roku,no,Live Tv 624734 Venezuela Roku CTV not clickable https://,play.google.com,,1,"Roku uses Roku Ad Framework (RAF) + BrightLine/Innovid; no first-party SIMID | app-name pattern suggests FAST/24h channel → SSAI typical"
Roku,no,Live Tv 624734 Virgin Islands  British Roku CTV not clickable https://,play.google.com,,1,"Roku uses Roku Ad Framework (RAF) + BrightLine/Innovid; no first-party SIMID | app-name pattern suggests FAST/24h channel → SSAI typical"
Roku,no,Live Tv 814430 United States Roku CTV not clickable https://,play.google.com,,1,"Roku uses Roku Ad Framework (RAF) + BrightLine/Innovid; no first-party SIMID | app-name pattern suggests FAST/24h channel → SSAI typical"
Roku,no,Live Tv 814430 Mexico Roku CTV not clickable https://,play.google.com,,1,"Roku uses Roku Ad Framework (RAF) + BrightLine/Innovid; no first-party SIMID | app-name pattern suggests FAST/24h channel → SSAI typical"
Roku,no,Live Tv 814430 Brazil Roku CTV not clickable https://,play.google.com,,1,"Roku uses Roku Ad Framework (RAF) + BrightLine/Innovid; no first-party SIMID | app-name pattern suggests FAST/24h channel → SSAI typical"
Roku,no,Live Tv 814430 Guatemala Roku CTV not clickable https://,play.google.com,,1,"Roku uses Roku Ad Framework (RAF) + BrightLine/Innovid; no first-party SIMID | app-name pattern suggests FAST/24h channel → SSAI typical"
Roku,no,Live Tv 814430 Chile Roku CTV not clickable https://,play.google.com,,1,"Roku uses Roku Ad Framework (RAF) + BrightLine/Innovid; no first-party SIMID | app-name pattern suggests FAST/24h channel → SSAI typical"
Roku,no,Live Tv 814430 Canada Roku CTV not clickable https://,play.google.com,,1,"Roku uses Roku Ad Framework (RAF) + BrightLine/Innovid; no first-party SIMID | app-name pattern suggests FAST/24h channel → SSAI typical"
Roku,no,Live Tv 814430 Puerto Rico Roku CTV not clickable https://,play.google.com,,1,"Roku uses Roku Ad Framework (RAF) + BrightLine/Innovid; no first-party SIMID | app-name pattern suggests FAST/24h channel → SSAI typical"
Roku,no,Live Tv 814430 Costa Rica Roku CTV not clickable https://,play.google.com,,1,"Roku uses Roku Ad Framework (RAF) + BrightLine/Innovid; no first-party SIMID | app-name pattern suggests FAST/24h channel → SSAI typical"
TCL,unlikely,Local 3 News,com.tcl.livetv,WURL,1,"TCL ships both Roku TV (no SIMID) and Google TV (yes SIMID) variants; depends on model | publisher_source = WURL (Roku-owned FAST distribution → SSAI typical)"
TCL,unlikely,Localnow,com.tcl.livetv,WURL,1,"TCL ships both Roku TV (no SIMID) and Google TV (yes SIMID) variants; depends on model | publisher_source = WURL (Roku-owned FAST distribution → SSAI typical)"
TCL,maybe,Man Plus River,com.tcl.livetv,Playwork,1,"TCL ships both Roku TV (no SIMID) and Google TV (yes SIMID) variants; depends on model"
TCL,maybe,Marko Terzo,com.tcl.livetv,Playwork,1,"TCL ships both Roku TV (no SIMID) and Google TV (yes SIMID) variants; depends on model"
TCL,maybe,Matthewsantoro,com.tcl.livetv,Playwork,1,"TCL ships both Roku TV (no SIMID) and Google TV (yes SIMID) variants; depends on model"
Fire TV,yes,Matthewsantoro,B083JPC3DQ,Playwork,1,"Fire OS = Android-derived; IMA Android SDK supports SIMID 1.0"
Fire TV,yes,Mau Mcmahon,B01E7YW2EG,Playwork,1,"Fire OS = Android-derived; IMA Android SDK supports SIMID 1.0"
Vizio,maybe,Mau Mcmahon,vizio.local-now,Playwork,1,"SmartCast (web-based); SIMID renders if app uses IMA HTML5"
Vizio,maybe,Mau Mcmahon,com.vizio.lol_surprise,Playwork,1,"SmartCast (web-based); SIMID renders if app uses IMA HTML5"
Rogers,unlikely,Mau Mcmahon,com.rogers.lol_surprise,Playwork,1,"Cable STB; usually SSAI"
Videotron,unlikely,Mau Mcmahon,com.videotron.lol_surprise,Playwork,1,"Cable STB; usually SSAI"
TCL,maybe,,com.tcl.magiconnectfree,,1,"TCL ships both Roku TV (no SIMID) and Google TV (yes SIMID) variants; depends on model"
Comcast,unlikely,,com.comcast.man_plus_river,,1,"Xfinity X1 set-top box runs custom RDK runtime; usually SSAI"
Roku,no,747506 United States Roku CTV https://,channelstore.roku.com,,1,"Roku uses Roku Ad Framework (RAF) + BrightLine/Innovid; no first-party SIMID"
Vizio,maybe,,vizio.man,,1,"SmartCast (web-based); SIMID renders if app uses IMA HTML5"
Comcast,unlikely,,com.comcast.marko_terzo,,1,"Xfinity X1 set-top box runs custom RDK runtime; usually SSAI"
Roku,no,596395 United States Roku CTV https://,channelstore.roku.com,,1,"Roku uses Roku Ad Framework (RAF) + BrightLine/Innovid; no first-party SIMID"
Comcast,unlikely,,com.comcast.matthewsantoro,,1,"Xfinity X1 set-top box runs custom RDK runtime; usually SSAI"
Roku,no,613341 United States Roku CTV https://,channelstore.roku.com,,1,"Roku uses Roku Ad Framework (RAF) + BrightLine/Innovid; no first-party SIMID"
Roku,no,613341 Canada Roku CTV https://,channelstore.roku.com,,1,"Roku uses Roku Ad Framework (RAF) + BrightLine/Innovid; no first-party SIMID"
Roku,no,814343 United States Roku CTV https://,channelstore.roku.com,,1,"Roku uses Roku Ad Framework (RAF) + BrightLine/Innovid; no first-party SIMID"
Vizio,maybe,Maumcmahon,vizio.mau_mcmahon,Playwork,1,"SmartCast (web-based); SIMID renders if app uses IMA HTML5"
Roku,no,Maumcmahon 814343 Mexico Roku CTV not clickable https://,channelstore.roku.com,Playwork,1,"Roku uses Roku Ad Framework (RAF) + BrightLine/Innovid; no first-party SIMID"
Roku,no,Maumcmahon 814343 Canada Roku CTV not clickable https://,channelstore.roku.com,Playwork,1,"Roku uses Roku Ad Framework (RAF) + BrightLine/Innovid; no first-party SIMID"
Roku,no,Maumcmahon 814343 Colombia Roku CTV not clickable https://,channelstore.roku.com,Playwork,1,"Roku uses Roku Ad Framework (RAF) + BrightLine/Innovid; no first-party SIMID"
Roku,no,Maumcmahon 814343 Guatemala Roku CTV not clickable https://,channelstore.roku.com,Playwork,1,"Roku uses Roku Ad Framework (RAF) + BrightLine/Innovid; no first-party SIMID"
Roku,no,Maverickblackcinema 814343 Costa Rica Roku CTV not clickable https://,channelstore.roku.com,WURL,1,"Roku uses Roku Ad Framework (RAF) + BrightLine/Innovid; no first-party SIMID | publisher_source = WURL (Roku-owned FAST distribution → SSAI typical)"
Roku,no,Meenyu 814343 Argentina Roku CTV not clickable https://,channelstore.roku.com,Playwork,1,"Roku uses Roku Ad Framework (RAF) + BrightLine/Innovid; no first-party SIMID"
Roku,no,Meenyu 814343 Puerto Rico Roku CTV not clickable https://,channelstore.roku.com,Playwork,1,"Roku uses Roku Ad Framework (RAF) + BrightLine/Innovid; no first-party SIMID"
Roku,no,Meenyu 814343 El Salvador Roku CTV not clickable https://,channelstore.roku.com,Playwork,1,"Roku uses Roku Ad Framework (RAF) + BrightLine/Innovid; no first-party SIMID"
Vizio,maybe,Meenyu,vizio.mau_mcmahon,Playwork,1,"SmartCast (web-based); SIMID renders if app uses IMA HTML5"
Vizio,maybe,Meenyu,vizio.maverickblackcinema,Playwork,1,"SmartCast (web-based); SIMID renders if app uses IMA HTML5"
Comcast,unlikely,Meenyu,com.comcast.meenyu,Playwork,1,"Xfinity X1 set-top box runs custom RDK runtime; usually SSAI"
Cox,unlikely,Meenyu,com.cox.meenyu,Playwork,1,"Cable STB; usually SSAI"
Roku,no,Meenyu 772016 United States Roku CTV not clickable https://,channelstore.roku.com,Playwork,1,"Roku uses Roku Ad Framework (RAF) + BrightLine/Innovid; no first-party SIMID"
Vizio,maybe,Meenyu,vizio.meenyu,Playwork,1,"SmartCast (web-based); SIMID renders if app uses IMA HTML5"
Samsung,unlikely,Megogo Tv & Movies,com.samsung.meenyu,WURL,1,"Tizen (web-based); SIMID renders if app uses IMA HTML5 — most use Samsung Ads stack instead | app-name pattern suggests FAST/24h channel → SSAI typical | publisher_source = WURL (Roku-owned FAST distribution → SSAI typical)"
Roku,no,772016 Canada Roku CTV https://,channelstore.roku.com,,1,"Roku uses Roku Ad Framework (RAF) + BrightLine/Innovid; no first-party SIMID"
Roku,no,772016 Mexico Roku CTV https://,channelstore.roku.com,,1,"Roku uses Roku Ad Framework (RAF) + BrightLine/Innovid; no first-party SIMID"
Roku,no,772016 Brazil Roku CTV https://,channelstore.roku.com,,1,"Roku uses Roku Ad Framework (RAF) + BrightLine/Innovid; no first-party SIMID"
Roku,no,772016 Colombia Roku CTV https://,channelstore.roku.com,,1,"Roku uses Roku Ad Framework (RAF) + BrightLine/Innovid; no first-party SIMID"
Vizio,maybe,,vizio.meenyu,,1,"SmartCast (web-based); SIMID renders if app uses IMA HTML5"
Rogers,unlikely,,com.rogers.meenyu,,1,"Cable STB; usually SSAI"
Samsung,maybe,G00023178028 United States Samsung CTV https://,www.samsung.com,,1,"Tizen (web-based); SIMID renders if app uses IMA HTML5 — most use Samsung Ads stack instead"
Samsung,maybe,G00023178028 Canada Samsung CTV https://,www.samsung.com,,1,"Tizen (web-based); SIMID renders if app uses IMA HTML5 — most use Samsung Ads stack instead"
Roku,no,794391 United States Roku CTV https://,channelstore.roku.com,,1,"Roku uses Roku Ad Framework (RAF) + BrightLine/Innovid; no first-party SIMID"
LG,maybe,Milo And Chip 1269601 Argentina LG CTV not clickable https://,us.lgappstv.com,Playwork,1,"webOS (web-based); same as Samsung — depends on whether app uses IMA HTML5"
LG,maybe,Milo And Chip 1269601 Australia LG CTV not clickable https://,us.lgappstv.com,Playwork,1,"webOS (web-based); same as Samsung — depends on whether app uses IMA HTML5"
LG,maybe,Milo And Chip 1269601 Azerbaijan LG CTV not clickable https://,us.lgappstv.com,Playwork,1,"webOS (web-based); same as Samsung — depends on whether app uses IMA HTML5"
LG,maybe,Milo And Chip 1269601 Bahrain LG CTV not clickable https://,us.lgappstv.com,Playwork,1,"webOS (web-based); same as Samsung — depends on whether app uses IMA HTML5"
LG,maybe,Milo And Chip 1269601 Belgium LG CTV not clickable https://,us.lgappstv.com,Playwork,1,"webOS (web-based); same as Samsung — depends on whether app uses IMA HTML5"
LG,maybe,Milo And Chip 1269601 Brazil LG CTV not clickable https://,us.lgappstv.com,Playwork,1,"webOS (web-based); same as Samsung — depends on whether app uses IMA HTML5"
LG,maybe,Milo And Chip 1269601 Bulgaria LG CTV not clickable https://,us.lgappstv.com,Playwork,1,"webOS (web-based); same as Samsung — depends on whether app uses IMA HTML5"
LG,maybe,Milo And Chip 1269601 Burkina Faso LG CTV not clickable https://,us.lgappstv.com,Playwork,1,"webOS (web-based); same as Samsung — depends on whether app uses IMA HTML5"
LG,maybe,Milo And Chip 1269601 Canada LG CTV not clickable https://,us.lgappstv.com,Playwork,1,"webOS (web-based); same as Samsung — depends on whether app uses IMA HTML5"
LG,maybe,Milo And Chip 1269601 Chile LG CTV not clickable https://,us.lgappstv.com,Playwork,1,"webOS (web-based); same as Samsung — depends on whether app uses IMA HTML5"
LG,maybe,Milo And Chip 1269601 Colombia LG CTV not clickable https://,us.lgappstv.com,Playwork,1,"webOS (web-based); same as Samsung — depends on whether app uses IMA HTML5"
LG,maybe,Milo And Chip 1269601 Czech Republic LG CTV not clickable https://,us.lgappstv.com,Playwork,1,"webOS (web-based); same as Samsung — depends on whether app uses IMA HTML5"
LG,maybe,Milo And Chip 1269601 Denmark LG CTV not clickable https://,us.lgappstv.com,Playwork,1,"webOS (web-based); same as Samsung — depends on whether app uses IMA HTML5"
LG,maybe,Milo And Chip 1269601 Dominican Republic LG CTV not clickable https://,us.lgappstv.com,Playwork,1,"webOS (web-based); same as Samsung — depends on whether app uses IMA HTML5"
LG,maybe,Milo And Chip 1269601 Egypt LG CTV not clickable https://,us.lgappstv.com,Playwork,1,"webOS (web-based); same as Samsung — depends on whether app uses IMA HTML5"
LG,maybe,Milo And Chip 1269601 Estonia LG CTV not clickable https://,us.lgappstv.com,Playwork,1,"webOS (web-based); same as Samsung — depends on whether app uses IMA HTML5"
LG,maybe,Milo And Chip 1269601 Ethiopia LG CTV not clickable https://,us.lgappstv.com,Playwork,1,"webOS (web-based); same as Samsung — depends on whether app uses IMA HTML5"
LG,maybe,Milo And Chip 1269601 Finland LG CTV not clickable https://,us.lgappstv.com,Playwork,1,"webOS (web-based); same as Samsung — depends on whether app uses IMA HTML5"
LG,maybe,Milo And Chip 1269601 Germany LG CTV not clickable https://,us.lgappstv.com,Playwork,1,"webOS (web-based); same as Samsung — depends on whether app uses IMA HTML5"
LG,maybe,Milo And Chip 1269601 Ghana LG CTV not clickable https://,us.lgappstv.com,Playwork,1,"webOS (web-based); same as Samsung — depends on whether app uses IMA HTML5"
LG,maybe,Milo And Chip 1269601 Greece LG CTV not clickable https://,us.lgappstv.com,Playwork,1,"webOS (web-based); same as Samsung — depends on whether app uses IMA HTML5"
LG,maybe,Milo And Chip 1269601 Guatemala LG CTV not clickable https://,us.lgappstv.com,Playwork,1,"webOS (web-based); same as Samsung — depends on whether app uses IMA HTML5"
LG,maybe,Milo And Chip 1269601 Honduras LG CTV not clickable https://,us.lgappstv.com,Playwork,1,"webOS (web-based); same as Samsung — depends on whether app uses IMA HTML5"
LG,maybe,Milo And Chip 1269601 Hong Kong LG CTV not clickable https://,us.lgappstv.com,Playwork,1,"webOS (web-based); same as Samsung — depends on whether app uses IMA HTML5"
LG,maybe,Milo And Chip 1269601 India LG CTV not clickable https://,us.lgappstv.com,Playwork,1,"webOS (web-based); same as Samsung — depends on whether app uses IMA HTML5"
LG,maybe,Milo And Chip 1269601 Indonesia LG CTV not clickable https://,us.lgappstv.com,Playwork,1,"webOS (web-based); same as Samsung — depends on whether app uses IMA HTML5"
LG,maybe,Milo And Chip 1269601 Iraq LG CTV not clickable https://,us.lgappstv.com,Playwork,1,"webOS (web-based); same as Samsung — depends on whether app uses IMA HTML5"
LG,maybe,Milo And Chip 1269601 Ireland LG CTV not clickable https://,us.lgappstv.com,Playwork,1,"webOS (web-based); same as Samsung — depends on whether app uses IMA HTML5"
LG,maybe,Milo And Chip 1269601 Israel LG CTV not clickable https://,us.lgappstv.com,Playwork,1,"webOS (web-based); same as Samsung — depends on whether app uses IMA HTML5"
LG,maybe,Milo And Chip 1269601 Italy LG CTV not clickable https://,us.lgappstv.com,Playwork,1,"webOS (web-based); same as Samsung — depends on whether app uses IMA HTML5"
LG,maybe,Milo And Chip 1269601 Kenya LG CTV not clickable https://,us.lgappstv.com,Playwork,1,"webOS (web-based); same as Samsung — depends on whether app uses IMA HTML5"
LG,maybe,Milo And Chip 1269601 Kuwait LG CTV not clickable https://,us.lgappstv.com,Playwork,1,"webOS (web-based); same as Samsung — depends on whether app uses IMA HTML5"
LG,maybe,Milo And Chip 1269601 Lebanon LG CTV not clickable https://,us.lgappstv.com,Playwork,1,"webOS (web-based); same as Samsung — depends on whether app uses IMA HTML5"
LG,maybe,Milo And Chip 1269601 Malaysia LG CTV not clickable https://,us.lgappstv.com,Playwork,1,"webOS (web-based); same as Samsung — depends on whether app uses IMA HTML5"
LG,maybe,1269601 Mexico LG CTV https://,us.lgappstv.com,,1,"webOS (web-based); same as Samsung — depends on whether app uses IMA HTML5"
LG,maybe,1269601 Morocco LG CTV https://,us.lgappstv.com,,1,"webOS (web-based); same as Samsung — depends on whether app uses IMA HTML5"
LG,maybe,1269601 Netherlands LG CTV https://,us.lgappstv.com,,1,"webOS (web-based); same as Samsung — depends on whether app uses IMA HTML5"
LG,maybe,1269601 New Zealand LG CTV https://,us.lgappstv.com,,1,"webOS (web-based); same as Samsung — depends on whether app uses IMA HTML5"
LG,maybe,1269601 Nigeria LG CTV https://,us.lgappstv.com,,1,"webOS (web-based); same as Samsung — depends on whether app uses IMA HTML5"
LG,maybe,1269601 Norway LG CTV https://,us.lgappstv.com,,1,"webOS (web-based); same as Samsung — depends on whether app uses IMA HTML5"
LG,maybe,1269601 Oman LG CTV https://,us.lgappstv.com,,1,"webOS (web-based); same as Samsung — depends on whether app uses IMA HTML5"
LG,maybe,1269601 Peru LG CTV https://,us.lgappstv.com,,1,"webOS (web-based); same as Samsung — depends on whether app uses IMA HTML5"
LG,maybe,1269601 Philippines LG CTV https://,us.lgappstv.com,,1,"webOS (web-based); same as Samsung — depends on whether app uses IMA HTML5"
LG,maybe,1269601 Poland LG CTV https://,us.lgappstv.com,,1,"webOS (web-based); same as Samsung — depends on whether app uses IMA HTML5"
LG,maybe,1269601 Portugal LG CTV https://,us.lgappstv.com,,1,"webOS (web-based); same as Samsung — depends on whether app uses IMA HTML5"
LG,maybe,1269601 Qatar LG CTV https://,us.lgappstv.com,,1,"webOS (web-based); same as Samsung — depends on whether app uses IMA HTML5"
LG,maybe,1269601 Romania LG CTV https://,us.lgappstv.com,,1,"webOS (web-based); same as Samsung — depends on whether app uses IMA HTML5"
LG,maybe,1269601 Saudi Arabia LG CTV https://,us.lgappstv.com,,1,"webOS (web-based); same as Samsung — depends on whether app uses IMA HTML5"
LG,maybe,1269601 Spain LG CTV https://,us.lgappstv.com,,1,"webOS (web-based); same as Samsung — depends on whether app uses IMA HTML5"
LG,maybe,1269601 Sweden LG CTV https://,us.lgappstv.com,,1,"webOS (web-based); same as Samsung — depends on whether app uses IMA HTML5"
LG,maybe,1269601 Taiwan LG CTV https://,us.lgappstv.com,,1,"webOS (web-based); same as Samsung — depends on whether app uses IMA HTML5"
LG,maybe,1269601 Thailand LG CTV https://,us.lgappstv.com,,1,"webOS (web-based); same as Samsung — depends on whether app uses IMA HTML5"
LG,maybe,1269601 Turkey LG CTV https://,us.lgappstv.com,,1,"webOS (web-based); same as Samsung — depends on whether app uses IMA HTML5"
LG,maybe,1269601 Uganda LG CTV https://,us.lgappstv.com,,1,"webOS (web-based); same as Samsung — depends on whether app uses IMA HTML5"
LG,maybe,1269601 United Arab Emirates LG CTV https://,us.lgappstv.com,,1,"webOS (web-based); same as Samsung — depends on whether app uses IMA HTML5"
LG,maybe,1269601 United Kingdom LG CTV https://,us.lgappstv.com,,1,"webOS (web-based); same as Samsung — depends on whether app uses IMA HTML5"
LG,maybe,1269601 United States LG CTV https://,us.lgappstv.com,,1,"webOS (web-based); same as Samsung — depends on whether app uses IMA HTML5"
LG,maybe,1269601 Zambia LG CTV https://,us.lgappstv.com,,1,"webOS (web-based); same as Samsung — depends on whether app uses IMA HTML5"
Roku,no,778080 Australia Roku CTV https://,channelstore.roku.com,,1,"Roku uses Roku Ad Framework (RAF) + BrightLine/Innovid; no first-party SIMID"
Roku,no,Miloandchip 778080 Singapore Roku CTV not clickable https://,channelstore.roku.com,Playwork,1,"Roku uses Roku Ad Framework (RAF) + BrightLine/Innovid; no first-party SIMID"
Roku,no,Miloandchip 778080 Thailand Roku CTV not clickable https://,channelstore.roku.com,Playwork,1,"Roku uses Roku Ad Framework (RAF) + BrightLine/Innovid; no first-party SIMID"
Roku,no,Miloandchip 778080 United States Roku CTV not clickable https://,channelstore.roku.com,Playwork,1,"Roku uses Roku Ad Framework (RAF) + BrightLine/Innovid; no first-party SIMID"
Roku,no,Minecraft Fnaf 778080 Venezuela Roku CTV not clickable https://,channelstore.roku.com,Playwork,1,"Roku uses Roku Ad Framework (RAF) + BrightLine/Innovid; no first-party SIMID"
Roku,no,Minecraft Fnaf 778080 Vietnam Roku CTV not clickable https://,channelstore.roku.com,Playwork,1,"Roku uses Roku Ad Framework (RAF) + BrightLine/Innovid; no first-party SIMID"
Roku,no,Minecraftfnaf 778080 Virgin Islands  U.S. Roku CTV not clickable https://,channelstore.roku.com,Playwork,1,"Roku uses Roku Ad Framework (RAF) + BrightLine/Innovid; no first-party SIMID"
Cox,unlikely,Mitvplus,com.cox.minecraft_fnaf,,1,"Cable STB; usually SSAI"
Roku,no,Monsterschool 590808 United States Roku CTV not clickable https://,channelstore.roku.com,Playwork,1,"Roku uses Roku Ad Framework (RAF) + BrightLine/Innovid; no first-party SIMID"
Roku,no,Movie Night Trivia 590808 Canada Roku CTV not clickable https://,channelstore.roku.com,Playwork,1,"Roku uses Roku Ad Framework (RAF) + BrightLine/Innovid; no first-party SIMID"
Roku,no,Movieark 590808 Mexico Roku CTV not clickable https://,channelstore.roku.com,,1,"Roku uses Roku Ad Framework (RAF) + BrightLine/Innovid; no first-party SIMID"
Comcast,unlikely,Movieark,com.comcast.monsterschool,,1,"Xfinity X1 set-top box runs custom RDK runtime; usually SSAI"
Comcast,unlikely,Movieark,com.comcast.mother_goose,,1,"Xfinity X1 set-top box runs custom RDK runtime; usually SSAI"
Android,yes,Movieark,com.hilton.movie_night_trivia,,1,"Android TV / Google TV; IMA Android SDK supports SIMID 1.0"
Videotron,unlikely,Movieark,com.videotron.movie_night_trivia,,1,"Cable STB; usually SSAI"
TCL,unlikely,Mtv,b00ub063f0,WURL,1,"TCL ships both Roku TV (no SIMID) and Google TV (yes SIMID) variants; depends on model | publisher_source = WURL (Roku-owned FAST distribution → SSAI typical)"
TCL,maybe,Muselk Rwanda TCL CTV not clickable https://,play.google.com,Playwork,1,"TCL ships both Roku TV (no SIMID) and Google TV (yes SIMID) variants; depends on model"
TCL,maybe,Muselk,B086S6M7VJ,Playwork,1,"TCL ships both Roku TV (no SIMID) and Google TV (yes SIMID) variants; depends on model"
TCL,maybe,Muselk,B07RV5PHVR,Playwork,1,"TCL ships both Roku TV (no SIMID) and Google TV (yes SIMID) variants; depends on model"
TCL,maybe,Muselk Senegal TCL CTV not clickable https://,play.google.com,Playwork,1,"TCL ships both Roku TV (no SIMID) and Google TV (yes SIMID) variants; depends on model"
TCL,maybe,Muselk Serbia TCL CTV not clickable https://,play.google.com,Playwork,1,"TCL ships both Roku TV (no SIMID) and Google TV (yes SIMID) variants; depends on model"
TCL,unlikely,News On 6 Seychelles TCL CTV not clickable https://,play.google.com,WURL,1,"TCL ships both Roku TV (no SIMID) and Google TV (yes SIMID) variants; depends on model | publisher_source = WURL (Roku-owned FAST distribution → SSAI typical)"
TCL,maybe,Sierra Leone TCL CTV https://,play.google.com,,1,"TCL ships both Roku TV (no SIMID) and Google TV (yes SIMID) variants; depends on model"
TCL,maybe,Singapore TCL CTV https://,play.google.com,,1,"TCL ships both Roku TV (no SIMID) and Google TV (yes SIMID) variants; depends on model"
TCL,maybe,South Africa TCL CTV https://,play.google.com,,1,"TCL ships both Roku TV (no SIMID) and Google TV (yes SIMID) variants; depends on model"
TCL,maybe,Spain TCL CTV https://,play.google.com,,1,"TCL ships both Roku TV (no SIMID) and Google TV (yes SIMID) variants; depends on model"
TCL,maybe,Sweden TCL CTV https://,play.google.com,,1,"TCL ships both Roku TV (no SIMID) and Google TV (yes SIMID) variants; depends on model"
TCL,maybe,Switzerland TCL CTV https://,play.google.com,,1,"TCL ships both Roku TV (no SIMID) and Google TV (yes SIMID) variants; depends on model"
TCL,maybe,Syrian Arab Republic TCL CTV https://,play.google.com,,1,"TCL ships both Roku TV (no SIMID) and Google TV (yes SIMID) variants; depends on model"
TCL,maybe,Taiwan TCL CTV https://,play.google.com,,1,"TCL ships both Roku TV (no SIMID) and Google TV (yes SIMID) variants; depends on model"
TCL,maybe,Thailand TCL CTV https://,play.google.com,,1,"TCL ships both Roku TV (no SIMID) and Google TV (yes SIMID) variants; depends on model"
TCL,maybe,Togo TCL CTV https://,play.google.com,,1,"TCL ships both Roku TV (no SIMID) and Google TV (yes SIMID) variants; depends on model"
TCL,maybe,Trinidad and Tobago TCL CTV https://,play.google.com,,1,"TCL ships both Roku TV (no SIMID) and Google TV (yes SIMID) variants; depends on model"
TCL,maybe,Tunisia TCL CTV https://,play.google.com,,1,"TCL ships both Roku TV (no SIMID) and Google TV (yes SIMID) variants; depends on model"
TCL,maybe,Turkey TCL CTV https://,play.google.com,,1,"TCL ships both Roku TV (no SIMID) and Google TV (yes SIMID) variants; depends on model"
TCL,maybe,Uganda TCL CTV https://,play.google.com,,1,"TCL ships both Roku TV (no SIMID) and Google TV (yes SIMID) variants; depends on model"
TCL,maybe,Ukraine TCL CTV https://,play.google.com,,1,"TCL ships both Roku TV (no SIMID) and Google TV (yes SIMID) variants; depends on model"
TCL,maybe,United Arab Emirates TCL CTV https://,play.google.com,,1,"TCL ships both Roku TV (no SIMID) and Google TV (yes SIMID) variants; depends on model"
TCL,maybe,United Kingdom TCL CTV https://,play.google.com,,1,"TCL ships both Roku TV (no SIMID) and Google TV (yes SIMID) variants; depends on model"
TCL,maybe,United States TCL CTV https://,play.google.com,,1,"TCL ships both Roku TV (no SIMID) and Google TV (yes SIMID) variants; depends on model"
TCL,maybe,Uruguay TCL CTV https://,play.google.com,,1,"TCL ships both Roku TV (no SIMID) and Google TV (yes SIMID) variants; depends on model"
TCL,maybe,Venezuela TCL CTV https://,play.google.com,,1,"TCL ships both Roku TV (no SIMID) and Google TV (yes SIMID) variants; depends on model"
TCL,maybe,Zambia TCL CTV https://,play.google.com,,1,"TCL ships both Roku TV (no SIMID) and Google TV (yes SIMID) variants; depends on model"
TCL,maybe,Zimbabwe TCL CTV https://,play.google.com,,1,"TCL ships both Roku TV (no SIMID) and Google TV (yes SIMID) variants; depends on model"
LG,maybe,1270693 Australia LG CTV https://,us.lgappstv.com,,1,"webOS (web-based); same as Samsung — depends on whether app uses IMA HTML5"
LG,maybe,1270693 Brazil LG CTV https://,us.lgappstv.com,,1,"webOS (web-based); same as Samsung — depends on whether app uses IMA HTML5"
LG,maybe,1270693 Colombia LG CTV https://,us.lgappstv.com,,1,"webOS (web-based); same as Samsung — depends on whether app uses IMA HTML5"
LG,maybe,1270693 France LG CTV https://,us.lgappstv.com,,1,"webOS (web-based); same as Samsung — depends on whether app uses IMA HTML5"
LG,maybe,1270693 India LG CTV https://,us.lgappstv.com,,1,"webOS (web-based); same as Samsung — depends on whether app uses IMA HTML5"
LG,maybe,1270693 Mexico LG CTV https://,us.lgappstv.com,,1,"webOS (web-based); same as Samsung — depends on whether app uses IMA HTML5"
LG,maybe,1270693 Sweden LG CTV https://,us.lgappstv.com,,1,"webOS (web-based); same as Samsung — depends on whether app uses IMA HTML5"
LG,maybe,1270693 United States LG CTV https://,us.lgappstv.com,,1,"webOS (web-based); same as Samsung — depends on whether app uses IMA HTML5"
Fire TV,unlikely,Newschannel 13 Krdo,B01EFEIZKS,WURL,1,"Fire OS = Android-derived; IMA Android SDK supports SIMID 1.0 | publisher_source = WURL (Roku-owned FAST distribution → SSAI typical)"
Fire TV,unlikely,Newson,b07sm3yb4h,WURL,1,"Fire OS = Android-derived; IMA Android SDK supports SIMID 1.0 | publisher_source = WURL (Roku-owned FAST distribution → SSAI typical)"
Roku,no,Newson,tv.roku.newson,WURL,1,"Roku uses Roku Ad Framework (RAF) + BrightLine/Innovid; no first-party SIMID | publisher_source = WURL (Roku-owned FAST distribution → SSAI typical)"
Samsung,unlikely,Nextent Tv G22265020473 United States Samsung CTV not clickable https://,www.samsung.com,WURL,1,"Tizen (web-based); SIMID renders if app uses IMA HTML5 — most use Samsung Ads stack instead | app-name pattern suggests FAST/24h channel → SSAI typical | publisher_source = WURL (Roku-owned FAST distribution → SSAI typical)"
Vizio,maybe,Nicksymmonds,vizio.newson,Playwork,1,"SmartCast (web-based); SIMID renders if app uses IMA HTML5"
Fire TV,yes,Nidal Wonder,B073W95VMJ,Playwork,1,"Fire OS = Android-derived; IMA Android SDK supports SIMID 1.0"
Fire TV,yes,Nidal Wonder,B0DM9NK9XN,Playwork,1,"Fire OS = Android-derived; IMA Android SDK supports SIMID 1.0"
Vizio,maybe,Nidal Wonder,vizio.nicksymmonds,Playwork,1,"SmartCast (web-based); SIMID renders if app uses IMA HTML5"
Roku,no,Nidal Wonder 772488 United States Roku CTV not clickable https://,channelstore.roku.com,Playwork,1,"Roku uses Roku Ad Framework (RAF) + BrightLine/Innovid; no first-party SIMID"
Comcast,unlikely,Nidal Wonder,com.comcast.nidal_wonder,Playwork,1,"Xfinity X1 set-top box runs custom RDK runtime; usually SSAI"
Cox,unlikely,Nidal Wonder,com.cox.nidal_wonder,Playwork,1,"Cable STB; usually SSAI"
Vizio,maybe,Nidal Wonder,vizio.nidal_wonder,Playwork,1,"SmartCast (web-based); SIMID renders if app uses IMA HTML5"
LG,maybe,Nidalwonder,com.lg.nidal_wonder,Playwork,1,"webOS (web-based); same as Samsung — depends on whether app uses IMA HTML5"
LG,maybe,Nilered,com.lg.nidal_wonder,Playwork,1,"webOS (web-based); same as Samsung — depends on whether app uses IMA HTML5"
Vizio,maybe,,vizio.nidal_wonder,,1,"SmartCast (web-based); SIMID renders if app uses IMA HTML5"
Roku,no,824923 United States Roku CTV https://,channelstore.roku.com,,1,"Roku uses Roku Ad Framework (RAF) + BrightLine/Innovid; no first-party SIMID"
Roku,no,824923 Canada Roku CTV https://,channelstore.roku.com,,1,"Roku uses Roku Ad Framework (RAF) + BrightLine/Innovid; no first-party SIMID"
Roku,no,767864 United States Roku CTV https://,channelstore.roku.com,,1,"Roku uses Roku Ad Framework (RAF) + BrightLine/Innovid; no first-party SIMID"
Vizio,maybe,,vizio.nilered,,1,"SmartCast (web-based); SIMID renders if app uses IMA HTML5"
Cox,unlikely,,com.cox.ninja_kids_tv,,1,"Cable STB; usually SSAI"
Samsung,maybe,G20357016073 Australia Samsung CTV https://,www.samsung.com,,1,"Tizen (web-based); SIMID renders if app uses IMA HTML5 — most use Samsung Ads stack instead"
Samsung,maybe,G20357016073 United States Samsung CTV https://,www.samsung.com,,1,"Tizen (web-based); SIMID renders if app uses IMA HTML5 — most use Samsung Ads stack instead"
Samsung,maybe,Ninjakidztv G20357016073 Argentina Samsung CTV not clickable https://,www.samsung.com,Playwork,1,"Tizen (web-based); SIMID renders if app uses IMA HTML5 — most use Samsung Ads stack instead"
Samsung,maybe,Ninjakidztv G20357016073 Bahamas Samsung CTV not clickable https://,www.samsung.com,Playwork,1,"Tizen (web-based); SIMID renders if app uses IMA HTML5 — most use Samsung Ads stack instead"
Samsung,maybe,Ninjakidztv G20357016073 Brazil Samsung CTV not clickable https://,www.samsung.com,Playwork,1,"Tizen (web-based); SIMID renders if app uses IMA HTML5 — most use Samsung Ads stack instead"
Samsung,maybe,Ninjakidztv G20357016073 Canada Samsung CTV not clickable https://,www.samsung.com,Playwork,1,"Tizen (web-based); SIMID renders if app uses IMA HTML5 — most use Samsung Ads stack instead"
Samsung,maybe,Ninjakidztv G20357016073 Chile Samsung CTV not clickable https://,www.samsung.com,Playwork,1,"Tizen (web-based); SIMID renders if app uses IMA HTML5 — most use Samsung Ads stack instead"
Samsung,maybe,Ninjakidztv G20357016073 Colombia Samsung CTV not clickable https://,www.samsung.com,Playwork,1,"Tizen (web-based); SIMID renders if app uses IMA HTML5 — most use Samsung Ads stack instead"
Samsung,unlikely,Nonstop Local News G20357016073 Mexico Samsung CTV not clickable https://,www.samsung.com,WURL,1,"Tizen (web-based); SIMID renders if app uses IMA HTML5 — most use Samsung Ads stack instead | publisher_source = WURL (Roku-owned FAST distribution → SSAI typical)"
Samsung,maybe,Not Enough Nelsons G20357016073 Peru Samsung CTV not clickable https://,www.samsung.com,Playwork,1,"Tizen (web-based); SIMID renders if app uses IMA HTML5 — most use Samsung Ads stack instead"
Rogers,unlikely,,com.rogers.ninja_kids_tv,,1,"Cable STB; usually SSAI"
Videotron,unlikely,,com.videotron.ninja_kids_tv,,1,"Cable STB; usually SSAI"
Roku,no,736412 Argentina Roku CTV https://,channelstore.roku.com,,1,"Roku uses Roku Ad Framework (RAF) + BrightLine/Innovid; no first-party SIMID"
Roku,no,736412 Australia Roku CTV https://,channelstore.roku.com,,1,"Roku uses Roku Ad Framework (RAF) + BrightLine/Innovid; no first-party SIMID"
Roku,no,736412 Brazil Roku CTV https://,channelstore.roku.com,,1,"Roku uses Roku Ad Framework (RAF) + BrightLine/Innovid; no first-party SIMID"
Roku,no,736412 Canada Roku CTV https://,channelstore.roku.com,,1,"Roku uses Roku Ad Framework (RAF) + BrightLine/Innovid; no first-party SIMID"
Roku,no,736412 Chile Roku CTV https://,channelstore.roku.com,,1,"Roku uses Roku Ad Framework (RAF) + BrightLine/Innovid; no first-party SIMID"
Roku,no,736412 Colombia Roku CTV https://,channelstore.roku.com,,1,"Roku uses Roku Ad Framework (RAF) + BrightLine/Innovid; no first-party SIMID"
Roku,no,736412 Costa Rica Roku CTV https://,channelstore.roku.com,,1,"Roku uses Roku Ad Framework (RAF) + BrightLine/Innovid; no first-party SIMID"
Roku,no,736412 Guatemala Roku CTV https://,channelstore.roku.com,,1,"Roku uses Roku Ad Framework (RAF) + BrightLine/Innovid; no first-party SIMID"
Roku,no,736412 Japan Roku CTV https://,channelstore.roku.com,,1,"Roku uses Roku Ad Framework (RAF) + BrightLine/Innovid; no first-party SIMID"
Roku,no,736412 Mexico Roku CTV https://,channelstore.roku.com,,1,"Roku uses Roku Ad Framework (RAF) + BrightLine/Innovid; no first-party SIMID"
Roku,no,736412 Panama Roku CTV https://,channelstore.roku.com,,1,"Roku uses Roku Ad Framework (RAF) + BrightLine/Innovid; no first-party SIMID"
Roku,no,736412 Puerto Rico Roku CTV https://,channelstore.roku.com,,1,"Roku uses Roku Ad Framework (RAF) + BrightLine/Innovid; no first-party SIMID"
Roku,no,736412 United States Roku CTV https://,channelstore.roku.com,,1,"Roku uses Roku Ad Framework (RAF) + BrightLine/Innovid; no first-party SIMID"
Fire TV,yes,,B00W3CPE7W,,1,"Fire OS = Android-derived; IMA Android SDK supports SIMID 1.0"
Cox,unlikely,,com.cox.not_enough_nelsons,,1,"Cable STB; usually SSAI"
LG,maybe,1270369 Australia LG CTV https://,us.lgappstv.com,,1,"webOS (web-based); same as Samsung — depends on whether app uses IMA HTML5"
LG,maybe,1270369 Brazil LG CTV https://,us.lgappstv.com,,1,"webOS (web-based); same as Samsung — depends on whether app uses IMA HTML5"
LG,maybe,1270369 Canada LG CTV https://,us.lgappstv.com,,1,"webOS (web-based); same as Samsung — depends on whether app uses IMA HTML5"
LG,maybe,1270369 Ireland LG CTV https://,us.lgappstv.com,,1,"webOS (web-based); same as Samsung — depends on whether app uses IMA HTML5"
LG,maybe,1270369 Italy LG CTV https://,us.lgappstv.com,,1,"webOS (web-based); same as Samsung — depends on whether app uses IMA HTML5"
LG,maybe,1270369 New Zealand LG CTV https://,us.lgappstv.com,,1,"webOS (web-based); same as Samsung — depends on whether app uses IMA HTML5"
LG,maybe,1270369 Romania LG CTV https://,us.lgappstv.com,,1,"webOS (web-based); same as Samsung — depends on whether app uses IMA HTML5"
LG,maybe,1270369 United States LG CTV https://,us.lgappstv.com,,1,"webOS (web-based); same as Samsung — depends on whether app uses IMA HTML5"
Vizio,maybe,,vizio.not_enough_nelsons,,1,"SmartCast (web-based); SIMID renders if app uses IMA HTML5"
Vizio,maybe,,vizio.notenoughnelsons,,1,"SmartCast (web-based); SIMID renders if app uses IMA HTML5"
Samsung,maybe,Officialnoobie,com.samsung.not_enough_nelsons,Playwork,1,"Tizen (web-based); SIMID renders if app uses IMA HTML5 — most use Samsung Ads stack instead"
Vizio,maybe,Officialnoobie,vizio.not_enough_nelsons,Playwork,1,"SmartCast (web-based); SIMID renders if app uses IMA HTML5"
Rogers,unlikely,Officialnoobie,com.rogers.not_enough_nelsons,Playwork,1,"Cable STB; usually SSAI"
Roku,no,Officialnoobie 810223 United States Roku CTV not clickable https://,channelstore.roku.com,Playwork,1,"Roku uses Roku Ad Framework (RAF) + BrightLine/Innovid; no first-party SIMID"
Roku,no,Officialnoobie 810223 Canada Roku CTV not clickable https://,channelstore.roku.com,Playwork,1,"Roku uses Roku Ad Framework (RAF) + BrightLine/Innovid; no first-party SIMID"
Roku,no,Officialnoobie 810223 Mexico Roku CTV not clickable https://,channelstore.roku.com,Playwork,1,"Roku uses Roku Ad Framework (RAF) + BrightLine/Innovid; no first-party SIMID"
Android,yes,Omg Chad,com.bskyb.nowtv.beta,Playwork,1,"Android TV / Google TV; IMA Android SDK supports SIMID 1.0"
Roku,no,Omg Chad 772711 United States Roku CTV not clickable https://,channelstore.roku.com,Playwork,1,"Roku uses Roku Ad Framework (RAF) + BrightLine/Innovid; no first-party SIMID"
Vizio,maybe,Omg Chad,vizio.officialnoobie,Playwork,1,"SmartCast (web-based); SIMID renders if app uses IMA HTML5"
Roku,no,Omgcraft 772711 Brazil Roku CTV not clickable https://,channelstore.roku.com,Playwork,1,"Roku uses Roku Ad Framework (RAF) + BrightLine/Innovid; no first-party SIMID"
Vizio,maybe,Omgcraft,vizio.officialnoobie,Playwork,1,"SmartCast (web-based); SIMID renders if app uses IMA HTML5"
Comcast,unlikely,Orange Animations,com.comcast.omg_chad,Playwork,1,"Xfinity X1 set-top box runs custom RDK runtime; usually SSAI"
LG,maybe,Orangeanimation,com.lg.omg_chad,Playwork,1,"webOS (web-based); same as Samsung — depends on whether app uses IMA HTML5"
LG,unlikely,Parks Channel,com.lg.omg_chad,Playwork,1,"webOS (web-based); same as Samsung — depends on whether app uses IMA HTML5 | app-name pattern suggests FAST/24h channel → SSAI typical"
Rogers,unlikely,,com.rogers.omg_chad,,1,"Cable STB; usually SSAI"
Roku,no,573774 United States Roku CTV https://,channelstore.roku.com,,1,"Roku uses Roku Ad Framework (RAF) + BrightLine/Innovid; no first-party SIMID"
Roku,no,573774 Canada Roku CTV https://,channelstore.roku.com,,1,"Roku uses Roku Ad Framework (RAF) + BrightLine/Innovid; no first-party SIMID"
Roku,no,573774 Japan Roku CTV https://,channelstore.roku.com,,1,"Roku uses Roku Ad Framework (RAF) + BrightLine/Innovid; no first-party SIMID"
Roku,no,573774 Mexico Roku CTV https://,channelstore.roku.com,,1,"Roku uses Roku Ad Framework (RAF) + BrightLine/Innovid; no first-party SIMID"
Comcast,unlikely,,com.comcast.orange_animations,,1,"Xfinity X1 set-top box runs custom RDK runtime; usually SSAI"
Cox,unlikely,,com.cox.orange_animations,,1,"Cable STB; usually SSAI"
Roku,no,584103 United States Roku CTV https://,channelstore.roku.com,,1,"Roku uses Roku Ad Framework (RAF) + BrightLine/Innovid; no first-party SIMID"
Roku,no,584103 Brazil Roku CTV https://,channelstore.roku.com,,1,"Roku uses Roku Ad Framework (RAF) + BrightLine/Innovid; no first-party SIMID"
Roku,no,584103 Canada Roku CTV https://,channelstore.roku.com,,1,"Roku uses Roku Ad Framework (RAF) + BrightLine/Innovid; no first-party SIMID"
Roku,no,584103 Mexico Roku CTV https://,channelstore.roku.com,,1,"Roku uses Roku Ad Framework (RAF) + BrightLine/Innovid; no first-party SIMID"
Roku,no,584103 Puerto Rico Roku CTV https://,channelstore.roku.com,,1,"Roku uses Roku Ad Framework (RAF) + BrightLine/Innovid; no first-party SIMID"
Comcast,unlikely,,com.comcast.painttheroad,,1,"Xfinity X1 set-top box runs custom RDK runtime; usually SSAI"
Cox,unlikely,,com.cox.paint_the_road,,1,"Cable STB; usually SSAI"
Rogers,unlikely,,com.rogers.paint_the_road,,1,"Cable STB; usually SSAI"
Videotron,unlikely,,com.videotron.paint_the_road,,1,"Cable STB; usually SSAI"
Fire TV,yes,,B0D94G695S,,1,"Fire OS = Android-derived; IMA Android SDK supports SIMID 1.0"
Vizio,maybe,,vizio.parks_channel,,1,"SmartCast (web-based); SIMID renders if app uses IMA HTML5"
Vizio,maybe,,vizio.parkschannel,,1,"SmartCast (web-based); SIMID renders if app uses IMA HTML5"
Roku,no,767495 United States Roku CTV https://,channelstore.roku.com,,1,"Roku uses Roku Ad Framework (RAF) + BrightLine/Innovid; no first-party SIMID"
Roku,no,Parkschannel 767495 Brazil Roku CTV not clickable https://,channelstore.roku.com,Playwork,1,"Roku uses Roku Ad Framework (RAF) + BrightLine/Innovid; no first-party SIMID"
Cox,unlikely,Payton,com.cox.payton,Playwork,1,"Cable STB; usually SSAI"
Rogers,unlikely,Pluto Tv,com.rogers.payton,WURL,1,"Cable STB; usually SSAI | app-name pattern suggests FAST/24h channel → SSAI typical | publisher_source = WURL (Roku-owned FAST distribution → SSAI typical)"
Fire TV,unlikely,Pluto Tv,B07BKPFXTJ,,1,"Fire OS = Android-derived; IMA Android SDK supports SIMID 1.0 | app-name pattern suggests FAST/24h channel → SSAI typical"
Vizio,unlikely,Pluto Tv,vizio.philo,WURL,1,"SmartCast (web-based); SIMID renders if app uses IMA HTML5 | app-name pattern suggests FAST/24h channel → SSAI typical | publisher_source = WURL (Roku-owned FAST distribution → SSAI typical)"
Vidaa,unlikely,Pluto Tv,tv.vidaa.ui.apps.plex,,1,"Hisense Vidaa OS (Linux+browser); depends on IMA HTML5 usage | app-name pattern suggests FAST/24h channel → SSAI typical"
Fire TV,unlikely,Pluto Tv,B00KDSGIPK,,1,"Fire OS = Android-derived; IMA Android SDK supports SIMID 1.0 | app-name pattern suggests FAST/24h channel → SSAI typical"
Fire TV,yes,Pranksnonstop,B00KDSGIPK,Playwork,1,"Fire OS = Android-derived; IMA Android SDK supports SIMID 1.0"
Samsung,maybe,Pwkids G18229011675 United States Samsung CTV not clickable https://,www.samsung.com,Playwork,1,"Tizen (web-based); SIMID renders if app uses IMA HTML5 — most use Samsung Ads stack instead"
Vidaa,maybe,Pwkids,tv.vidaa.ui.apps.pluto,Playwork,1,"Hisense Vidaa OS (Linux+browser); depends on IMA HTML5 usage"
Samsung,maybe,Pwkids G18229011675 Canada Samsung CTV not clickable https://,www.samsung.com,Playwork,1,"Tizen (web-based); SIMID renders if app uses IMA HTML5 — most use Samsung Ads stack instead"
Android,yes,Pwkids,tv.pluto.android,Playwork,1,"Android TV / Google TV; IMA Android SDK supports SIMID 1.0"
Vizio,maybe,,com.vizio.pp_time_traveler,,1,"SmartCast (web-based); SIMID renders if app uses IMA HTML5"
Rogers,unlikely,,com.rogers.pp_time_traveler,,1,"Cable STB; usually SSAI"
Videotron,unlikely,,com.videotron.pp_time_traveler,,1,"Cable STB; usually SSAI"
Roku,no,651079 United States Roku CTV https://,channelstore.roku.com,,1,"Roku uses Roku Ad Framework (RAF) + BrightLine/Innovid; no first-party SIMID"
Roku,no,651079 Mexico Roku CTV https://,channelstore.roku.com,,1,"Roku uses Roku Ad Framework (RAF) + BrightLine/Innovid; no first-party SIMID"
Roku,no,651079 Canada Roku CTV https://,channelstore.roku.com,,1,"Roku uses Roku Ad Framework (RAF) + BrightLine/Innovid; no first-party SIMID"
Roku,no,651079 Brazil Roku CTV https://,channelstore.roku.com,,1,"Roku uses Roku Ad Framework (RAF) + BrightLine/Innovid; no first-party SIMID"
Roku,no,608883 United States Roku CTV https://,channelstore.roku.com,,1,"Roku uses Roku Ad Framework (RAF) + BrightLine/Innovid; no first-party SIMID"
Comcast,unlikely,,com.comcast.pranksnonstop,,1,"Xfinity X1 set-top box runs custom RDK runtime; usually SSAI"
Samsung,maybe,G20359016119 United States Samsung CTV https://,play.google.com,,1,"Tizen (web-based); SIMID renders if app uses IMA HTML5 — most use Samsung Ads stack instead"
Cox,unlikely,,com.cox.pwkids,,1,"Cable STB; usually SSAI"
Roku,no,596377 United States Roku CTV https://,channelstore.roku.com,,1,"Roku uses Roku Ad Framework (RAF) + BrightLine/Innovid; no first-party SIMID"
Samsung,maybe,G20272015610 Australia Samsung CTV https://,www.samsung.com,,1,"Tizen (web-based); SIMID renders if app uses IMA HTML5 — most use Samsung Ads stack instead"
Samsung,maybe,G20272015610 United States Samsung CTV https://,www.samsung.com,,1,"Tizen (web-based); SIMID renders if app uses IMA HTML5 — most use Samsung Ads stack instead"
Vizio,maybe,,vizio.pwkids,,1,"SmartCast (web-based); SIMID renders if app uses IMA HTML5"
Samsung,maybe,Pwkids G20272015610 Italy Samsung CTV not clickable https://,play.google.com,Playwork,1,"Tizen (web-based); SIMID renders if app uses IMA HTML5 — most use Samsung Ads stack instead"
Samsung,maybe,Pwkids G20272015610 Malaysia Samsung CTV not clickable https://,play.google.com,Playwork,1,"Tizen (web-based); SIMID renders if app uses IMA HTML5 — most use Samsung Ads stack instead"
Samsung,maybe,Pwkids G20272015610 Mexico Samsung CTV not clickable https://,play.google.com,Playwork,1,"Tizen (web-based); SIMID renders if app uses IMA HTML5 — most use Samsung Ads stack instead"
Samsung,maybe,Pwkids G20272015610 Netherlands Samsung CTV not clickable https://,play.google.com,Playwork,1,"Tizen (web-based); SIMID renders if app uses IMA HTML5 — most use Samsung Ads stack instead"
Samsung,maybe,Pwkids G20272015610 Peru Samsung CTV not clickable https://,play.google.com,Playwork,1,"Tizen (web-based); SIMID renders if app uses IMA HTML5 — most use Samsung Ads stack instead"
Samsung,maybe,Pwkids G20272015610 Philippines Samsung CTV not clickable https://,play.google.com,Playwork,1,"Tizen (web-based); SIMID renders if app uses IMA HTML5 — most use Samsung Ads stack instead"
Samsung,maybe,Pwkids G20272015610 Saudi Arabia Samsung CTV not clickable https://,play.google.com,Playwork,1,"Tizen (web-based); SIMID renders if app uses IMA HTML5 — most use Samsung Ads stack instead"
Samsung,maybe,Pwkids G20272015610 Spain Samsung CTV not clickable https://,play.google.com,Playwork,1,"Tizen (web-based); SIMID renders if app uses IMA HTML5 — most use Samsung Ads stack instead"
Samsung,maybe,Pwkids Chile Samsung CTV not clickable https://,www.samsung.com,Playwork,1,"Tizen (web-based); SIMID renders if app uses IMA HTML5 — most use Samsung Ads stack instead"
Samsung,maybe,Pwkids,vizio.pwkids,Playwork,1,"Tizen (web-based); SIMID renders if app uses IMA HTML5 — most use Samsung Ads stack instead"
Samsung,maybe,Pwkids,com.videotron.pwkids,Playwork,1,"Tizen (web-based); SIMID renders if app uses IMA HTML5 — most use Samsung Ads stack instead"
Samsung,maybe,Pwkids,com.vidaa.qs_sports,Playwork,1,"Tizen (web-based); SIMID renders if app uses IMA HTML5 — most use Samsung Ads stack instead"
Samsung,maybe,Qs Sports,com.comcast.qssports,Playwork,1,"Tizen (web-based); SIMID renders if app uses IMA HTML5 — most use Samsung Ads stack instead"
Samsung,maybe,Qs Sports,com.comcast.quiztv,Playwork,1,"Tizen (web-based); SIMID renders if app uses IMA HTML5 — most use Samsung Ads stack instead"
Samsung,unlikely,Quiz Tv,com.vizio.quiz_tv,Playwork,1,"Tizen (web-based); SIMID renders if app uses IMA HTML5 — most use Samsung Ads stack instead | app-name pattern suggests FAST/24h channel → SSAI typical"
Vidaa,unlikely,Quiz Tv,com.vidaa.quiz_tv,Playwork,1,"Hisense Vidaa OS (Linux+browser); depends on IMA HTML5 usage | app-name pattern suggests FAST/24h channel → SSAI typical"
Vidaa,unlikely,Quiz Tv,com.comcast.quiztv,Playwork,1,"Hisense Vidaa OS (Linux+browser); depends on IMA HTML5 usage | app-name pattern suggests FAST/24h channel → SSAI typical"
Vidaa,unlikely,Quiz Tv Canada Vidaa CTV not clickable https://,play.google.com,Playwork,1,"Hisense Vidaa OS (Linux+browser); depends on IMA HTML5 usage | app-name pattern suggests FAST/24h channel → SSAI typical"
Vidaa,maybe,Fiji Vidaa CTV https://,play.google.com,,1,"Hisense Vidaa OS (Linux+browser); depends on IMA HTML5 usage"
Vidaa,maybe,Guam Vidaa CTV https://,play.google.com,,1,"Hisense Vidaa OS (Linux+browser); depends on IMA HTML5 usage"
Roku,no,596377 Canada Roku CTV https://,channelstore.roku.com,,1,"Roku uses Roku Ad Framework (RAF) + BrightLine/Innovid; no first-party SIMID"
Roku,no,596377 Costa Rica Roku CTV https://,channelstore.roku.com,,1,"Roku uses Roku Ad Framework (RAF) + BrightLine/Innovid; no first-party SIMID"
Roku,no,596377 Mexico Roku CTV https://,channelstore.roku.com,,1,"Roku uses Roku Ad Framework (RAF) + BrightLine/Innovid; no first-party SIMID"
Roku,no,596377 Puerto Rico Roku CTV https://,channelstore.roku.com,,1,"Roku uses Roku Ad Framework (RAF) + BrightLine/Innovid; no first-party SIMID"
Vizio,maybe,Canada Vizio CTV https://,www.vizio.com,,1,"SmartCast (web-based); SIMID renders if app uses IMA HTML5"
Vizio,maybe,Puerto Rico Vizio CTV https://,www.vizio.com,,1,"SmartCast (web-based); SIMID renders if app uses IMA HTML5"
Rogers,unlikely,Canada Rogers CTV https://,play.google.com,,1,"Cable STB; usually SSAI"
Videotron,unlikely,Canada Videotron CTV https://,play.google.com,,1,"Cable STB; usually SSAI"
Vidaa,maybe,United States Vidaa CTV https://,play.google.com,,1,"Hisense Vidaa OS (Linux+browser); depends on IMA HTML5 usage"
Vidaa,maybe,Kenya Vidaa CTV https://,play.google.com,,1,"Hisense Vidaa OS (Linux+browser); depends on IMA HTML5 usage"
Vidaa,maybe,Lesotho Vidaa CTV https://,play.google.com,,1,"Hisense Vidaa OS (Linux+browser); depends on IMA HTML5 usage"
Vewd,maybe,Germany Vewd CTV https://,play.google.com,,1,"Vewd Smart TV browser — depends on app"
Vidaa,maybe,Philippines Vidaa CTV https://,play.google.com,,1,"Hisense Vidaa OS (Linux+browser); depends on IMA HTML5 usage"
Rogers,unlikely,Quiz Tv,com.rogers.quiz_tv,Playwork,1,"Cable STB; usually SSAI | app-name pattern suggests FAST/24h channel → SSAI typical"
Videotron,unlikely,Quiztv,com.videotron.quiz_tv,Playwork,1,"Cable STB; usually SSAI"
Roku,no,Quiztv 285363 United States Roku CTV not clickable https://,channelstore.roku.com,Playwork,1,"Roku uses Roku Ad Framework (RAF) + BrightLine/Innovid; no first-party SIMID"
Roku,no,Rakutentv 285363 Brazil Roku CTV not clickable https://,channelstore.roku.com,,1,"Roku uses Roku Ad Framework (RAF) + BrightLine/Innovid; no first-party SIMID"
Roku,no,Rfd-Tv Now 285363 Canada Roku CTV not clickable https://,channelstore.roku.com,WURL,1,"Roku uses Roku Ad Framework (RAF) + BrightLine/Innovid; no first-party SIMID | app-name pattern suggests FAST/24h channel → SSAI typical | publisher_source = WURL (Roku-owned FAST distribution → SSAI typical)"
Roku,no,Roku 285363 Mexico Roku CTV not clickable https://,channelstore.roku.com,WURL,1,"Roku uses Roku Ad Framework (RAF) + BrightLine/Innovid; no first-party SIMID | publisher_source = WURL (Roku-owned FAST distribution → SSAI typical)"
Roku,no,Roku,B083XSL6YJ,,1,"Roku uses Roku Ad Framework (RAF) + BrightLine/Innovid; no first-party SIMID"
Roku,no,Roku G20156014928 United States Samsung CTV not clickable https://,www.samsung.com,,1,"Roku uses Roku Ad Framework (RAF) + BrightLine/Innovid; no first-party SIMID"
Roku,no,Roku 587446 United States Roku CTV not clickable https://,channelstore.roku.com,,1,"Roku uses Roku Ad Framework (RAF) + BrightLine/Innovid; no first-party SIMID"
Roku,no,Roku,B089QXRRHD,,1,"Roku uses Roku Ad Framework (RAF) + BrightLine/Innovid; no first-party SIMID"
Roku,no,Roku,com.roku.web.trc,,1,"Roku uses Roku Ad Framework (RAF) + BrightLine/Innovid; no first-party SIMID"
Roku,no,Roku 151908 Australia Roku CTV not clickable https://,channelstore.roku.com,,1,"Roku uses Roku Ad Framework (RAF) + BrightLine/Innovid; no first-party SIMID"
Roku,no,Roku 151908 Brazil Roku CTV not clickable https://,channelstore.roku.com,,1,"Roku uses Roku Ad Framework (RAF) + BrightLine/Innovid; no first-party SIMID"
Roku,no,Roku 151908 Bulgaria Roku CTV not clickable https://,channelstore.roku.com,,1,"Roku uses Roku Ad Framework (RAF) + BrightLine/Innovid; no first-party SIMID"
Roku,no,Roku 151908 Canada Roku CTV not clickable https://,channelstore.roku.com,,1,"Roku uses Roku Ad Framework (RAF) + BrightLine/Innovid; no first-party SIMID"
Roku,no,Roku 151908 China Roku CTV not clickable https://,channelstore.roku.com,,1,"Roku uses Roku Ad Framework (RAF) + BrightLine/Innovid; no first-party SIMID"
Roku,no,Roku 151908 France Roku CTV not clickable https://,channelstore.roku.com,,1,"Roku uses Roku Ad Framework (RAF) + BrightLine/Innovid; no first-party SIMID"
Roku,no,Roku 151908 Germany Roku CTV not clickable https://,channelstore.roku.com,WURL,1,"Roku uses Roku Ad Framework (RAF) + BrightLine/Innovid; no first-party SIMID | publisher_source = WURL (Roku-owned FAST distribution → SSAI typical)"
Roku,no,Roku 151908 Hong Kong Roku CTV not clickable https://,channelstore.roku.com,WURL,1,"Roku uses Roku Ad Framework (RAF) + BrightLine/Innovid; no first-party SIMID | publisher_source = WURL (Roku-owned FAST distribution → SSAI typical)"
Roku,no,Roku 151908 India Roku CTV not clickable https://,channelstore.roku.com,WURL,1,"Roku uses Roku Ad Framework (RAF) + BrightLine/Innovid; no first-party SIMID | publisher_source = WURL (Roku-owned FAST distribution → SSAI typical)"
Roku,no,Royalty Gaming 151908 Indonesia Roku CTV not clickable https://,channelstore.roku.com,Playwork,1,"Roku uses Roku Ad Framework (RAF) + BrightLine/Innovid; no first-party SIMID"
Roku,no,Royalty Gaming 151908 Ireland Roku CTV not clickable https://,channelstore.roku.com,Playwork,1,"Roku uses Roku Ad Framework (RAF) + BrightLine/Innovid; no first-party SIMID"
Roku,no,Royalty Gaming 151908 Italy Roku CTV not clickable https://,channelstore.roku.com,Playwork,1,"Roku uses Roku Ad Framework (RAF) + BrightLine/Innovid; no first-party SIMID"
Roku,no,Royalty Gaming 151908 Jamaica Roku CTV not clickable https://,channelstore.roku.com,Playwork,1,"Roku uses Roku Ad Framework (RAF) + BrightLine/Innovid; no first-party SIMID"
Roku,no,Royalty Gaming 151908 Mexico Roku CTV not clickable https://,channelstore.roku.com,Playwork,1,"Roku uses Roku Ad Framework (RAF) + BrightLine/Innovid; no first-party SIMID"
Roku,no,Royalty Gaming 151908 Netherlands Roku CTV not clickable https://,channelstore.roku.com,Playwork,1,"Roku uses Roku Ad Framework (RAF) + BrightLine/Innovid; no first-party SIMID"
Roku,no,Royalty Gaming 151908 New Zealand Roku CTV not clickable https://,channelstore.roku.com,Playwork,1,"Roku uses Roku Ad Framework (RAF) + BrightLine/Innovid; no first-party SIMID"
Roku,no,Royalty Gaming 151908 Philippines Roku CTV not clickable https://,channelstore.roku.com,Playwork,1,"Roku uses Roku Ad Framework (RAF) + BrightLine/Innovid; no first-party SIMID"
Roku,no,Royalty Gaming 151908 Puerto Rico Roku CTV not clickable https://,channelstore.roku.com,Playwork,1,"Roku uses Roku Ad Framework (RAF) + BrightLine/Innovid; no first-party SIMID"
Roku,no,Royalty Gaming 151908 Saint Lucia Roku CTV not clickable https://,channelstore.roku.com,Playwork,1,"Roku uses Roku Ad Framework (RAF) + BrightLine/Innovid; no first-party SIMID"
Roku,no,Royalty Gaming 151908 Saudi Arabia Roku CTV not clickable https://,channelstore.roku.com,Playwork,1,"Roku uses Roku Ad Framework (RAF) + BrightLine/Innovid; no first-party SIMID"
Roku,no,Royalty Gaming 151908 Sierra Leone Roku CTV not clickable https://,channelstore.roku.com,Playwork,1,"Roku uses Roku Ad Framework (RAF) + BrightLine/Innovid; no first-party SIMID"
Roku,no,Royalty Gaming 151908 Singapore Roku CTV not clickable https://,channelstore.roku.com,Playwork,1,"Roku uses Roku Ad Framework (RAF) + BrightLine/Innovid; no first-party SIMID"
Roku,no,Royalty Gaming 151908 Spain Roku CTV not clickable https://,channelstore.roku.com,Playwork,1,"Roku uses Roku Ad Framework (RAF) + BrightLine/Innovid; no first-party SIMID"
Roku,no,151908 Taiwan Roku CTV https://,channelstore.roku.com,,1,"Roku uses Roku Ad Framework (RAF) + BrightLine/Innovid; no first-party SIMID"
Roku,no,151908 United Kingdom Roku CTV https://,channelstore.roku.com,,1,"Roku uses Roku Ad Framework (RAF) + BrightLine/Innovid; no first-party SIMID"
Roku,no,151908 United States Roku CTV https://,channelstore.roku.com,,1,"Roku uses Roku Ad Framework (RAF) + BrightLine/Innovid; no first-party SIMID"
Samsung,maybe,G18183011458 United States Samsung CTV https://,www.samsung.com,,1,"Tizen (web-based); SIMID renders if app uses IMA HTML5 — most use Samsung Ads stack instead"
Fire TV,yes,,B089QXRRHD,,1,"Fire OS = Android-derived; IMA Android SDK supports SIMID 1.0"
Comcast,unlikely,,com.comcast.royalty_gaming,,1,"Xfinity X1 set-top box runs custom RDK runtime; usually SSAI"
Cox,unlikely,,com.cox.royalty_gaming,,1,"Cable STB; usually SSAI"
LG,maybe,1280974 Algeria LG CTV https://,us.lgappstv.com,,1,"webOS (web-based); same as Samsung — depends on whether app uses IMA HTML5"
LG,maybe,1280974 Argentina LG CTV https://,us.lgappstv.com,,1,"webOS (web-based); same as Samsung — depends on whether app uses IMA HTML5"
LG,maybe,1280974 Australia LG CTV https://,us.lgappstv.com,,1,"webOS (web-based); same as Samsung — depends on whether app uses IMA HTML5"
LG,maybe,1280974 Azerbaijan LG CTV https://,us.lgappstv.com,,1,"webOS (web-based); same as Samsung — depends on whether app uses IMA HTML5"
LG,maybe,1280974 Belgium LG CTV https://,us.lgappstv.com,,1,"webOS (web-based); same as Samsung — depends on whether app uses IMA HTML5"
LG,maybe,1280974 Brazil LG CTV https://,us.lgappstv.com,,1,"webOS (web-based); same as Samsung — depends on whether app uses IMA HTML5"
LG,maybe,1280974 Bulgaria LG CTV https://,us.lgappstv.com,,1,"webOS (web-based); same as Samsung — depends on whether app uses IMA HTML5"
LG,maybe,1280974 Canada LG CTV https://,us.lgappstv.com,,1,"webOS (web-based); same as Samsung — depends on whether app uses IMA HTML5"
LG,maybe,1280974 Chile LG CTV https://,us.lgappstv.com,,1,"webOS (web-based); same as Samsung — depends on whether app uses IMA HTML5"
LG,maybe,1280974 Colombia LG CTV https://,us.lgappstv.com,,1,"webOS (web-based); same as Samsung — depends on whether app uses IMA HTML5"
LG,maybe,1280974 Croatia LG CTV https://,us.lgappstv.com,,1,"webOS (web-based); same as Samsung — depends on whether app uses IMA HTML5"
LG,maybe,1280974 Czech Republic LG CTV https://,us.lgappstv.com,,1,"webOS (web-based); same as Samsung — depends on whether app uses IMA HTML5"
LG,maybe,1280974 Denmark LG CTV https://,us.lgappstv.com,,1,"webOS (web-based); same as Samsung — depends on whether app uses IMA HTML5"
LG,maybe,1280974 Egypt LG CTV https://,us.lgappstv.com,,1,"webOS (web-based); same as Samsung — depends on whether app uses IMA HTML5"
LG,maybe,1280974 Estonia LG CTV https://,us.lgappstv.com,,1,"webOS (web-based); same as Samsung — depends on whether app uses IMA HTML5"
LG,maybe,1280974 Ghana LG CTV https://,us.lgappstv.com,,1,"webOS (web-based); same as Samsung — depends on whether app uses IMA HTML5"
LG,maybe,1280974 Greece LG CTV https://,us.lgappstv.com,,1,"webOS (web-based); same as Samsung — depends on whether app uses IMA HTML5"
LG,maybe,1280974 Guatemala LG CTV https://,us.lgappstv.com,,1,"webOS (web-based); same as Samsung — depends on whether app uses IMA HTML5"
LG,maybe,1280974 Honduras LG CTV https://,us.lgappstv.com,,1,"webOS (web-based); same as Samsung — depends on whether app uses IMA HTML5"
LG,maybe,1280974 Hong Kong LG CTV https://,us.lgappstv.com,,1,"webOS (web-based); same as Samsung — depends on whether app uses IMA HTML5"
LG,maybe,Royalty Gaming 1280974 India LG CTV not clickable https://,us.lgappstv.com,Playwork,1,"webOS (web-based); same as Samsung — depends on whether app uses IMA HTML5"
LG,maybe,Royalty Gaming 1280974 Indonesia LG CTV not clickable https://,us.lgappstv.com,Playwork,1,"webOS (web-based); same as Samsung — depends on whether app uses IMA HTML5"
LG,maybe,Royalty Gaming 1280974 Iraq LG CTV not clickable https://,us.lgappstv.com,Playwork,1,"webOS (web-based); same as Samsung — depends on whether app uses IMA HTML5"
LG,maybe,Royalty Gaming 1280974 Ireland LG CTV not clickable https://,us.lgappstv.com,Playwork,1,"webOS (web-based); same as Samsung — depends on whether app uses IMA HTML5"
LG,maybe,Royalty Gaming 1280974 Israel LG CTV not clickable https://,us.lgappstv.com,Playwork,1,"webOS (web-based); same as Samsung — depends on whether app uses IMA HTML5"
LG,maybe,Royalty Gaming 1280974 Italy LG CTV not clickable https://,us.lgappstv.com,Playwork,1,"webOS (web-based); same as Samsung — depends on whether app uses IMA HTML5"
LG,maybe,Royalty Gaming 1280974 Kazakhstan LG CTV not clickable https://,us.lgappstv.com,Playwork,1,"webOS (web-based); same as Samsung — depends on whether app uses IMA HTML5"
LG,maybe,Royalty Gaming 1280974 Kenya LG CTV not clickable https://,us.lgappstv.com,Playwork,1,"webOS (web-based); same as Samsung — depends on whether app uses IMA HTML5"
LG,maybe,Royalty Gaming 1280974 Kuwait LG CTV not clickable https://,us.lgappstv.com,Playwork,1,"webOS (web-based); same as Samsung — depends on whether app uses IMA HTML5"
LG,maybe,Royalty Gaming 1280974 Malaysia LG CTV not clickable https://,us.lgappstv.com,Playwork,1,"webOS (web-based); same as Samsung — depends on whether app uses IMA HTML5"
LG,maybe,Royalty Gaming 1280974 Mexico LG CTV not clickable https://,us.lgappstv.com,Playwork,1,"webOS (web-based); same as Samsung — depends on whether app uses IMA HTML5"
LG,maybe,Royalty Gaming 1280974 Morocco LG CTV not clickable https://,us.lgappstv.com,Playwork,1,"webOS (web-based); same as Samsung — depends on whether app uses IMA HTML5"
LG,maybe,Royalty Gaming 1280974 Nigeria LG CTV not clickable https://,us.lgappstv.com,Playwork,1,"webOS (web-based); same as Samsung — depends on whether app uses IMA HTML5"
LG,maybe,Royalty Gaming 1280974 Norway LG CTV not clickable https://,us.lgappstv.com,Playwork,1,"webOS (web-based); same as Samsung — depends on whether app uses IMA HTML5"
LG,maybe,Royalty Gaming 1280974 Oman LG CTV not clickable https://,us.lgappstv.com,Playwork,1,"webOS (web-based); same as Samsung — depends on whether app uses IMA HTML5"
LG,maybe,Royalty Gaming 1280974 Peru LG CTV not clickable https://,us.lgappstv.com,Playwork,1,"webOS (web-based); same as Samsung — depends on whether app uses IMA HTML5"
LG,maybe,Royalty Gaming 1280974 Poland LG CTV not clickable https://,us.lgappstv.com,Playwork,1,"webOS (web-based); same as Samsung — depends on whether app uses IMA HTML5"
LG,maybe,Royalty Gaming 1280974 Qatar LG CTV not clickable https://,us.lgappstv.com,Playwork,1,"webOS (web-based); same as Samsung — depends on whether app uses IMA HTML5"
LG,maybe,Royalty Gaming 1280974 Rwanda LG CTV not clickable https://,us.lgappstv.com,Playwork,1,"webOS (web-based); same as Samsung — depends on whether app uses IMA HTML5"
LG,maybe,Royalty Gaming 1280974 Saudi Arabia LG CTV not clickable https://,us.lgappstv.com,Playwork,1,"webOS (web-based); same as Samsung — depends on whether app uses IMA HTML5"
LG,maybe,Royalty Gaming 1280974 Spain LG CTV not clickable https://,us.lgappstv.com,Playwork,1,"webOS (web-based); same as Samsung — depends on whether app uses IMA HTML5"
LG,maybe,Royalty Gaming 1280974 Sweden LG CTV not clickable https://,us.lgappstv.com,Playwork,1,"webOS (web-based); same as Samsung — depends on whether app uses IMA HTML5"
LG,maybe,Royalty Gaming 1280974 Thailand LG CTV not clickable https://,us.lgappstv.com,Playwork,1,"webOS (web-based); same as Samsung — depends on whether app uses IMA HTML5"
LG,maybe,Royalty Gaming 1280974 Turkey LG CTV not clickable https://,us.lgappstv.com,Playwork,1,"webOS (web-based); same as Samsung — depends on whether app uses IMA HTML5"
LG,maybe,Royalty Gaming 1280974 Uganda LG CTV not clickable https://,us.lgappstv.com,Playwork,1,"webOS (web-based); same as Samsung — depends on whether app uses IMA HTML5"
LG,maybe,Royalty Gaming 1280974 United Arab Emirates LG CTV not clickable https://,us.lgappstv.com,Playwork,1,"webOS (web-based); same as Samsung — depends on whether app uses IMA HTML5"
LG,maybe,Royalty Gaming 1280974 United States LG CTV not clickable https://,us.lgappstv.com,Playwork,1,"webOS (web-based); same as Samsung — depends on whether app uses IMA HTML5"
Vizio,maybe,Royalty Gaming,vizio.royalty_gaming,Playwork,1,"SmartCast (web-based); SIMID renders if app uses IMA HTML5"
Vizio,maybe,Royalty Gaming,vizio.royaltygaming,Playwork,1,"SmartCast (web-based); SIMID renders if app uses IMA HTML5"
Comcast,unlikely,Rumble: Videos & Livestreams,com.comcast.royalty_gaming,,1,"Xfinity X1 set-top box runs custom RDK runtime; usually SSAI"
Vizio,maybe,Rumble: Videos & Livestreams,vizio.royalty_gaming,,1,"SmartCast (web-based); SIMID renders if app uses IMA HTML5"
Rogers,unlikely,Rumble: Videos & Livestreams,com.rogers.royalty_gaming,,1,"Cable STB; usually SSAI"
Android,yes,Rumble: Videos & Livestreams,com.rumble.battles,,1,"Android TV / Google TV; IMA Android SDK supports SIMID 1.0"
Android,unlikely,Rummikub,com.rumble.webos.app,WURL,1,"Android TV / Google TV; IMA Android SDK supports SIMID 1.0 | publisher_source = WURL (Roku-owned FAST distribution → SSAI typical)"
Android,yes,Sam Chui,com.rumble.webos.app,Playwork,1,"Android TV / Google TV; IMA Android SDK supports SIMID 1.0"
Samsung,maybe,,,,1,"Tizen (web-based); SIMID renders if app uses IMA HTML5 — most use Samsung Ads stack instead"
Android,unlikely,Scrippsnews,com.rumble.webos.app,WURL,1,"Android TV / Google TV; IMA Android SDK supports SIMID 1.0 | publisher_source = WURL (Roku-owned FAST distribution → SSAI typical)"
Android,yes,Skwad,com.rumble.webos.app,,1,"Android TV / Google TV; IMA Android SDK supports SIMID 1.0"
Roku,no,642566 United States Roku CTV https://,channelstore.roku.com,,1,"Roku uses Roku Ad Framework (RAF) + BrightLine/Innovid; no first-party SIMID"
Android,yes,,com.runntv,,1,"Android TV / Google TV; IMA Android SDK supports SIMID 1.0"
Comcast,unlikely,,com.comcast.sam_chui,,1,"Xfinity X1 set-top box runs custom RDK runtime; usually SSAI"
Roku,no,588044 United States Roku CTV https://,channelstore.roku.com,,1,"Roku uses Roku Ad Framework (RAF) + BrightLine/Innovid; no first-party SIMID"
Samsung,maybe,G19171013163 Australia Samsung CTV https://,www.samsung.com,,1,"Tizen (web-based); SIMID renders if app uses IMA HTML5 — most use Samsung Ads stack instead"
Samsung,maybe,G19171013163 United States Samsung CTV https://,www.samsung.com,,1,"Tizen (web-based); SIMID renders if app uses IMA HTML5 — most use Samsung Ads stack instead"
Samsung,maybe,G19171013163 India Samsung CTV https://,www.samsung.com,,1,"Tizen (web-based); SIMID renders if app uses IMA HTML5 — most use Samsung Ads stack instead"
Comcast,unlikely,,com.comcast.schmoyoho,,1,"Xfinity X1 set-top box runs custom RDK runtime; usually SSAI"
Fire TV,yes,,B00QSNFNIW,,1,"Fire OS = Android-derived; IMA Android SDK supports SIMID 1.0"
Fire TV,yes,,B091MQMY4Z,,1,"Fire OS = Android-derived; IMA Android SDK supports SIMID 1.0"
Android,yes,,com.tg.sqadplay,,1,"Android TV / Google TV; IMA Android SDK supports SIMID 1.0"
Vizio,maybe,,vizio.slingtv,,1,"SmartCast (web-based); SIMID renders if app uses IMA HTML5"
Roku,no,292538 United States Roku CTV https://,channelstore.roku.com,,1,"Roku uses Roku Ad Framework (RAF) + BrightLine/Innovid; no first-party SIMID"
Roku,no,292538 Argentina Roku CTV https://,channelstore.roku.com,,1,"Roku uses Roku Ad Framework (RAF) + BrightLine/Innovid; no first-party SIMID"
Roku,no,292538 Brazil Roku CTV https://,channelstore.roku.com,,1,"Roku uses Roku Ad Framework (RAF) + BrightLine/Innovid; no first-party SIMID"
Roku,no,292538 Canada Roku CTV https://,channelstore.roku.com,,1,"Roku uses Roku Ad Framework (RAF) + BrightLine/Innovid; no first-party SIMID"
Roku,no,292538 Chile Roku CTV https://,channelstore.roku.com,,1,"Roku uses Roku Ad Framework (RAF) + BrightLine/Innovid; no first-party SIMID"
Roku,no,292538 Guatemala Roku CTV https://,channelstore.roku.com,,1,"Roku uses Roku Ad Framework (RAF) + BrightLine/Innovid; no first-party SIMID"
Roku,no,292538 Mexico Roku CTV https://,channelstore.roku.com,,1,"Roku uses Roku Ad Framework (RAF) + BrightLine/Innovid; no first-party SIMID"
Roku,no,292538 Puerto Rico Roku CTV https://,channelstore.roku.com,,1,"Roku uses Roku Ad Framework (RAF) + BrightLine/Innovid; no first-party SIMID"
Roku,no,565265 United States Roku CTV https://,channelstore.roku.com,,1,"Roku uses Roku Ad Framework (RAF) + BrightLine/Innovid; no first-party SIMID"
Roku,no,565265 Argentina Roku CTV https://,channelstore.roku.com,,1,"Roku uses Roku Ad Framework (RAF) + BrightLine/Innovid; no first-party SIMID"
Roku,no,565265 Brazil Roku CTV https://,channelstore.roku.com,,1,"Roku uses Roku Ad Framework (RAF) + BrightLine/Innovid; no first-party SIMID"
Roku,no,565265 Canada Roku CTV https://,channelstore.roku.com,,1,"Roku uses Roku Ad Framework (RAF) + BrightLine/Innovid; no first-party SIMID"
Roku,no,565265 Chile Roku CTV https://,channelstore.roku.com,,1,"Roku uses Roku Ad Framework (RAF) + BrightLine/Innovid; no first-party SIMID"
Roku,no,565265 Colombia Roku CTV https://,channelstore.roku.com,,1,"Roku uses Roku Ad Framework (RAF) + BrightLine/Innovid; no first-party SIMID"
Roku,no,Spinthecircle 565265 Guatemala Roku CTV not clickable https://,channelstore.roku.com,Playwork,1,"Roku uses Roku Ad Framework (RAF) + BrightLine/Innovid; no first-party SIMID"
Roku,no,Ssundee 565265 Mexico Roku CTV not clickable https://,channelstore.roku.com,Playwork,1,"Roku uses Roku Ad Framework (RAF) + BrightLine/Innovid; no first-party SIMID"
Cox,unlikely,Ssundee,com.lg.ssundee,Playwork,1,"Cable STB; usually SSAI"
LG,maybe,Ssundee,com.samsung.ssundee,Playwork,1,"webOS (web-based); same as Samsung — depends on whether app uses IMA HTML5"
LG,maybe,Ssundee,com.vidaa.ssundee,Playwork,1,"webOS (web-based); same as Samsung — depends on whether app uses IMA HTML5"
LG,maybe,,com.lg.ssundee,,1,"webOS (web-based); same as Samsung — depends on whether app uses IMA HTML5"
LG,maybe,Italy LG CTV https://,play.google.com,,1,"webOS (web-based); same as Samsung — depends on whether app uses IMA HTML5"
LG,maybe,Japan LG CTV https://,play.google.com,,1,"webOS (web-based); same as Samsung — depends on whether app uses IMA HTML5"
LG,maybe,Kazakhstan LG CTV https://,play.google.com,,1,"webOS (web-based); same as Samsung — depends on whether app uses IMA HTML5"
LG,maybe,Kenya LG CTV https://,play.google.com,,1,"webOS (web-based); same as Samsung — depends on whether app uses IMA HTML5"
LG,maybe,Latvia LG CTV https://,play.google.com,,1,"webOS (web-based); same as Samsung — depends on whether app uses IMA HTML5"
LG,maybe,Malaysia LG CTV https://,play.google.com,,1,"webOS (web-based); same as Samsung — depends on whether app uses IMA HTML5"
LG,maybe,Mexico LG CTV https://,play.google.com,,1,"webOS (web-based); same as Samsung — depends on whether app uses IMA HTML5"
LG,maybe,Moldova  Republic of LG CTV https://,play.google.com,,1,"webOS (web-based); same as Samsung — depends on whether app uses IMA HTML5"
LG,maybe,Morocco LG CTV https://,play.google.com,,1,"webOS (web-based); same as Samsung — depends on whether app uses IMA HTML5"
LG,maybe,New Zealand LG CTV https://,play.google.com,,1,"webOS (web-based); same as Samsung — depends on whether app uses IMA HTML5"
LG,maybe,Nicaragua LG CTV https://,play.google.com,,1,"webOS (web-based); same as Samsung — depends on whether app uses IMA HTML5"
LG,maybe,Nigeria LG CTV https://,play.google.com,,1,"webOS (web-based); same as Samsung — depends on whether app uses IMA HTML5"
LG,maybe,Norway LG CTV https://,play.google.com,,1,"webOS (web-based); same as Samsung — depends on whether app uses IMA HTML5"
LG,maybe,Oman LG CTV https://,play.google.com,,1,"webOS (web-based); same as Samsung — depends on whether app uses IMA HTML5"
LG,maybe,Pakistan LG CTV https://,play.google.com,,1,"webOS (web-based); same as Samsung — depends on whether app uses IMA HTML5"
LG,maybe,Palestinian Territory LG CTV https://,play.google.com,,1,"webOS (web-based); same as Samsung — depends on whether app uses IMA HTML5"
LG,maybe,Peru LG CTV https://,play.google.com,,1,"webOS (web-based); same as Samsung — depends on whether app uses IMA HTML5"
LG,maybe,Philippines LG CTV https://,play.google.com,,1,"webOS (web-based); same as Samsung — depends on whether app uses IMA HTML5"
LG,maybe,Poland LG CTV https://,play.google.com,,1,"webOS (web-based); same as Samsung — depends on whether app uses IMA HTML5"
LG,maybe,Puerto Rico LG CTV https://,play.google.com,,1,"webOS (web-based); same as Samsung — depends on whether app uses IMA HTML5"
LG,maybe,Qatar LG CTV https://,play.google.com,,1,"webOS (web-based); same as Samsung — depends on whether app uses IMA HTML5"
LG,maybe,Romania LG CTV https://,play.google.com,,1,"webOS (web-based); same as Samsung — depends on whether app uses IMA HTML5"
LG,maybe,Saudi Arabia LG CTV https://,play.google.com,,1,"webOS (web-based); same as Samsung — depends on whether app uses IMA HTML5"
LG,maybe,Serbia LG CTV https://,play.google.com,,1,"webOS (web-based); same as Samsung — depends on whether app uses IMA HTML5"
LG,maybe,Singapore LG CTV https://,play.google.com,,1,"webOS (web-based); same as Samsung — depends on whether app uses IMA HTML5"
LG,maybe,Slovakia LG CTV https://,play.google.com,,1,"webOS (web-based); same as Samsung — depends on whether app uses IMA HTML5"
LG,maybe,Slovenia LG CTV https://,play.google.com,,1,"webOS (web-based); same as Samsung — depends on whether app uses IMA HTML5"
LG,maybe,Spain LG CTV https://,play.google.com,,1,"webOS (web-based); same as Samsung — depends on whether app uses IMA HTML5"
LG,maybe,Sri Lanka LG CTV https://,play.google.com,,1,"webOS (web-based); same as Samsung — depends on whether app uses IMA HTML5"
LG,maybe,Sweden LG CTV https://,play.google.com,,1,"webOS (web-based); same as Samsung — depends on whether app uses IMA HTML5"
LG,maybe,Switzerland LG CTV https://,play.google.com,,1,"webOS (web-based); same as Samsung — depends on whether app uses IMA HTML5"
LG,maybe,Taiwan LG CTV https://,play.google.com,,1,"webOS (web-based); same as Samsung — depends on whether app uses IMA HTML5"
LG,maybe,Thailand LG CTV https://,play.google.com,,1,"webOS (web-based); same as Samsung — depends on whether app uses IMA HTML5"
LG,maybe,Turkey LG CTV https://,play.google.com,,1,"webOS (web-based); same as Samsung — depends on whether app uses IMA HTML5"
LG,maybe,United Arab Emirates LG CTV https://,play.google.com,,1,"webOS (web-based); same as Samsung — depends on whether app uses IMA HTML5"
LG,maybe,United Kingdom LG CTV https://,play.google.com,,1,"webOS (web-based); same as Samsung — depends on whether app uses IMA HTML5"
Samsung,maybe,Ssundeesstepsup Netherlands Samsung CTV not clickable https://,play.google.com,Playwork,1,"Tizen (web-based); SIMID renders if app uses IMA HTML5 — most use Samsung Ads stack instead"
Samsung,maybe,Ssundeesstepsup New Zealand Samsung CTV not clickable https://,play.google.com,Playwork,1,"Tizen (web-based); SIMID renders if app uses IMA HTML5 — most use Samsung Ads stack instead"
Samsung,maybe,Nigeria Samsung CTV https://,play.google.com,,1,"Tizen (web-based); SIMID renders if app uses IMA HTML5 — most use Samsung Ads stack instead"
Samsung,maybe,Norway Samsung CTV https://,play.google.com,,1,"Tizen (web-based); SIMID renders if app uses IMA HTML5 — most use Samsung Ads stack instead"
Samsung,maybe,Oman Samsung CTV https://,play.google.com,,1,"Tizen (web-based); SIMID renders if app uses IMA HTML5 — most use Samsung Ads stack instead"
Samsung,maybe,Peru Samsung CTV https://,play.google.com,,1,"Tizen (web-based); SIMID renders if app uses IMA HTML5 — most use Samsung Ads stack instead"
Samsung,maybe,Philippines Samsung CTV https://,play.google.com,,1,"Tizen (web-based); SIMID renders if app uses IMA HTML5 — most use Samsung Ads stack instead"
Samsung,maybe,Poland Samsung CTV https://,play.google.com,,1,"Tizen (web-based); SIMID renders if app uses IMA HTML5 — most use Samsung Ads stack instead"
Samsung,maybe,Portugal Samsung CTV https://,play.google.com,,1,"Tizen (web-based); SIMID renders if app uses IMA HTML5 — most use Samsung Ads stack instead"
Samsung,maybe,Puerto Rico Samsung CTV https://,play.google.com,,1,"Tizen (web-based); SIMID renders if app uses IMA HTML5 — most use Samsung Ads stack instead"
Samsung,maybe,Qatar Samsung CTV https://,play.google.com,,1,"Tizen (web-based); SIMID renders if app uses IMA HTML5 — most use Samsung Ads stack instead"
Samsung,maybe,Romania Samsung CTV https://,play.google.com,,1,"Tizen (web-based); SIMID renders if app uses IMA HTML5 — most use Samsung Ads stack instead"
Samsung,maybe,Slovakia Samsung CTV https://,play.google.com,,1,"Tizen (web-based); SIMID renders if app uses IMA HTML5 — most use Samsung Ads stack instead"
Samsung,maybe,Spain Samsung CTV https://,play.google.com,,1,"Tizen (web-based); SIMID renders if app uses IMA HTML5 — most use Samsung Ads stack instead"
Samsung,maybe,Sweden Samsung CTV https://,play.google.com,,1,"Tizen (web-based); SIMID renders if app uses IMA HTML5 — most use Samsung Ads stack instead"
Samsung,maybe,Turkey Samsung CTV https://,play.google.com,,1,"Tizen (web-based); SIMID renders if app uses IMA HTML5 — most use Samsung Ads stack instead"
Samsung,maybe,United Arab Emirates Samsung CTV https://,play.google.com,,1,"Tizen (web-based); SIMID renders if app uses IMA HTML5 — most use Samsung Ads stack instead"
Samsung,maybe,United Kingdom Samsung CTV https://,play.google.com,,1,"Tizen (web-based); SIMID renders if app uses IMA HTML5 — most use Samsung Ads stack instead"
Vidaa,maybe,Botswana Vidaa CTV https://,play.google.com,,1,"Hisense Vidaa OS (Linux+browser); depends on IMA HTML5 usage"
Vidaa,maybe,Ireland Vidaa CTV https://,play.google.com,,1,"Hisense Vidaa OS (Linux+browser); depends on IMA HTML5 usage"
Vidaa,maybe,Jersey Vidaa CTV https://,play.google.com,,1,"Hisense Vidaa OS (Linux+browser); depends on IMA HTML5 usage"
Vidaa,maybe,Malaysia Vidaa CTV https://,play.google.com,,1,"Hisense Vidaa OS (Linux+browser); depends on IMA HTML5 usage"
Vidaa,maybe,Puerto Rico Vidaa CTV https://,play.google.com,,1,"Hisense Vidaa OS (Linux+browser); depends on IMA HTML5 usage"
Vidaa,maybe,United Kingdom Vidaa CTV https://,play.google.com,,1,"Hisense Vidaa OS (Linux+browser); depends on IMA HTML5 usage"
Roku,no,821513 United States Roku CTV https://,channelstore.roku.com,,1,"Roku uses Roku Ad Framework (RAF) + BrightLine/Innovid; no first-party SIMID"
Roku,no,821513 Brazil Roku CTV https://,channelstore.roku.com,,1,"Roku uses Roku Ad Framework (RAF) + BrightLine/Innovid; no first-party SIMID"
Roku,no,821513 Mexico Roku CTV https://,channelstore.roku.com,,1,"Roku uses Roku Ad Framework (RAF) + BrightLine/Innovid; no first-party SIMID"
Roku,no,821513 Canada Roku CTV https://,channelstore.roku.com,,1,"Roku uses Roku Ad Framework (RAF) + BrightLine/Innovid; no first-party SIMID"
Roku,no,821513 Colombia Roku CTV https://,channelstore.roku.com,,1,"Roku uses Roku Ad Framework (RAF) + BrightLine/Innovid; no first-party SIMID"
Roku,no,Ssundeesstepsup 821513 Honduras Roku CTV not clickable https://,channelstore.roku.com,Playwork,1,"Roku uses Roku Ad Framework (RAF) + BrightLine/Innovid; no first-party SIMID"
Roku,no,Ssundeesstepsup 821513 Argentina Roku CTV not clickable https://,channelstore.roku.com,Playwork,1,"Roku uses Roku Ad Framework (RAF) + BrightLine/Innovid; no first-party SIMID"
Roku,no,Ssundeesstepsup 821513 Guatemala Roku CTV not clickable https://,channelstore.roku.com,Playwork,1,"Roku uses Roku Ad Framework (RAF) + BrightLine/Innovid; no first-party SIMID"
Roku,no,Ssundeesstepsup 821513 Costa Rica Roku CTV not clickable https://,channelstore.roku.com,Playwork,1,"Roku uses Roku Ad Framework (RAF) + BrightLine/Innovid; no first-party SIMID"
Roku,no,Ssundeesstepsup 821513 Chile Roku CTV not clickable https://,channelstore.roku.com,Playwork,1,"Roku uses Roku Ad Framework (RAF) + BrightLine/Innovid; no first-party SIMID"
Roku,no,Strawberry Shortcake 821513 Nicaragua Roku CTV not clickable https://,channelstore.roku.com,Playwork,1,"Roku uses Roku Ad Framework (RAF) + BrightLine/Innovid; no first-party SIMID"
Roku,no,Strawberry Shortcake 821513 Puerto Rico Roku CTV not clickable https://,channelstore.roku.com,Playwork,1,"Roku uses Roku Ad Framework (RAF) + BrightLine/Innovid; no first-party SIMID"
Roku,no,Strawberry Shortcake 821513 El Salvador Roku CTV not clickable https://,channelstore.roku.com,Playwork,1,"Roku uses Roku Ad Framework (RAF) + BrightLine/Innovid; no first-party SIMID"
Roku,no,Strawberry Shortcake 821513 Peru Roku CTV not clickable https://,channelstore.roku.com,Playwork,1,"Roku uses Roku Ad Framework (RAF) + BrightLine/Innovid; no first-party SIMID"
Comcast,unlikely,Strawberry Shortcake,com.comcast.strawberry_shortcake,Playwork,1,"Xfinity X1 set-top box runs custom RDK runtime; usually SSAI"
Samsung,maybe,Strawberry Shortcake,com.samsung.strawberry_shortcake,Playwork,1,"Tizen (web-based); SIMID renders if app uses IMA HTML5 — most use Samsung Ads stack instead"
Vizio,maybe,Strawberry Shortcake,vizio.strawberry_shortcake,Playwork,1,"SmartCast (web-based); SIMID renders if app uses IMA HTML5"
Samsung,unlikely,Tbn,com.samsung.strawberry_shortcake,WURL,1,"Tizen (web-based); SIMID renders if app uses IMA HTML5 — most use Samsung Ads stack instead | publisher_source = WURL (Roku-owned FAST distribution → SSAI typical)"
Roku,no,Tcl Channel 751035 United States Roku CTV not clickable https://,channelstore.roku.com,WURL,1,"Roku uses Roku Ad Framework (RAF) + BrightLine/Innovid; no first-party SIMID | app-name pattern suggests FAST/24h channel → SSAI typical | publisher_source = WURL (Roku-owned FAST distribution → SSAI typical)"
Vizio,unlikely,Tcl Channel,vizio.strictly_dumpling,WURL,1,"SmartCast (web-based); SIMID renders if app uses IMA HTML5 | app-name pattern suggests FAST/24h channel → SSAI typical | publisher_source = WURL (Roku-owned FAST distribution → SSAI typical)"
Vizio,unlikely,Tcl Channel,vizio.strictlydumpling,WURL,1,"SmartCast (web-based); SIMID renders if app uses IMA HTML5 | app-name pattern suggests FAST/24h channel → SSAI typical | publisher_source = WURL (Roku-owned FAST distribution → SSAI typical)"
Cox,unlikely,,com.cox.tankee,,1,"Cable STB; usually SSAI"
Roku,no,Roku.PlayWorks.Tankee United States Roku CTV https://,play.google.com,,1,"Roku uses Roku Ad Framework (RAF) + BrightLine/Innovid; no first-party SIMID"
Roku,no,Roku.PlayWorks.Tankee Argentina Roku CTV https://,play.google.com,,1,"Roku uses Roku Ad Framework (RAF) + BrightLine/Innovid; no first-party SIMID"
Roku,no,Roku.PlayWorks.Tankee Brazil Roku CTV https://,play.google.com,,1,"Roku uses Roku Ad Framework (RAF) + BrightLine/Innovid; no first-party SIMID"
Roku,no,Roku.PlayWorks.Tankee Canada Roku CTV https://,play.google.com,,1,"Roku uses Roku Ad Framework (RAF) + BrightLine/Innovid; no first-party SIMID"
Roku,no,Roku.PlayWorks.Tankee Chile Roku CTV https://,play.google.com,,1,"Roku uses Roku Ad Framework (RAF) + BrightLine/Innovid; no first-party SIMID"
Roku,no,Roku.PlayWorks.Tankee Colombia Roku CTV https://,play.google.com,,1,"Roku uses Roku Ad Framework (RAF) + BrightLine/Innovid; no first-party SIMID"
Roku,no,Roku.PlayWorks.Tankee Mexico Roku CTV https://,play.google.com,,1,"Roku uses Roku Ad Framework (RAF) + BrightLine/Innovid; no first-party SIMID"
Roku,no,Roku.PlayWorks.Tankee Puerto Rico Roku CTV https://,play.google.com,,1,"Roku uses Roku Ad Framework (RAF) + BrightLine/Innovid; no first-party SIMID"
Roku,no,Roku.PlayWorks.Tankee Saint Vincent and the GRreonkuadines CTV https://,play.google.com,,1,"Roku uses Roku Ad Framework (RAF) + BrightLine/Innovid; no first-party SIMID"
Roku,no,Roku.PlayWorks.Tankee Venezuela Roku CTV https://,play.google.com,,1,"Roku uses Roku Ad Framework (RAF) + BrightLine/Innovid; no first-party SIMID"
Videotron,unlikely,,com.videotron.tankee,,1,"Cable STB; usually SSAI"
Fire TV,yes,,B07RT1WSVT,,1,"Fire OS = Android-derived; IMA Android SDK supports SIMID 1.0"
Fire TV,yes,,B01CV28J7A,,1,"Fire OS = Android-derived; IMA Android SDK supports SIMID 1.0"
TCL,maybe,Tcltvplus,com.tcl.waterfall.overseas,,1,"TCL ships both Roku TV (no SIMID) and Google TV (yes SIMID) variants; depends on model"
TCL,maybe,The Boys,com.tcl.waterfall.overseas,Playwork,1,"TCL ships both Roku TV (no SIMID) and Google TV (yes SIMID) variants; depends on model"
Roku,no,The Boys 596759 United States Roku CTV not clickable https://,channelstore.roku.com,Playwork,1,"Roku uses Roku Ad Framework (RAF) + BrightLine/Innovid; no first-party SIMID"
Roku,no,The Boys 591991 Australia Roku CTV not clickable https://,channelstore.roku.com,Playwork,1,"Roku uses Roku Ad Framework (RAF) + BrightLine/Innovid; no first-party SIMID"
Roku,no,591991 Canada Roku CTV https://,channelstore.roku.com,,1,"Roku uses Roku Ad Framework (RAF) + BrightLine/Innovid; no first-party SIMID"
Roku,no,591991 France Roku CTV https://,channelstore.roku.com,,1,"Roku uses Roku Ad Framework (RAF) + BrightLine/Innovid; no first-party SIMID"
Roku,no,591991 Indonesia Roku CTV https://,channelstore.roku.com,,1,"Roku uses Roku Ad Framework (RAF) + BrightLine/Innovid; no first-party SIMID"
Roku,no,591991 Mexico Roku CTV https://,channelstore.roku.com,,1,"Roku uses Roku Ad Framework (RAF) + BrightLine/Innovid; no first-party SIMID"
Roku,no,591991 New Zealand Roku CTV https://,channelstore.roku.com,,1,"Roku uses Roku Ad Framework (RAF) + BrightLine/Innovid; no first-party SIMID"
Roku,no,591991 Puerto Rico Roku CTV https://,channelstore.roku.com,,1,"Roku uses Roku Ad Framework (RAF) + BrightLine/Innovid; no first-party SIMID"
Roku,no,591991 United Kingdom Roku CTV https://,channelstore.roku.com,,1,"Roku uses Roku Ad Framework (RAF) + BrightLine/Innovid; no first-party SIMID"
Roku,no,591991 United States Roku CTV https://,channelstore.roku.com,,1,"Roku uses Roku Ad Framework (RAF) + BrightLine/Innovid; no first-party SIMID"
Fire TV,yes,,B0CQF8SRMM,,1,"Fire OS = Android-derived; IMA Android SDK supports SIMID 1.0"
Fire TV,yes,,B07K3VZFYN,,1,"Fire OS = Android-derived; IMA Android SDK supports SIMID 1.0"
Comcast,unlikely,,com.comcast.the_boys,,1,"Xfinity X1 set-top box runs custom RDK runtime; usually SSAI"
Cox,unlikely,,com.cox.the_boys,,1,"Cable STB; usually SSAI"
LG,maybe,1267594 Australia LG CTV https://,us.lgappstv.com,,1,"webOS (web-based); same as Samsung — depends on whether app uses IMA HTML5"
LG,maybe,1267594 Canada LG CTV https://,us.lgappstv.com,,1,"webOS (web-based); same as Samsung — depends on whether app uses IMA HTML5"
LG,maybe,1267594 Ireland LG CTV https://,us.lgappstv.com,,1,"webOS (web-based); same as Samsung — depends on whether app uses IMA HTML5"
LG,maybe,1267594 United States LG CTV https://,us.lgappstv.com,,1,"webOS (web-based); same as Samsung — depends on whether app uses IMA HTML5"
Vizio,maybe,The Boys,vizio.the_boys,Playwork,1,"SmartCast (web-based); SIMID renders if app uses IMA HTML5"
Samsung,maybe,The Fun Squad,com.samsung.the_boys,Playwork,1,"Tizen (web-based); SIMID renders if app uses IMA HTML5 — most use Samsung Ads stack instead"
Rogers,unlikely,The Fun Squad,com.rogers.the_boys,Playwork,1,"Cable STB; usually SSAI"
LG,maybe,The Fun Squad 1244857 Albania LG CTV not clickable https://,us.lgappstv.com,Playwork,1,"webOS (web-based); same as Samsung — depends on whether app uses IMA HTML5"
LG,maybe,The Fun Squad 1244857 Argentina LG CTV not clickable https://,us.lgappstv.com,Playwork,1,"webOS (web-based); same as Samsung — depends on whether app uses IMA HTML5"
LG,maybe,The Fun Squad 1244857 Australia LG CTV not clickable https://,us.lgappstv.com,Playwork,1,"webOS (web-based); same as Samsung — depends on whether app uses IMA HTML5"
LG,maybe,The Fun Squad 1244857 Belgium LG CTV not clickable https://,us.lgappstv.com,Playwork,1,"webOS (web-based); same as Samsung — depends on whether app uses IMA HTML5"
LG,maybe,The Fun Squad 1244857 Brazil LG CTV not clickable https://,us.lgappstv.com,Playwork,1,"webOS (web-based); same as Samsung — depends on whether app uses IMA HTML5"
LG,maybe,The Fun Squad 1244857 Canada LG CTV not clickable https://,us.lgappstv.com,Playwork,1,"webOS (web-based); same as Samsung — depends on whether app uses IMA HTML5"
LG,maybe,The Fun Squad 1244857 Chile LG CTV not clickable https://,us.lgappstv.com,Playwork,1,"webOS (web-based); same as Samsung — depends on whether app uses IMA HTML5"
LG,maybe,The Fun Squad 1244857 Colombia LG CTV not clickable https://,us.lgappstv.com,Playwork,1,"webOS (web-based); same as Samsung — depends on whether app uses IMA HTML5"
LG,maybe,The Fun Squad 1244857 Ghana LG CTV not clickable https://,us.lgappstv.com,Playwork,1,"webOS (web-based); same as Samsung — depends on whether app uses IMA HTML5"
LG,maybe,The Fun Squad 1244857 India LG CTV not clickable https://,us.lgappstv.com,Playwork,1,"webOS (web-based); same as Samsung — depends on whether app uses IMA HTML5"
LG,maybe,The Fun Squad 1244857 Ireland LG CTV not clickable https://,us.lgappstv.com,Playwork,1,"webOS (web-based); same as Samsung — depends on whether app uses IMA HTML5"
LG,maybe,The Fun Squad 1244857 Kenya LG CTV not clickable https://,us.lgappstv.com,Playwork,1,"webOS (web-based); same as Samsung — depends on whether app uses IMA HTML5"
LG,maybe,The Fun Squad 1244857 Malaysia LG CTV not clickable https://,us.lgappstv.com,Playwork,1,"webOS (web-based); same as Samsung — depends on whether app uses IMA HTML5"
LG,maybe,The Fun Squad 1244857 Mexico LG CTV not clickable https://,us.lgappstv.com,Playwork,1,"webOS (web-based); same as Samsung — depends on whether app uses IMA HTML5"
LG,maybe,The Fun Squad 1244857 Morocco LG CTV not clickable https://,us.lgappstv.com,Playwork,1,"webOS (web-based); same as Samsung — depends on whether app uses IMA HTML5"
LG,maybe,The Royalty Family 1244857 New Zealand LG CTV not clickable https://,us.lgappstv.com,Playwork,1,"webOS (web-based); same as Samsung — depends on whether app uses IMA HTML5"
LG,maybe,The Royalty Family 1244857 Nigeria LG CTV not clickable https://,us.lgappstv.com,Playwork,1,"webOS (web-based); same as Samsung — depends on whether app uses IMA HTML5"
LG,maybe,The Royalty Family 1244857 Peru LG CTV not clickable https://,us.lgappstv.com,Playwork,1,"webOS (web-based); same as Samsung — depends on whether app uses IMA HTML5"
LG,maybe,The Royalty Family 1244857 Saudi Arabia LG CTV not clickable https://,us.lgappstv.com,Playwork,1,"webOS (web-based); same as Samsung — depends on whether app uses IMA HTML5"
LG,maybe,The Royalty Family 1244857 Singapore LG CTV not clickable https://,us.lgappstv.com,Playwork,1,"webOS (web-based); same as Samsung — depends on whether app uses IMA HTML5"
LG,maybe,The Royalty Family 1244857 Slovakia LG CTV not clickable https://,us.lgappstv.com,Playwork,1,"webOS (web-based); same as Samsung — depends on whether app uses IMA HTML5"
LG,maybe,The Royalty Family 1244857 Spain LG CTV not clickable https://,us.lgappstv.com,Playwork,1,"webOS (web-based); same as Samsung — depends on whether app uses IMA HTML5"
LG,maybe,The Royalty Family 1244857 Turkey LG CTV not clickable https://,us.lgappstv.com,Playwork,1,"webOS (web-based); same as Samsung — depends on whether app uses IMA HTML5"
LG,maybe,The Royalty Family 1244857 United States LG CTV not clickable https://,us.lgappstv.com,Playwork,1,"webOS (web-based); same as Samsung — depends on whether app uses IMA HTML5"
Roku,no,The Royalty Family 780148 Australia Roku CTV not clickable https://,channelstore.roku.com,Playwork,1,"Roku uses Roku Ad Framework (RAF) + BrightLine/Innovid; no first-party SIMID"
Comcast,unlikely,,com.comcast.the_royalty_family,,1,"Xfinity X1 set-top box runs custom RDK runtime; usually SSAI"
Cox,unlikely,,com.cox.the_royalty_family,,1,"Cable STB; usually SSAI"
LG,maybe,1279075 Albania LG CTV https://,us.lgappstv.com,,1,"webOS (web-based); same as Samsung — depends on whether app uses IMA HTML5"
LG,maybe,1279075 Algeria LG CTV https://,us.lgappstv.com,,1,"webOS (web-based); same as Samsung — depends on whether app uses IMA HTML5"
LG,maybe,1279075 Argentina LG CTV https://,us.lgappstv.com,,1,"webOS (web-based); same as Samsung — depends on whether app uses IMA HTML5"
LG,maybe,1279075 Australia LG CTV https://,us.lgappstv.com,,1,"webOS (web-based); same as Samsung — depends on whether app uses IMA HTML5"
LG,maybe,1279075 Austria LG CTV https://,us.lgappstv.com,,1,"webOS (web-based); same as Samsung — depends on whether app uses IMA HTML5"
LG,maybe,1279075 Azerbaijan LG CTV https://,us.lgappstv.com,,1,"webOS (web-based); same as Samsung — depends on whether app uses IMA HTML5"
LG,maybe,1279075 Bahrain LG CTV https://,us.lgappstv.com,,1,"webOS (web-based); same as Samsung — depends on whether app uses IMA HTML5"
LG,maybe,1279075 Belgium LG CTV https://,us.lgappstv.com,,1,"webOS (web-based); same as Samsung — depends on whether app uses IMA HTML5"
LG,maybe,1279075 Brazil LG CTV https://,us.lgappstv.com,,1,"webOS (web-based); same as Samsung — depends on whether app uses IMA HTML5"
LG,maybe,1279075 Canada LG CTV https://,us.lgappstv.com,,1,"webOS (web-based); same as Samsung — depends on whether app uses IMA HTML5"
LG,maybe,The Royalty Family 1279075 Chile LG CTV not clickable https://,us.lgappstv.com,Playwork,1,"webOS (web-based); same as Samsung — depends on whether app uses IMA HTML5"
LG,maybe,The Royalty Family 1279075 Colombia LG CTV not clickable https://,us.lgappstv.com,Playwork,1,"webOS (web-based); same as Samsung — depends on whether app uses IMA HTML5"
LG,maybe,The Royalty Family 1279075 Croatia LG CTV not clickable https://,us.lgappstv.com,Playwork,1,"webOS (web-based); same as Samsung — depends on whether app uses IMA HTML5"
LG,maybe,The Royalty Family 1279075 Curacao LG CTV not clickable https://,us.lgappstv.com,Playwork,1,"webOS (web-based); same as Samsung — depends on whether app uses IMA HTML5"
LG,maybe,The Royalty Family 1279075 Czech Republic LG CTV not clickable https://,us.lgappstv.com,Playwork,1,"webOS (web-based); same as Samsung — depends on whether app uses IMA HTML5"
LG,maybe,The Royalty Family 1279075 Ecuador LG CTV not clickable https://,us.lgappstv.com,Playwork,1,"webOS (web-based); same as Samsung — depends on whether app uses IMA HTML5"
LG,maybe,The Royalty Family 1279075 Egypt LG CTV not clickable https://,us.lgappstv.com,Playwork,1,"webOS (web-based); same as Samsung — depends on whether app uses IMA HTML5"
LG,maybe,The Royalty Family 1279075 El Salvador LG CTV not clickable https://,us.lgappstv.com,Playwork,1,"webOS (web-based); same as Samsung — depends on whether app uses IMA HTML5"
LG,maybe,The Royalty Family 1279075 Ethiopia LG CTV not clickable https://,us.lgappstv.com,Playwork,1,"webOS (web-based); same as Samsung — depends on whether app uses IMA HTML5"
LG,maybe,The Royalty Family 1279075 Finland LG CTV not clickable https://,us.lgappstv.com,Playwork,1,"webOS (web-based); same as Samsung — depends on whether app uses IMA HTML5"
LG,maybe,The Royalty Family 1279075 France LG CTV not clickable https://,us.lgappstv.com,Playwork,1,"webOS (web-based); same as Samsung — depends on whether app uses IMA HTML5"
LG,maybe,The Royalty Family 1279075 Honduras LG CTV not clickable https://,us.lgappstv.com,Playwork,1,"webOS (web-based); same as Samsung — depends on whether app uses IMA HTML5"
LG,maybe,The Royalty Family 1279075 Hong Kong LG CTV not clickable https://,us.lgappstv.com,Playwork,1,"webOS (web-based); same as Samsung — depends on whether app uses IMA HTML5"
LG,maybe,The Royalty Family 1279075 India LG CTV not clickable https://,us.lgappstv.com,Playwork,1,"webOS (web-based); same as Samsung — depends on whether app uses IMA HTML5"
LG,maybe,The Royalty Family 1279075 Indonesia LG CTV not clickable https://,us.lgappstv.com,Playwork,1,"webOS (web-based); same as Samsung — depends on whether app uses IMA HTML5"
LG,maybe,The Royalty Family 1279075 Iraq LG CTV not clickable https://,us.lgappstv.com,Playwork,1,"webOS (web-based); same as Samsung — depends on whether app uses IMA HTML5"
LG,maybe,The Royalty Family 1279075 Ireland LG CTV not clickable https://,us.lgappstv.com,Playwork,1,"webOS (web-based); same as Samsung — depends on whether app uses IMA HTML5"
LG,maybe,The Royalty Family 1279075 Israel LG CTV not clickable https://,us.lgappstv.com,Playwork,1,"webOS (web-based); same as Samsung — depends on whether app uses IMA HTML5"
LG,maybe,The Royalty Family 1279075 Italy LG CTV not clickable https://,us.lgappstv.com,Playwork,1,"webOS (web-based); same as Samsung — depends on whether app uses IMA HTML5"
LG,maybe,The Royalty Family 1279075 Jordan LG CTV not clickable https://,us.lgappstv.com,Playwork,1,"webOS (web-based); same as Samsung — depends on whether app uses IMA HTML5"
LG,maybe,The Royalty Family 1279075 Kenya LG CTV not clickable https://,us.lgappstv.com,Playwork,1,"webOS (web-based); same as Samsung — depends on whether app uses IMA HTML5"
LG,maybe,The Royalty Family 1279075 Malaysia LG CTV not clickable https://,us.lgappstv.com,Playwork,1,"webOS (web-based); same as Samsung — depends on whether app uses IMA HTML5"
LG,maybe,The Royalty Family 1279075 Maldives LG CTV not clickable https://,us.lgappstv.com,Playwork,1,"webOS (web-based); same as Samsung — depends on whether app uses IMA HTML5"
LG,maybe,The Royalty Family 1279075 Mexico LG CTV not clickable https://,us.lgappstv.com,Playwork,1,"webOS (web-based); same as Samsung — depends on whether app uses IMA HTML5"
LG,maybe,The Royalty Family 1279075 Morocco LG CTV not clickable https://,us.lgappstv.com,Playwork,1,"webOS (web-based); same as Samsung — depends on whether app uses IMA HTML5"
LG,maybe,The Royalty Family 1279075 Netherlands LG CTV not clickable https://,us.lgappstv.com,Playwork,1,"webOS (web-based); same as Samsung — depends on whether app uses IMA HTML5"
LG,maybe,The Royalty Family 1279075 New Zealand LG CTV not clickable https://,us.lgappstv.com,Playwork,1,"webOS (web-based); same as Samsung — depends on whether app uses IMA HTML5"
LG,maybe,The Royalty Family 1279075 Nigeria LG CTV not clickable https://,us.lgappstv.com,Playwork,1,"webOS (web-based); same as Samsung — depends on whether app uses IMA HTML5"
LG,maybe,The Royalty Family 1279075 Norway LG CTV not clickable https://,us.lgappstv.com,Playwork,1,"webOS (web-based); same as Samsung — depends on whether app uses IMA HTML5"
LG,maybe,The Royalty Family 1279075 Oman LG CTV not clickable https://,us.lgappstv.com,Playwork,1,"webOS (web-based); same as Samsung — depends on whether app uses IMA HTML5"
LG,maybe,The Royalty Family 1279075 Peru LG CTV not clickable https://,us.lgappstv.com,Playwork,1,"webOS (web-based); same as Samsung — depends on whether app uses IMA HTML5"
LG,maybe,The Royalty Family 1279075 Philippines LG CTV not clickable https://,us.lgappstv.com,Playwork,1,"webOS (web-based); same as Samsung — depends on whether app uses IMA HTML5"
LG,maybe,The Royalty Family 1279075 Qatar LG CTV not clickable https://,us.lgappstv.com,Playwork,1,"webOS (web-based); same as Samsung — depends on whether app uses IMA HTML5"
LG,maybe,The Royalty Family 1279075 Saudi Arabia LG CTV not clickable https://,us.lgappstv.com,Playwork,1,"webOS (web-based); same as Samsung — depends on whether app uses IMA HTML5"
LG,maybe,The Royalty Family 1279075 Singapore LG CTV not clickable https://,us.lgappstv.com,Playwork,1,"webOS (web-based); same as Samsung — depends on whether app uses IMA HTML5"
LG,maybe,The Royalty Family 1279075 Spain LG CTV not clickable https://,us.lgappstv.com,Playwork,1,"webOS (web-based); same as Samsung — depends on whether app uses IMA HTML5"
LG,maybe,The Royalty Family 1279075 Sweden LG CTV not clickable https://,us.lgappstv.com,Playwork,1,"webOS (web-based); same as Samsung — depends on whether app uses IMA HTML5"
LG,maybe,1279075 Thailand LG CTV https://,us.lgappstv.com,,1,"webOS (web-based); same as Samsung — depends on whether app uses IMA HTML5"
LG,maybe,1279075 Turkey LG CTV https://,us.lgappstv.com,,1,"webOS (web-based); same as Samsung — depends on whether app uses IMA HTML5"
LG,maybe,1279075 Uganda LG CTV https://,us.lgappstv.com,,1,"webOS (web-based); same as Samsung — depends on whether app uses IMA HTML5"
LG,maybe,1279075 United Arab Emirates LG CTV https://,us.lgappstv.com,,1,"webOS (web-based); same as Samsung — depends on whether app uses IMA HTML5"
LG,maybe,1279075 United States LG CTV https://,us.lgappstv.com,,1,"webOS (web-based); same as Samsung — depends on whether app uses IMA HTML5"
Roku,no,820140 Australia Roku CTV https://,channelstore.roku.com,,1,"Roku uses Roku Ad Framework (RAF) + BrightLine/Innovid; no first-party SIMID"
Vizio,maybe,,vizio.the_royalty_family,,1,"SmartCast (web-based); SIMID renders if app uses IMA HTML5"
Vizio,maybe,,vizio.theroyaltyfamily,,1,"SmartCast (web-based); SIMID renders if app uses IMA HTML5"
Samsung,maybe,Thebeefamily,com.samsung.the_royalty_family,Playwork,1,"Tizen (web-based); SIMID renders if app uses IMA HTML5 — most use Samsung Ads stack instead"
Samsung,maybe,Thefamousfilms,com.samsung.the_royalty_family,Playwork,1,"Tizen (web-based); SIMID renders if app uses IMA HTML5 — most use Samsung Ads stack instead"
Samsung,maybe,Thekingofrandom,com.samsung.the_royalty_family,Playwork,1,"Tizen (web-based); SIMID renders if app uses IMA HTML5 — most use Samsung Ads stack instead"
Vizio,maybe,Thekingofrandom,vizio.the_royalty_family,Playwork,1,"SmartCast (web-based); SIMID renders if app uses IMA HTML5"
Vizio,maybe,Thekingofrandom,vizio.theroyaltyfamily,Playwork,1,"SmartCast (web-based); SIMID renders if app uses IMA HTML5"
Vizio,maybe,Theotherside,vizio.the_royalty_family,Playwork,1,"SmartCast (web-based); SIMID renders if app uses IMA HTML5"
Vizio,maybe,Theroyaltyfamily,vizio.the_royalty_family,Playwork,1,"SmartCast (web-based); SIMID renders if app uses IMA HTML5"
Rogers,unlikely,Theroyaltyfamily,com.rogers.the_royalty_family,Playwork,1,"Cable STB; usually SSAI"
Samsung,maybe,G15055001404 United States Samsung CTV https://,www.samsung.com,,1,"Tizen (web-based); SIMID renders if app uses IMA HTML5 — most use Samsung Ads stack instead"
Vizio,maybe,,vizio.theweatherchannel,,1,"SmartCast (web-based); SIMID renders if app uses IMA HTML5"
Vizio,maybe,,vizio.thecw,,1,"SmartCast (web-based); SIMID renders if app uses IMA HTML5"
Roku,no,594961 United States Roku CTV https://,channelstore.roku.com,,1,"Roku uses Roku Ad Framework (RAF) + BrightLine/Innovid; no first-party SIMID"
Roku,no,594961 Canada Roku CTV https://,channelstore.roku.com,,1,"Roku uses Roku Ad Framework (RAF) + BrightLine/Innovid; no first-party SIMID"
Roku,no,805242 United States Roku CTV https://,channelstore.roku.com,,1,"Roku uses Roku Ad Framework (RAF) + BrightLine/Innovid; no first-party SIMID"
Roku,no,805242 Canada Roku CTV https://,channelstore.roku.com,,1,"Roku uses Roku Ad Framework (RAF) + BrightLine/Innovid; no first-party SIMID"
Roku,no,805242 Mexico Roku CTV https://,channelstore.roku.com,,1,"Roku uses Roku Ad Framework (RAF) + BrightLine/Innovid; no first-party SIMID"
Roku,no,805242 Puerto Rico Roku CTV https://,channelstore.roku.com,,1,"Roku uses Roku Ad Framework (RAF) + BrightLine/Innovid; no first-party SIMID"
Comcast,unlikely,,com.comcast.thefamousfilms,,1,"Xfinity X1 set-top box runs custom RDK runtime; usually SSAI"
Roku,no,613404 United States Roku CTV https://,channelstore.roku.com,,1,"Roku uses Roku Ad Framework (RAF) + BrightLine/Innovid; no first-party SIMID"
Roku,no,780148 Argentina Roku CTV https://,channelstore.roku.com,,1,"Roku uses Roku Ad Framework (RAF) + BrightLine/Innovid; no first-party SIMID"
Roku,no,780148 Brazil Roku CTV https://,channelstore.roku.com,,1,"Roku uses Roku Ad Framework (RAF) + BrightLine/Innovid; no first-party SIMID"
Roku,no,780148 Canada Roku CTV https://,channelstore.roku.com,,1,"Roku uses Roku Ad Framework (RAF) + BrightLine/Innovid; no first-party SIMID"
Roku,no,780148 El Salvador Roku CTV https://,channelstore.roku.com,,1,"Roku uses Roku Ad Framework (RAF) + BrightLine/Innovid; no first-party SIMID"
Roku,no,780148 Mexico Roku CTV https://,channelstore.roku.com,,1,"Roku uses Roku Ad Framework (RAF) + BrightLine/Innovid; no first-party SIMID"
Roku,no,780148 Puerto Rico Roku CTV https://,channelstore.roku.com,,1,"Roku uses Roku Ad Framework (RAF) + BrightLine/Innovid; no first-party SIMID"
Roku,no,780148 United States Roku CTV https://,channelstore.roku.com,,1,"Roku uses Roku Ad Framework (RAF) + BrightLine/Innovid; no first-party SIMID"
Roku,no,780148 Virgin Islands  U.S. Roku CTV https://,channelstore.roku.com,,1,"Roku uses Roku Ad Framework (RAF) + BrightLine/Innovid; no first-party SIMID"
Comcast,unlikely,,com.comcast.thekingofrandom,,1,"Xfinity X1 set-top box runs custom RDK runtime; usually SSAI"
Roku,no,614562 United States Roku CTV https://,channelstore.roku.com,,1,"Roku uses Roku Ad Framework (RAF) + BrightLine/Innovid; no first-party SIMID"
Samsung,maybe,,com.samsung.thekingofrandom,,1,"Tizen (web-based); SIMID renders if app uses IMA HTML5 — most use Samsung Ads stack instead"
Samsung,maybe,G20359016121 United States Samsung CTV https://,www.samsung.com,,1,"Tizen (web-based); SIMID renders if app uses IMA HTML5 — most use Samsung Ads stack instead"
Roku,no,614562 Canada Roku CTV https://,channelstore.roku.com,,1,"Roku uses Roku Ad Framework (RAF) + BrightLine/Innovid; no first-party SIMID"
Roku,no,614562 Japan Roku CTV https://,channelstore.roku.com,,1,"Roku uses Roku Ad Framework (RAF) + BrightLine/Innovid; no first-party SIMID"
Roku,no,635558 United States Roku CTV https://,channelstore.roku.com,,1,"Roku uses Roku Ad Framework (RAF) + BrightLine/Innovid; no first-party SIMID"
Fire TV,yes,,B078JCGVPK,,1,"Fire OS = Android-derived; IMA Android SDK supports SIMID 1.0"
Roku,no,820140 Argentina Roku CTV https://,channelstore.roku.com,,1,"Roku uses Roku Ad Framework (RAF) + BrightLine/Innovid; no first-party SIMID"
Roku,no,820140 Brazil Roku CTV https://,channelstore.roku.com,,1,"Roku uses Roku Ad Framework (RAF) + BrightLine/Innovid; no first-party SIMID"
Roku,no,820140 Canada Roku CTV https://,channelstore.roku.com,,1,"Roku uses Roku Ad Framework (RAF) + BrightLine/Innovid; no first-party SIMID"
Roku,no,820140 Chile Roku CTV https://,channelstore.roku.com,,1,"Roku uses Roku Ad Framework (RAF) + BrightLine/Innovid; no first-party SIMID"
Roku,no,820140 Colombia Roku CTV https://,channelstore.roku.com,,1,"Roku uses Roku Ad Framework (RAF) + BrightLine/Innovid; no first-party SIMID"
Roku,no,820140 Costa Rica Roku CTV https://,channelstore.roku.com,,1,"Roku uses Roku Ad Framework (RAF) + BrightLine/Innovid; no first-party SIMID"
Roku,no,820140 Germany Roku CTV https://,channelstore.roku.com,,1,"Roku uses Roku Ad Framework (RAF) + BrightLine/Innovid; no first-party SIMID"
Roku,no,820140 Guam Roku CTV https://,channelstore.roku.com,,1,"Roku uses Roku Ad Framework (RAF) + BrightLine/Innovid; no first-party SIMID"
Roku,no,Theroyaltyfamily 820140 Guatemala Roku CTV not clickable https://,channelstore.roku.com,Playwork,1,"Roku uses Roku Ad Framework (RAF) + BrightLine/Innovid; no first-party SIMID"
Roku,no,Theroyaltyfamily 820140 Honduras Roku CTV not clickable https://,channelstore.roku.com,Playwork,1,"Roku uses Roku Ad Framework (RAF) + BrightLine/Innovid; no first-party SIMID"
Roku,no,Theroyaltyfamily 820140 Korea  Republic of Roku CTV not clickable https://,channelstore.roku.com,Playwork,1,"Roku uses Roku Ad Framework (RAF) + BrightLine/Innovid; no first-party SIMID"
Roku,no,Theroyaltyfamily 820140 Mexico Roku CTV not clickable https://,channelstore.roku.com,Playwork,1,"Roku uses Roku Ad Framework (RAF) + BrightLine/Innovid; no first-party SIMID"
Roku,no,Theroyaltyfamily 820140 Nigeria Roku CTV not clickable https://,channelstore.roku.com,Playwork,1,"Roku uses Roku Ad Framework (RAF) + BrightLine/Innovid; no first-party SIMID"
Roku,no,Thoughty2 820140 Panama Roku CTV not clickable https://,channelstore.roku.com,Playwork,1,"Roku uses Roku Ad Framework (RAF) + BrightLine/Innovid; no first-party SIMID"
Roku,no,Tilematch 820140 Puerto Rico Roku CTV not clickable https://,channelstore.roku.com,Playwork,1,"Roku uses Roku Ad Framework (RAF) + BrightLine/Innovid; no first-party SIMID"
Roku,no,Tilematch 820140 Singapore Roku CTV not clickable https://,channelstore.roku.com,Playwork,1,"Roku uses Roku Ad Framework (RAF) + BrightLine/Innovid; no first-party SIMID"
Roku,no,Tilematch 820140 United States Roku CTV not clickable https://,channelstore.roku.com,Playwork,1,"Roku uses Roku Ad Framework (RAF) + BrightLine/Innovid; no first-party SIMID"
Comcast,unlikely,Tilematch,com.comcast.thoughty2,Playwork,1,"Xfinity X1 set-top box runs custom RDK runtime; usually SSAI"
Samsung,unlikely,Toon Goggles For Tv,com.samsung.thoughty2,,1,"Tizen (web-based); SIMID renders if app uses IMA HTML5 — most use Samsung Ads stack instead | app-name pattern suggests FAST/24h channel → SSAI typical"
Roku,no,Toon Goggles For Tv 814070 United States Roku CTV not clickable https://,channelstore.roku.com,,1,"Roku uses Roku Ad Framework (RAF) + BrightLine/Innovid; no first-party SIMID | app-name pattern suggests FAST/24h channel → SSAI typical"
Roku,no,Toon Goggles For Tv 814070 Brazil Roku CTV not clickable https://,channelstore.roku.com,,1,"Roku uses Roku Ad Framework (RAF) + BrightLine/Innovid; no first-party SIMID | app-name pattern suggests FAST/24h channel → SSAI typical"
Roku,no,Toon Goggles For Tv 814070 Mexico Roku CTV not clickable https://,channelstore.roku.com,,1,"Roku uses Roku Ad Framework (RAF) + BrightLine/Innovid; no first-party SIMID | app-name pattern suggests FAST/24h channel → SSAI typical"
Roku,no,Toongoggles 814070 Canada Roku CTV not clickable https://,channelstore.roku.com,,1,"Roku uses Roku Ad Framework (RAF) + BrightLine/Innovid; no first-party SIMID"
Roku,no,Toongoggles 814070 Puerto Rico Roku CTV not clickable https://,channelstore.roku.com,,1,"Roku uses Roku Ad Framework (RAF) + BrightLine/Innovid; no first-party SIMID"
Roku,no,Toongoggles 814070 Nicaragua Roku CTV not clickable https://,channelstore.roku.com,,1,"Roku uses Roku Ad Framework (RAF) + BrightLine/Innovid; no first-party SIMID"
Roku,no,Treyten 814070 Colombia Roku CTV not clickable https://,channelstore.roku.com,Playwork,1,"Roku uses Roku Ad Framework (RAF) + BrightLine/Innovid; no first-party SIMID"
Roku,no,Treyten 814070 Chile Roku CTV not clickable https://,channelstore.roku.com,Playwork,1,"Roku uses Roku Ad Framework (RAF) + BrightLine/Innovid; no first-party SIMID"
Tubi,unlikely,Tubi,B077967RHY,WURL,1,"Fox-owned Tubi runs its own ad SDK; SIMID acceptance unconfirmed | publisher_source = WURL (Roku-owned FAST distribution → SSAI typical)"
Tubi,unlikely,Tubi,com.toongoggles.tv,WURL,1,"Fox-owned Tubi runs its own ad SDK; SIMID acceptance unconfirmed | publisher_source = WURL (Roku-owned FAST distribution → SSAI typical)"
Tubi,unlikely,Tubi - Free Movies & Tv,com.comcast.treyten,WURL,1,"Fox-owned Tubi runs its own ad SDK; SIMID acceptance unconfirmed | app-name pattern suggests FAST/24h channel → SSAI typical | publisher_source = WURL (Roku-owned FAST distribution → SSAI typical)"
Tubi,unlikely,Tubi - Free Movies & Tv 789403 United States Roku CTV not clickable https://,channelstore.roku.com,WURL,1,"Fox-owned Tubi runs its own ad SDK; SIMID acceptance unconfirmed | app-name pattern suggests FAST/24h channel → SSAI typical | publisher_source = WURL (Roku-owned FAST distribution → SSAI typical)"
Tubi,unlikely,Tubi - Free Movies & Tv,com.samsung.treyten,WURL,1,"Fox-owned Tubi runs its own ad SDK; SIMID acceptance unconfirmed | app-name pattern suggests FAST/24h channel → SSAI typical | publisher_source = WURL (Roku-owned FAST distribution → SSAI typical)"
Tubi,unlikely,Tubi: Free Movies & Live Tv,com.samsung.treyten,,1,"Fox-owned Tubi runs its own ad SDK; SIMID acceptance unconfirmed | app-name pattern suggests FAST/24h channel → SSAI typical"
Vizio,maybe,,vizio.treyten,,1,"SmartCast (web-based); SIMID renders if app uses IMA HTML5"
Tubi,unlikely,9n1sv6841f0b Canada Tubi CTV https://,apps.microsoft.com,,1,"Fox-owned Tubi runs its own ad SDK; SIMID acceptance unconfirmed"
Tubi,unlikely,9n1sv6841f0b United Kingdom Tubi CTV https://,apps.microsoft.com,,1,"Fox-owned Tubi runs its own ad SDK; SIMID acceptance unconfirmed"
Tubi,unlikely,9n1sv6841f0b Mexico Tubi CTV https://,apps.microsoft.com,,1,"Fox-owned Tubi runs its own ad SDK; SIMID acceptance unconfirmed"
Roku,no,41468 Australia Roku CTV https://,channelstore.roku.com,,1,"Roku uses Roku Ad Framework (RAF) + BrightLine/Innovid; no first-party SIMID"
Roku,no,41468 Brazil Roku CTV https://,channelstore.roku.com,,1,"Roku uses Roku Ad Framework (RAF) + BrightLine/Innovid; no first-party SIMID"
Roku,no,41468 Bulgaria Roku CTV https://,channelstore.roku.com,,1,"Roku uses Roku Ad Framework (RAF) + BrightLine/Innovid; no first-party SIMID"
Roku,no,41468 Canada Roku CTV https://,channelstore.roku.com,,1,"Roku uses Roku Ad Framework (RAF) + BrightLine/Innovid; no first-party SIMID"
Roku,no,41468 China Roku CTV https://,channelstore.roku.com,,1,"Roku uses Roku Ad Framework (RAF) + BrightLine/Innovid; no first-party SIMID"
Roku,no,41468 Colombia Roku CTV https://,channelstore.roku.com,,1,"Roku uses Roku Ad Framework (RAF) + BrightLine/Innovid; no first-party SIMID"
Roku,no,41468 Czech Republic Roku CTV https://,channelstore.roku.com,,1,"Roku uses Roku Ad Framework (RAF) + BrightLine/Innovid; no first-party SIMID"
Roku,no,41468 France Roku CTV https://,channelstore.roku.com,,1,"Roku uses Roku Ad Framework (RAF) + BrightLine/Innovid; no first-party SIMID"
Roku,no,41468 Germany Roku CTV https://,channelstore.roku.com,,1,"Roku uses Roku Ad Framework (RAF) + BrightLine/Innovid; no first-party SIMID"
Roku,no,41468 Guadeloupe Roku CTV https://,channelstore.roku.com,,1,"Roku uses Roku Ad Framework (RAF) + BrightLine/Innovid; no first-party SIMID"
Roku,no,41468 Hong Kong Roku CTV https://,channelstore.roku.com,,1,"Roku uses Roku Ad Framework (RAF) + BrightLine/Innovid; no first-party SIMID"
Roku,no,41468 India Roku CTV https://,channelstore.roku.com,,1,"Roku uses Roku Ad Framework (RAF) + BrightLine/Innovid; no first-party SIMID"
Roku,no,41468 Indonesia Roku CTV https://,channelstore.roku.com,,1,"Roku uses Roku Ad Framework (RAF) + BrightLine/Innovid; no first-party SIMID"
Roku,no,41468 Iraq Roku CTV https://,channelstore.roku.com,,1,"Roku uses Roku Ad Framework (RAF) + BrightLine/Innovid; no first-party SIMID"
Roku,no,41468 Italy Roku CTV https://,channelstore.roku.com,,1,"Roku uses Roku Ad Framework (RAF) + BrightLine/Innovid; no first-party SIMID"
Roku,no,41468 Jamaica Roku CTV https://,channelstore.roku.com,,1,"Roku uses Roku Ad Framework (RAF) + BrightLine/Innovid; no first-party SIMID"
Roku,no,41468 Lithuania Roku CTV https://,channelstore.roku.com,,1,"Roku uses Roku Ad Framework (RAF) + BrightLine/Innovid; no first-party SIMID"
Roku,no,41468 Mexico Roku CTV https://,channelstore.roku.com,,1,"Roku uses Roku Ad Framework (RAF) + BrightLine/Innovid; no first-party SIMID"
Roku,no,41468 Netherlands Roku CTV https://,channelstore.roku.com,,1,"Roku uses Roku Ad Framework (RAF) + BrightLine/Innovid; no first-party SIMID"
Roku,no,41468 New Zealand Roku CTV https://,channelstore.roku.com,,1,"Roku uses Roku Ad Framework (RAF) + BrightLine/Innovid; no first-party SIMID"
Roku,no,41468 Pakistan Roku CTV https://,channelstore.roku.com,,1,"Roku uses Roku Ad Framework (RAF) + BrightLine/Innovid; no first-party SIMID"
Roku,no,41468 Puerto Rico Roku CTV https://,channelstore.roku.com,,1,"Roku uses Roku Ad Framework (RAF) + BrightLine/Innovid; no first-party SIMID"
Roku,no,41468 Saint Lucia Roku CTV https://,channelstore.roku.com,,1,"Roku uses Roku Ad Framework (RAF) + BrightLine/Innovid; no first-party SIMID"
Roku,no,41468 Sierra Leone Roku CTV https://,channelstore.roku.com,,1,"Roku uses Roku Ad Framework (RAF) + BrightLine/Innovid; no first-party SIMID"
Roku,no,41468 Spain Roku CTV https://,channelstore.roku.com,,1,"Roku uses Roku Ad Framework (RAF) + BrightLine/Innovid; no first-party SIMID"
Roku,no,41468 United Arab Emirates Roku CTV https://,channelstore.roku.com,,1,"Roku uses Roku Ad Framework (RAF) + BrightLine/Innovid; no first-party SIMID"
Roku,no,41468 United Kingdom Roku CTV https://,channelstore.roku.com,,1,"Roku uses Roku Ad Framework (RAF) + BrightLine/Innovid; no first-party SIMID"
Roku,no,41468 United States Roku CTV https://,channelstore.roku.com,,1,"Roku uses Roku Ad Framework (RAF) + BrightLine/Innovid; no first-party SIMID"
Roku,no,41468 Venezuela Roku CTV https://,channelstore.roku.com,,1,"Roku uses Roku Ad Framework (RAF) + BrightLine/Innovid; no first-party SIMID"
Fire TV,yes,Tubitv,com.tubitv.hisense,,1,"Fire OS = Android-derived; IMA Android SDK supports SIMID 1.0"
Fire TV,unlikely,Tubitv G15115002089 Bulgaria Fire TV CTV not clickable https://,www.amazon.com,,1,"Fire OS = Android-derived; IMA Android SDK supports SIMID 1.0 | app-name pattern suggests FAST/24h channel → SSAI typical"
Fire TV,unlikely,China Fire TV CTV https://,www.amazon.com,,1,"Fire OS = Android-derived; IMA Android SDK supports SIMID 1.0 | app-name pattern suggests FAST/24h channel → SSAI typical"
Fire TV,unlikely,Croatia Fire TV CTV https://,www.amazon.com,,1,"Fire OS = Android-derived; IMA Android SDK supports SIMID 1.0 | app-name pattern suggests FAST/24h channel → SSAI typical"
Fire TV,unlikely,Czech Republic Fire TV CTV https://,www.amazon.com,,1,"Fire OS = Android-derived; IMA Android SDK supports SIMID 1.0 | app-name pattern suggests FAST/24h channel → SSAI typical"
Fire TV,unlikely,Denmark Fire TV CTV https://,www.amazon.com,,1,"Fire OS = Android-derived; IMA Android SDK supports SIMID 1.0 | app-name pattern suggests FAST/24h channel → SSAI typical"
Fire TV,unlikely,France Fire TV CTV https://,www.amazon.com,,1,"Fire OS = Android-derived; IMA Android SDK supports SIMID 1.0 | app-name pattern suggests FAST/24h channel → SSAI typical"
Fire TV,unlikely,Germany Fire TV CTV https://,www.amazon.com,,1,"Fire OS = Android-derived; IMA Android SDK supports SIMID 1.0 | app-name pattern suggests FAST/24h channel → SSAI typical"
Fire TV,unlikely,Hong Kong Fire TV CTV https://,www.amazon.com,,1,"Fire OS = Android-derived; IMA Android SDK supports SIMID 1.0 | app-name pattern suggests FAST/24h channel → SSAI typical"
Fire TV,unlikely,Indonesia Fire TV CTV https://,www.amazon.com,,1,"Fire OS = Android-derived; IMA Android SDK supports SIMID 1.0 | app-name pattern suggests FAST/24h channel → SSAI typical"
Fire TV,unlikely,Iraq Fire TV CTV https://,www.amazon.com,,1,"Fire OS = Android-derived; IMA Android SDK supports SIMID 1.0 | app-name pattern suggests FAST/24h channel → SSAI typical"
Fire TV,unlikely,Israel Fire TV CTV https://,www.amazon.com,,1,"Fire OS = Android-derived; IMA Android SDK supports SIMID 1.0 | app-name pattern suggests FAST/24h channel → SSAI typical"
Fire TV,unlikely,Jamaica Fire TV CTV https://,www.amazon.com,,1,"Fire OS = Android-derived; IMA Android SDK supports SIMID 1.0 | app-name pattern suggests FAST/24h channel → SSAI typical"
Fire TV,unlikely,Korea  Republic of Fire TV CTV https://,www.amazon.com,,1,"Fire OS = Android-derived; IMA Android SDK supports SIMID 1.0 | app-name pattern suggests FAST/24h channel → SSAI typical"
Fire TV,unlikely,Lithuania Fire TV CTV https://,www.amazon.com,,1,"Fire OS = Android-derived; IMA Android SDK supports SIMID 1.0 | app-name pattern suggests FAST/24h channel → SSAI typical"
Fire TV,unlikely,Luxembourg Fire TV CTV https://,www.amazon.com,,1,"Fire OS = Android-derived; IMA Android SDK supports SIMID 1.0 | app-name pattern suggests FAST/24h channel → SSAI typical"
Fire TV,unlikely,Netherlands Fire TV CTV https://,www.amazon.com,,1,"Fire OS = Android-derived; IMA Android SDK supports SIMID 1.0 | app-name pattern suggests FAST/24h channel → SSAI typical"
Fire TV,unlikely,New Zealand Fire TV CTV https://,www.amazon.com,,1,"Fire OS = Android-derived; IMA Android SDK supports SIMID 1.0 | app-name pattern suggests FAST/24h channel → SSAI typical"
Fire TV,unlikely,Philippines Fire TV CTV https://,www.amazon.com,,1,"Fire OS = Android-derived; IMA Android SDK supports SIMID 1.0 | app-name pattern suggests FAST/24h channel → SSAI typical"
Fire TV,unlikely,Puerto Rico Fire TV CTV https://,www.amazon.com,,1,"Fire OS = Android-derived; IMA Android SDK supports SIMID 1.0 | app-name pattern suggests FAST/24h channel → SSAI typical"
Fire TV,unlikely,Romania Fire TV CTV https://,www.amazon.com,,1,"Fire OS = Android-derived; IMA Android SDK supports SIMID 1.0 | app-name pattern suggests FAST/24h channel → SSAI typical"
Fire TV,unlikely,Saint Lucia Fire TV CTV https://,www.amazon.com,,1,"Fire OS = Android-derived; IMA Android SDK supports SIMID 1.0 | app-name pattern suggests FAST/24h channel → SSAI typical"
Fire TV,unlikely,Sierra Leone Fire TV CTV https://,www.amazon.com,,1,"Fire OS = Android-derived; IMA Android SDK supports SIMID 1.0 | app-name pattern suggests FAST/24h channel → SSAI typical"
Fire TV,unlikely,Spain Fire TV CTV https://,www.amazon.com,,1,"Fire OS = Android-derived; IMA Android SDK supports SIMID 1.0 | app-name pattern suggests FAST/24h channel → SSAI typical"
Fire TV,unlikely,Switzerland Fire TV CTV https://,www.amazon.com,,1,"Fire OS = Android-derived; IMA Android SDK supports SIMID 1.0 | app-name pattern suggests FAST/24h channel → SSAI typical"
Fire TV,unlikely,Taiwan Fire TV CTV https://,www.amazon.com,,1,"Fire OS = Android-derived; IMA Android SDK supports SIMID 1.0 | app-name pattern suggests FAST/24h channel → SSAI typical"
Fire TV,unlikely,Thailand Fire TV CTV https://,www.amazon.com,,1,"Fire OS = Android-derived; IMA Android SDK supports SIMID 1.0 | app-name pattern suggests FAST/24h channel → SSAI typical"
Fire TV,unlikely,United Arab Emirates Fire TV CTV https://,www.amazon.com,,1,"Fire OS = Android-derived; IMA Android SDK supports SIMID 1.0 | app-name pattern suggests FAST/24h channel → SSAI typical"
Fire TV,unlikely,United Kingdom Fire TV CTV https://,www.amazon.com,,1,"Fire OS = Android-derived; IMA Android SDK supports SIMID 1.0 | app-name pattern suggests FAST/24h channel → SSAI typical"
Fire TV,unlikely,Vietnam Fire TV CTV https://,www.amazon.com,,1,"Fire OS = Android-derived; IMA Android SDK supports SIMID 1.0 | app-name pattern suggests FAST/24h channel → SSAI typical"
Hisense,maybe,Canada Hisense CTV https://,play.google.com,,1,"Either Vidaa OS or Android TV — varies by model"
Hisense,maybe,United States Hisense CTV https://,play.google.com,,1,"Either Vidaa OS or Android TV — varies by model"
Samsung,maybe,Australia Samsung CTV https://,www.samsung.com,,1,"Tizen (web-based); SIMID renders if app uses IMA HTML5 — most use Samsung Ads stack instead"
Samsung,maybe,Brazil Samsung CTV https://,www.samsung.com,,1,"Tizen (web-based); SIMID renders if app uses IMA HTML5 — most use Samsung Ads stack instead"
Samsung,maybe,Tubitv G15115002089 Canada Samsung CTV not clickable https://,www.samsung.com,,1,"Tizen (web-based); SIMID renders if app uses IMA HTML5 — most use Samsung Ads stack instead"
Samsung,maybe,Tubitv G15115002089 China Samsung CTV not clickable https://,www.samsung.com,,1,"Tizen (web-based); SIMID renders if app uses IMA HTML5 — most use Samsung Ads stack instead"
Samsung,maybe,Tubitv G15115002089 Colombia Samsung CTV not clickable https://,www.samsung.com,,1,"Tizen (web-based); SIMID renders if app uses IMA HTML5 — most use Samsung Ads stack instead"
Samsung,maybe,Tubitv G15115002089 France Samsung CTV not clickable https://,www.samsung.com,,1,"Tizen (web-based); SIMID renders if app uses IMA HTML5 — most use Samsung Ads stack instead"
Samsung,maybe,Tubitv G15115002089 Germany Samsung CTV not clickable https://,www.samsung.com,,1,"Tizen (web-based); SIMID renders if app uses IMA HTML5 — most use Samsung Ads stack instead"
Samsung,maybe,Tubitv G15115002089 Guadeloupe Samsung CTV not clickable https://,www.samsung.com,,1,"Tizen (web-based); SIMID renders if app uses IMA HTML5 — most use Samsung Ads stack instead"
Samsung,maybe,Tubitv G15115002089 Indonesia Samsung CTV not clickable https://,www.samsung.com,,1,"Tizen (web-based); SIMID renders if app uses IMA HTML5 — most use Samsung Ads stack instead"
Samsung,maybe,Tubitv G15115002089 Iraq Samsung CTV not clickable https://,www.samsung.com,,1,"Tizen (web-based); SIMID renders if app uses IMA HTML5 — most use Samsung Ads stack instead"
Samsung,maybe,Tubitv G15115002089 Ireland Samsung CTV not clickable https://,www.samsung.com,,1,"Tizen (web-based); SIMID renders if app uses IMA HTML5 — most use Samsung Ads stack instead"
Samsung,maybe,Tubitv G15115002089 Italy Samsung CTV not clickable https://,www.samsung.com,,1,"Tizen (web-based); SIMID renders if app uses IMA HTML5 — most use Samsung Ads stack instead"
Samsung,unlikely,Tubitv G15115002089 Jamaica Samsung CTV not clickable https://,www.samsung.com,WURL,1,"Tizen (web-based); SIMID renders if app uses IMA HTML5 — most use Samsung Ads stack instead | publisher_source = WURL (Roku-owned FAST distribution → SSAI typical)"
Samsung,unlikely,Tubitv G15115002089 Mexico Samsung CTV not clickable https://,www.samsung.com,WURL,1,"Tizen (web-based); SIMID renders if app uses IMA HTML5 — most use Samsung Ads stack instead | publisher_source = WURL (Roku-owned FAST distribution → SSAI typical)"
Samsung,unlikely,Tubitv G15115002089 Netherlands Samsung CTV not clickable https://,www.samsung.com,WURL,1,"Tizen (web-based); SIMID renders if app uses IMA HTML5 — most use Samsung Ads stack instead | publisher_source = WURL (Roku-owned FAST distribution → SSAI typical)"
Samsung,unlikely,Tubitv G15115002089 New Zealand Samsung CTV not clickable https://,www.samsung.com,WURL,1,"Tizen (web-based); SIMID renders if app uses IMA HTML5 — most use Samsung Ads stack instead | publisher_source = WURL (Roku-owned FAST distribution → SSAI typical)"
Samsung,unlikely,Tubitv G15115002089 Saint Lucia Samsung CTV not clickable https://,www.samsung.com,WURL,1,"Tizen (web-based); SIMID renders if app uses IMA HTML5 — most use Samsung Ads stack instead | publisher_source = WURL (Roku-owned FAST distribution → SSAI typical)"
Samsung,unlikely,Tubitv G15115002089 Sierra Leone Samsung CTV not clickable https://,www.samsung.com,WURL,1,"Tizen (web-based); SIMID renders if app uses IMA HTML5 — most use Samsung Ads stack instead | publisher_source = WURL (Roku-owned FAST distribution → SSAI typical)"
Samsung,unlikely,Tubitv G15115002089 United Arab Emirates Samsung CTV not clickable https://,www.samsung.com,WURL,1,"Tizen (web-based); SIMID renders if app uses IMA HTML5 — most use Samsung Ads stack instead | publisher_source = WURL (Roku-owned FAST distribution → SSAI typical)"
Samsung,unlikely,Tubitv G15115002089 United Kingdom Samsung CTV not clickable https://,www.samsung.com,WURL,1,"Tizen (web-based); SIMID renders if app uses IMA HTML5 — most use Samsung Ads stack instead | publisher_source = WURL (Roku-owned FAST distribution → SSAI typical)"
Samsung,unlikely,Tubitv G15115002089 United States Samsung CTV not clickable https://,www.samsung.com,WURL,1,"Tizen (web-based); SIMID renders if app uses IMA HTML5 — most use Samsung Ads stack instead | publisher_source = WURL (Roku-owned FAST distribution → SSAI typical)"
Tubi,unlikely,Tubitv 1113013 Australia Tubi CTV not clickable https://,play.google.com,WURL,1,"Fox-owned Tubi runs its own ad SDK; SIMID acceptance unconfirmed | publisher_source = WURL (Roku-owned FAST distribution → SSAI typical)"
Tubi,unlikely,Tubitv 1113013 Canada Tubi CTV not clickable https://,play.google.com,WURL,1,"Fox-owned Tubi runs its own ad SDK; SIMID acceptance unconfirmed | publisher_source = WURL (Roku-owned FAST distribution → SSAI typical)"
Tubi,unlikely,Tubitv 1113013 Colombia Tubi CTV not clickable https://,play.google.com,WURL,1,"Fox-owned Tubi runs its own ad SDK; SIMID acceptance unconfirmed | publisher_source = WURL (Roku-owned FAST distribution → SSAI typical)"
Tubi,unlikely,Tubitv 1113013 Croatia Tubi CTV not clickable https://,play.google.com,,1,"Fox-owned Tubi runs its own ad SDK; SIMID acceptance unconfirmed"
Tubi,unlikely,Tubitv 1113013 Indonesia Tubi CTV not clickable https://,play.google.com,,1,"Fox-owned Tubi runs its own ad SDK; SIMID acceptance unconfirmed"
Tubi,unlikely,Tubitv 1113013 Jamaica Tubi CTV not clickable https://,play.google.com,,1,"Fox-owned Tubi runs its own ad SDK; SIMID acceptance unconfirmed"
Tubi,unlikely,Tubitv 1113013 Mexico Tubi CTV not clickable https://,play.google.com,,1,"Fox-owned Tubi runs its own ad SDK; SIMID acceptance unconfirmed"
Tubi,unlikely,Tubitv 1113013 New Zealand Tubi CTV not clickable https://,play.google.com,,1,"Fox-owned Tubi runs its own ad SDK; SIMID acceptance unconfirmed"
Tubi,unlikely,Tubitv 1113013 United Kingdom Tubi CTV not clickable https://,play.google.com,,1,"Fox-owned Tubi runs its own ad SDK; SIMID acceptance unconfirmed"
Tubi,unlikely,Tubitv 1113013 United States Tubi CTV not clickable https://,play.google.com,,1,"Fox-owned Tubi runs its own ad SDK; SIMID acceptance unconfirmed"
Tubi,unlikely,Tubitv 886445756 Bermuda Tubi CTV not clickable https://,play.google.com,,1,"Fox-owned Tubi runs its own ad SDK; SIMID acceptance unconfirmed"
Tubi,unlikely,Tubitv 886445756 Canada Tubi CTV not clickable https://,play.google.com,,1,"Fox-owned Tubi runs its own ad SDK; SIMID acceptance unconfirmed"
Tubi,unlikely,Tubitv 886445756 France Tubi CTV not clickable https://,play.google.com,WURL,1,"Fox-owned Tubi runs its own ad SDK; SIMID acceptance unconfirmed | publisher_source = WURL (Roku-owned FAST distribution → SSAI typical)"
Tubi,unlikely,Tucker Budzyn 886445756 Germany Tubi CTV not clickable https://,play.google.com,Playwork,1,"Fox-owned Tubi runs its own ad SDK; SIMID acceptance unconfirmed"
Tubi,unlikely,Tucker Budzyn 886445756 Iraq Tubi CTV not clickable https://,play.google.com,Playwork,1,"Fox-owned Tubi runs its own ad SDK; SIMID acceptance unconfirmed"
Tubi,unlikely,Tuckerbudzyn 886445756 Lithuania Tubi CTV not clickable https://,play.google.com,WURL,1,"Fox-owned Tubi runs its own ad SDK; SIMID acceptance unconfirmed | publisher_source = WURL (Roku-owned FAST distribution → SSAI typical)"
Tubi,unlikely,Twin Paranormal 886445756 Mexico Tubi CTV not clickable https://,play.google.com,Playwork,1,"Fox-owned Tubi runs its own ad SDK; SIMID acceptance unconfirmed"
Tubi,unlikely,886445756 Netherlands Tubi CTV https://,play.google.com,,1,"Fox-owned Tubi runs its own ad SDK; SIMID acceptance unconfirmed"
Tubi,unlikely,886445756 Switzerland Tubi CTV https://,play.google.com,,1,"Fox-owned Tubi runs its own ad SDK; SIMID acceptance unconfirmed"
Tubi,unlikely,886445756 United Arab Emirates Tubi CTV https://,play.google.com,,1,"Fox-owned Tubi runs its own ad SDK; SIMID acceptance unconfirmed"
Tubi,unlikely,886445756 United Kingdom Tubi CTV https://,play.google.com,,1,"Fox-owned Tubi runs its own ad SDK; SIMID acceptance unconfirmed"
Tubi,unlikely,886445756 United States Tubi CTV https://,play.google.com,,1,"Fox-owned Tubi runs its own ad SDK; SIMID acceptance unconfirmed"
Cox,unlikely,,com.cox.tucker_budzyn,,1,"Cable STB; usually SSAI"
Rogers,unlikely,,com.rogers.tucker_budzyn,,1,"Cable STB; usually SSAI"
Roku,no,585907 Canada Roku CTV https://,channelstore.roku.com,,1,"Roku uses Roku Ad Framework (RAF) + BrightLine/Innovid; no first-party SIMID"
Roku,no,585907 Mexico Roku CTV https://,channelstore.roku.com,,1,"Roku uses Roku Ad Framework (RAF) + BrightLine/Innovid; no first-party SIMID"
Comcast,unlikely,,com.comcast.twin_paranormal,,1,"Xfinity X1 set-top box runs custom RDK runtime; usually SSAI"
Cox,unlikely,,com.cox.twin_paranormal,,1,"Cable STB; usually SSAI"
Roku,no,769178 United States Roku CTV https://,channelstore.roku.com,,1,"Roku uses Roku Ad Framework (RAF) + BrightLine/Innovid; no first-party SIMID"
Vizio,maybe,Twinparanormal,vizio.twin_paranormal,Playwork,1,"SmartCast (web-based); SIMID renders if app uses IMA HTML5"
Vizio,maybe,Twinparanormal,vizio.twinparanormal,Playwork,1,"SmartCast (web-based); SIMID renders if app uses IMA HTML5"
Roku,no,Uzoth 769178 Canada Roku CTV not clickable https://,channelstore.roku.com,Playwork,1,"Roku uses Roku Ad Framework (RAF) + BrightLine/Innovid; no first-party SIMID"
Fire TV,yes,Uzoth,B07ZP9DFM7,Playwork,1,"Fire OS = Android-derived; IMA Android SDK supports SIMID 1.0"
Cox,unlikely,Uzoth,com.cox.uzoth,Playwork,1,"Cable STB; usually SSAI"
Fire TV,yes,Uzoth,B0FRB5DMYT,Playwork,1,"Fire OS = Android-derived; IMA Android SDK supports SIMID 1.0"
Roku,no,Uzoth 819643 United States Roku CTV not clickable https://,channelstore.roku.com,Playwork,1,"Roku uses Roku Ad Framework (RAF) + BrightLine/Innovid; no first-party SIMID"
Vizio,maybe,Uzoth,vizio.uzoth,Playwork,1,"SmartCast (web-based); SIMID renders if app uses IMA HTML5"
Roku,no,Vanossgaming 819643 Brazil Roku CTV not clickable https://,channelstore.roku.com,Playwork,1,"Roku uses Roku Ad Framework (RAF) + BrightLine/Innovid; no first-party SIMID"
Roku,no,Vanossgaming 819643 Mexico Roku CTV not clickable https://,channelstore.roku.com,Playwork,1,"Roku uses Roku Ad Framework (RAF) + BrightLine/Innovid; no first-party SIMID"
Roku,no,Vanossgaming 819643 Canada Roku CTV not clickable https://,channelstore.roku.com,Playwork,1,"Roku uses Roku Ad Framework (RAF) + BrightLine/Innovid; no first-party SIMID"
Vizio,maybe,Vanossgaming,vizio.uzoth,Playwork,1,"SmartCast (web-based); SIMID renders if app uses IMA HTML5"
Rogers,unlikely,Very Local,com.rogers.uzoth,WURL,1,"Cable STB; usually SSAI | publisher_source = WURL (Roku-owned FAST distribution → SSAI typical)"
Comcast,unlikely,Very Local,com.comcast.vanossgaming,WURL,1,"Xfinity X1 set-top box runs custom RDK runtime; usually SSAI | publisher_source = WURL (Roku-owned FAST distribution → SSAI typical)"
Cox,unlikely,,com.cox.vanossgaming,,1,"Cable STB; usually SSAI"
LG,maybe,1265650 Algeria LG CTV https://,us.lgappstv.com,,1,"webOS (web-based); same as Samsung — depends on whether app uses IMA HTML5"
LG,maybe,1265650 Argentina LG CTV https://,us.lgappstv.com,,1,"webOS (web-based); same as Samsung — depends on whether app uses IMA HTML5"
LG,maybe,1265650 Brazil LG CTV https://,us.lgappstv.com,,1,"webOS (web-based); same as Samsung — depends on whether app uses IMA HTML5"
LG,maybe,1265650 Canada LG CTV https://,us.lgappstv.com,,1,"webOS (web-based); same as Samsung — depends on whether app uses IMA HTML5"
LG,maybe,1265650 Chile LG CTV https://,us.lgappstv.com,,1,"webOS (web-based); same as Samsung — depends on whether app uses IMA HTML5"
LG,maybe,1265650 Colombia LG CTV https://,us.lgappstv.com,,1,"webOS (web-based); same as Samsung — depends on whether app uses IMA HTML5"
LG,maybe,1265650 Italy LG CTV https://,us.lgappstv.com,,1,"webOS (web-based); same as Samsung — depends on whether app uses IMA HTML5"
LG,maybe,1265650 Mexico LG CTV https://,us.lgappstv.com,,1,"webOS (web-based); same as Samsung — depends on whether app uses IMA HTML5"
LG,maybe,1265650 Netherlands LG CTV https://,us.lgappstv.com,,1,"webOS (web-based); same as Samsung — depends on whether app uses IMA HTML5"
LG,maybe,1265650 Norway LG CTV https://,us.lgappstv.com,,1,"webOS (web-based); same as Samsung — depends on whether app uses IMA HTML5"
LG,maybe,1265650 Peru LG CTV https://,us.lgappstv.com,,1,"webOS (web-based); same as Samsung — depends on whether app uses IMA HTML5"
LG,maybe,1265650 United States LG CTV https://,us.lgappstv.com,,1,"webOS (web-based); same as Samsung — depends on whether app uses IMA HTML5"
Roku,no,804456 United States Roku CTV https://,channelstore.roku.com,,1,"Roku uses Roku Ad Framework (RAF) + BrightLine/Innovid; no first-party SIMID"
Vizio,maybe,,vizio.vanossgaming,,1,"SmartCast (web-based); SIMID renders if app uses IMA HTML5"
Roku,no,804456 Mexico Roku CTV https://,channelstore.roku.com,,1,"Roku uses Roku Ad Framework (RAF) + BrightLine/Innovid; no first-party SIMID"
Roku,no,804456 Canada Roku CTV https://,channelstore.roku.com,,1,"Roku uses Roku Ad Framework (RAF) + BrightLine/Innovid; no first-party SIMID"
Roku,no,804456 Brazil Roku CTV https://,channelstore.roku.com,,1,"Roku uses Roku Ad Framework (RAF) + BrightLine/Innovid; no first-party SIMID"
Rogers,unlikely,,com.rogers.vanossgaming,,1,"Cable STB; usually SSAI"
Fire TV,yes,,B0085CQHZC,,1,"Fire OS = Android-derived; IMA Android SDK supports SIMID 1.0"
Samsung,maybe,G21294018164 United States Samsung CTV https://,www.samsung.com,,1,"Tizen (web-based); SIMID renders if app uses IMA HTML5 — most use Samsung Ads stack instead"
Vizio,maybe,,vizio.verylocal,,1,"SmartCast (web-based); SIMID renders if app uses IMA HTML5"
Fire TV,yes,,b00ub051na,,1,"Fire OS = Android-derived; IMA Android SDK supports SIMID 1.0"
Fire TV,unlikely,Victory,B0DDR9KMK3,WURL,1,"Fire OS = Android-derived; IMA Android SDK supports SIMID 1.0 | publisher_source = WURL (Roku-owned FAST distribution → SSAI typical)"
Samsung,unlikely,Vizio1942,com.samsungtvplus.vix,WURL,1,"Tizen (web-based); SIMID renders if app uses IMA HTML5 — most use Samsung Ads stack instead | publisher_source = WURL (Roku-owned FAST distribution → SSAI typical)"
Samsung,unlikely,Vuit News G20329015921 United States Samsung CTV not clickable https://,www.samsung.com,WURL,1,"Tizen (web-based); SIMID renders if app uses IMA HTML5 — most use Samsung Ads stack instead | publisher_source = WURL (Roku-owned FAST distribution → SSAI typical)"
Vizio,unlikely,Wafb 9News,vizio.vix,WURL,1,"SmartCast (web-based); SIMID renders if app uses IMA HTML5 | app-name pattern suggests FAST/24h channel → SSAI typical | publisher_source = WURL (Roku-owned FAST distribution → SSAI typical)"
Samsung,unlikely,Wand Now G20329015921 Canada Samsung CTV not clickable https://,www.samsung.com,WURL,1,"Tizen (web-based); SIMID renders if app uses IMA HTML5 — most use Samsung Ads stack instead | publisher_source = WURL (Roku-owned FAST distribution → SSAI typical)"
Samsung,unlikely,Watchfree G20329015921 Mexico Samsung CTV not clickable https://,www.samsung.com,WURL,1,"Tizen (web-based); SIMID renders if app uses IMA HTML5 — most use Samsung Ads stack instead | publisher_source = WURL (Roku-owned FAST distribution → SSAI typical)"
Vizio,unlikely,Watchfree,vizio.vix,WURL,1,"SmartCast (web-based); SIMID renders if app uses IMA HTML5 | publisher_source = WURL (Roku-owned FAST distribution → SSAI typical)"
Vizio,unlikely,Watchfreeactionthrillerflix,vizio.vix,WURL,1,"SmartCast (web-based); SIMID renders if app uses IMA HTML5 | publisher_source = WURL (Roku-owned FAST distribution → SSAI typical)"
Vizio,unlikely,Watchfreeblackflix,vizio.1942,WURL,1,"SmartCast (web-based); SIMID renders if app uses IMA HTML5 | publisher_source = WURL (Roku-owned FAST distribution → SSAI typical)"
Android,unlikely,Wbtv,free.vpn.unblock.proxy.vpn.master.,WURL,1,"Android TV / Google TV; IMA Android SDK supports SIMID 1.0 | publisher_source = WURL (Roku-owned FAST distribution → SSAI typical)"
Fire TV,unlikely,Wcpo,B08DCM9362,WURL,1,"Fire OS = Android-derived; IMA Android SDK supports SIMID 1.0 | publisher_source = WURL (Roku-owned FAST distribution → SSAI typical)"
Fire TV,unlikely,Wdam 7 News,B073W9VJLS,WURL,1,"Fire OS = Android-derived; IMA Android SDK supports SIMID 1.0 | publisher_source = WURL (Roku-owned FAST distribution → SSAI typical)"
Fire TV,unlikely,Wdrb,B06XHJCQ11,WURL,1,"Fire OS = Android-derived; IMA Android SDK supports SIMID 1.0 | publisher_source = WURL (Roku-owned FAST distribution → SSAI typical)"
Fire TV,unlikely,Weathernation,B079DPRHQX,WURL,1,"Fire OS = Android-derived; IMA Android SDK supports SIMID 1.0 | publisher_source = WURL (Roku-owned FAST distribution → SSAI typical)"
Fire TV,unlikely,Weny-Tv,B0C6R73BPN,WURL,1,"Fire OS = Android-derived; IMA Android SDK supports SIMID 1.0 | app-name pattern suggests FAST/24h channel → SSAI typical | publisher_source = WURL (Roku-owned FAST distribution → SSAI typical)"
Vizio,unlikely,Wfmz,vizio.watchfree,WURL,1,"SmartCast (web-based); SIMID renders if app uses IMA HTML5 | publisher_source = WURL (Roku-owned FAST distribution → SSAI typical)"
Vizio,unlikely,Wftx,vizio.watchfree,WURL,1,"SmartCast (web-based); SIMID renders if app uses IMA HTML5 | publisher_source = WURL (Roku-owned FAST distribution → SSAI typical)"
Vizio,maybe,Wilderness Cooking,vizio.watchfree.tastemade,Playwork,1,"SmartCast (web-based); SIMID renders if app uses IMA HTML5"
Vizio,unlikely,Wink News,vizio.watchfree,WURL,1,"SmartCast (web-based); SIMID renders if app uses IMA HTML5 | publisher_source = WURL (Roku-owned FAST distribution → SSAI typical)"
Vizio,unlikely,Wjxt,vizio.watchfree,WURL,1,"SmartCast (web-based); SIMID renders if app uses IMA HTML5 | publisher_source = WURL (Roku-owned FAST distribution → SSAI typical)"
Fire TV,unlikely,Wkmg,B08466JLZ4,WURL,1,"Fire OS = Android-derived; IMA Android SDK supports SIMID 1.0 | publisher_source = WURL (Roku-owned FAST distribution → SSAI typical)"
Fire TV,unlikely,Wlex,B084666ZG6,WURL,1,"Fire OS = Android-derived; IMA Android SDK supports SIMID 1.0 | publisher_source = WURL (Roku-owned FAST distribution → SSAI typical)"
Fire TV,unlikely,Wlox Local News,B08GLQ2WV4,WURL,1,"Fire OS = Android-derived; IMA Android SDK supports SIMID 1.0 | publisher_source = WURL (Roku-owned FAST distribution → SSAI typical)"
Fire TV,unlikely,Wnyt Newschannel 13 Albany  Ny,B06XHS64KV,WURL,1,"Fire OS = Android-derived; IMA Android SDK supports SIMID 1.0 | publisher_source = WURL (Roku-owned FAST distribution → SSAI typical)"
Fire TV,unlikely,Woio Cleveland 19 News,B0756SWC8J,WURL,1,"Fire OS = Android-derived; IMA Android SDK supports SIMID 1.0 | publisher_source = WURL (Roku-owned FAST distribution → SSAI typical)"
Fire TV,yes,Women Rising 2025,B07F2BY93B,Playwork,1,"Fire OS = Android-derived; IMA Android SDK supports SIMID 1.0"
Fire TV,unlikely,Wral,B07796C2ZQ,WURL,1,"Fire OS = Android-derived; IMA Android SDK supports SIMID 1.0 | publisher_source = WURL (Roku-owned FAST distribution → SSAI typical)"
Fire TV,unlikely,Wsaz,B00V3UQGJA,WURL,1,"Fire OS = Android-derived; IMA Android SDK supports SIMID 1.0 | publisher_source = WURL (Roku-owned FAST distribution → SSAI typical)"
Fire TV,unlikely,Wsls,B079DRM7ZC,WURL,1,"Fire OS = Android-derived; IMA Android SDK supports SIMID 1.0 | publisher_source = WURL (Roku-owned FAST distribution → SSAI typical)"
Fire TV,unlikely,Wthi News 10,B01M68BG1U,WURL,1,"Fire OS = Android-derived; IMA Android SDK supports SIMID 1.0 | publisher_source = WURL (Roku-owned FAST distribution → SSAI typical)"
Fire TV,unlikely,Wtoc 11 News,B078VCS5WS,WURL,1,"Fire OS = Android-derived; IMA Android SDK supports SIMID 1.0 | publisher_source = WURL (Roku-owned FAST distribution → SSAI typical)"
Fire TV,yes,,B077BSJ3G7,,1,"Fire OS = Android-derived; IMA Android SDK supports SIMID 1.0"
Samsung,maybe,G00011404933 United States Samsung CTV https://,www.samsung.com,,1,"Tizen (web-based); SIMID renders if app uses IMA HTML5 — most use Samsung Ads stack instead"
Vizio,maybe,,vizio.weathernation,,1,"SmartCast (web-based); SIMID renders if app uses IMA HTML5"
Fire TV,yes,,B07MXL1Q2C,,1,"Fire OS = Android-derived; IMA Android SDK supports SIMID 1.0"
Fire TV,yes,,B07796DV1D,,1,"Fire OS = Android-derived; IMA Android SDK supports SIMID 1.0"
Fire TV,yes,,B094DGK14F,,1,"Fire OS = Android-derived; IMA Android SDK supports SIMID 1.0"
Fire TV,yes,,B07795KM4Q,,1,"Fire OS = Android-derived; IMA Android SDK supports SIMID 1.0"
Fire TV,yes,,B07795ZFKS,,1,"Fire OS = Android-derived; IMA Android SDK supports SIMID 1.0"
Fire TV,yes,,B0DVBZ8ZTV,,1,"Fire OS = Android-derived; IMA Android SDK supports SIMID 1.0"
Roku,no,794411 United States Roku CTV https://,channelstore.roku.com,,1,"Roku uses Roku Ad Framework (RAF) + BrightLine/Innovid; no first-party SIMID"
Samsung,maybe,,com.samsung.wilderness_cooking,,1,"Tizen (web-based); SIMID renders if app uses IMA HTML5 — most use Samsung Ads stack instead"
Fire TV,yes,,B0BV48Z4JQ,,1,"Fire OS = Android-derived; IMA Android SDK supports SIMID 1.0"
Fire TV,yes,,B06XHZT282,,1,"Fire OS = Android-derived; IMA Android SDK supports SIMID 1.0"
Fire TV,yes,,B01M8MLT6H,,1,"Fire OS = Android-derived; IMA Android SDK supports SIMID 1.0"
Fire TV,yes,,B07795KQT9,,1,"Fire OS = Android-derived; IMA Android SDK supports SIMID 1.0"
Fire TV,yes,,B01M71313L,,1,"Fire OS = Android-derived; IMA Android SDK supports SIMID 1.0"
Fire TV,yes,,B073W8J152,,1,"Fire OS = Android-derived; IMA Android SDK supports SIMID 1.0"
Fire TV,yes,,B07ZFZJVC5,,1,"Fire OS = Android-derived; IMA Android SDK supports SIMID 1.0"
Fire TV,yes,,B073WB5ZRJ,,1,"Fire OS = Android-derived; IMA Android SDK supports SIMID 1.0"
Fire TV,yes,,B06XHXDFWD,,1,"Fire OS = Android-derived; IMA Android SDK supports SIMID 1.0"
Fire TV,yes,,B077969DP2,,1,"Fire OS = Android-derived; IMA Android SDK supports SIMID 1.0"
Fire TV,yes,,B07RT16Q3M,,1,"Fire OS = Android-derived; IMA Android SDK supports SIMID 1.0"
Comcast,unlikely,,com.comcast.womenrising2025,,1,"Xfinity X1 set-top box runs custom RDK runtime; usually SSAI"
Videotron,unlikely,,com.videotron.women_rising_2025,,1,"Cable STB; usually SSAI"
Fire TV,yes,,B07796RQZL,,1,"Fire OS = Android-derived; IMA Android SDK supports SIMID 1.0"
Fire TV,yes,,B01E4KAU5G,,1,"Fire OS = Android-derived; IMA Android SDK supports SIMID 1.0"
Fire TV,yes,,B0779652X1,,1,"Fire OS = Android-derived; IMA Android SDK supports SIMID 1.0"
Fire TV,yes,,B00V3UTTPS,,1,"Fire OS = Android-derived; IMA Android SDK supports SIMID 1.0"
Fire TV,yes,,B09G4YD5W2,,1,"Fire OS = Android-derived; IMA Android SDK supports SIMID 1.0"
Fire TV,yes,,B078B2R8L5,,1,"Fire OS = Android-derived; IMA Android SDK supports SIMID 1.0"
Fire TV,yes,,B0858V7ZQD,,1,"Fire OS = Android-derived; IMA Android SDK supports SIMID 1.0"
Fire TV,yes,,B073W8HH6K,,1,"Fire OS = Android-derived; IMA Android SDK supports SIMID 1.0"
Fire TV,yes,,B084G9TGX8,,1,"Fire OS = Android-derived; IMA Android SDK supports SIMID 1.0"
Fire TV,yes,,B06XHYSFML,,1,"Fire OS = Android-derived; IMA Android SDK supports SIMID 1.0"
Fire TV,yes,,B073W8JQ5N,,1,"Fire OS = Android-derived; IMA Android SDK supports SIMID 1.0"
Fire TV,unlikely,Wtvf,B07795VBJK,WURL,1,"Fire OS = Android-derived; IMA Android SDK supports SIMID 1.0 | publisher_source = WURL (Roku-owned FAST distribution → SSAI typical)"
Fire TV,unlikely,Wwsb Tv,B084G9KHK1,WURL,1,"Fire OS = Android-derived; IMA Android SDK supports SIMID 1.0 | app-name pattern suggests FAST/24h channel → SSAI typical | publisher_source = WURL (Roku-owned FAST distribution → SSAI typical)"
Fire TV,unlikely,Wxyz,B012U7IVTC,WURL,1,"Fire OS = Android-derived; IMA Android SDK supports SIMID 1.0 | publisher_source = WURL (Roku-owned FAST distribution → SSAI typical)"
Fire TV,unlikely,Xite,B082868N8D,WURL,1,"Fire OS = Android-derived; IMA Android SDK supports SIMID 1.0 | publisher_source = WURL (Roku-owned FAST distribution → SSAI typical)"
Fire TV,yes,Xnestorio,B07795FLWW,Playwork,1,"Fire OS = Android-derived; IMA Android SDK supports SIMID 1.0"
Android,yes,Xnestorio,com.lonelycatgames.,Playwork,1,"Android TV / Google TV; IMA Android SDK supports SIMID 1.0"
Fire TV,yes,Xnestorio,B0BLHXJ4YX,Playwork,1,"Fire OS = Android-derived; IMA Android SDK supports SIMID 1.0"
Comcast,unlikely,Xnestorio,com.comcast.xnestorio,Playwork,1,"Xfinity X1 set-top box runs custom RDK runtime; usually SSAI"
Cox,unlikely,Xnestorio,com.cox.xnestorio,Playwork,1,"Cable STB; usually SSAI"
LG,maybe,Xnestorio 1270364 Australia LG CTV not clickable https://,us.lgappstv.com,Playwork,1,"webOS (web-based); same as Samsung — depends on whether app uses IMA HTML5"
LG,maybe,Xnestorio 1270364 Bahrain LG CTV not clickable https://,us.lgappstv.com,Playwork,1,"webOS (web-based); same as Samsung — depends on whether app uses IMA HTML5"
LG,maybe,Xnestorio 1270364 Brazil LG CTV not clickable https://,us.lgappstv.com,Playwork,1,"webOS (web-based); same as Samsung — depends on whether app uses IMA HTML5"
LG,maybe,Xnestorio 1270364 Canada LG CTV not clickable https://,us.lgappstv.com,Playwork,1,"webOS (web-based); same as Samsung — depends on whether app uses IMA HTML5"
LG,maybe,Xnestorio 1270364 Chile LG CTV not clickable https://,us.lgappstv.com,Playwork,1,"webOS (web-based); same as Samsung — depends on whether app uses IMA HTML5"
LG,maybe,Xnestorio 1270364 Colombia LG CTV not clickable https://,us.lgappstv.com,Playwork,1,"webOS (web-based); same as Samsung — depends on whether app uses IMA HTML5"
LG,maybe,Xnestorio 1270364 Czech Republic LG CTV not clickable https://,us.lgappstv.com,Playwork,1,"webOS (web-based); same as Samsung — depends on whether app uses IMA HTML5"
LG,maybe,Xnestorio 1270364 Egypt LG CTV not clickable https://,us.lgappstv.com,Playwork,1,"webOS (web-based); same as Samsung — depends on whether app uses IMA HTML5"
LG,maybe,Xnestorio 1270364 India LG CTV not clickable https://,us.lgappstv.com,Playwork,1,"webOS (web-based); same as Samsung — depends on whether app uses IMA HTML5"
LG,maybe,Xnestorio 1270364 Indonesia LG CTV not clickable https://,us.lgappstv.com,Playwork,1,"webOS (web-based); same as Samsung — depends on whether app uses IMA HTML5"
LG,maybe,Xnestorio 1270364 Ireland LG CTV not clickable https://,us.lgappstv.com,Playwork,1,"webOS (web-based); same as Samsung — depends on whether app uses IMA HTML5"
LG,maybe,Xnestorio 1270364 Kenya LG CTV not clickable https://,us.lgappstv.com,Playwork,1,"webOS (web-based); same as Samsung — depends on whether app uses IMA HTML5"
LG,maybe,Xnestorio 1270364 Malaysia LG CTV not clickable https://,us.lgappstv.com,Playwork,1,"webOS (web-based); same as Samsung — depends on whether app uses IMA HTML5"
LG,maybe,Xnestorio 1270364 Mexico LG CTV not clickable https://,us.lgappstv.com,Playwork,1,"webOS (web-based); same as Samsung — depends on whether app uses IMA HTML5"
LG,maybe,Xnestorio 1270364 Morocco LG CTV not clickable https://,us.lgappstv.com,Playwork,1,"webOS (web-based); same as Samsung — depends on whether app uses IMA HTML5"
LG,maybe,Xnestorio 1270364 Poland LG CTV not clickable https://,us.lgappstv.com,Playwork,1,"webOS (web-based); same as Samsung — depends on whether app uses IMA HTML5"
LG,maybe,Xnestorio 1270364 Spain LG CTV not clickable https://,us.lgappstv.com,Playwork,1,"webOS (web-based); same as Samsung — depends on whether app uses IMA HTML5"
LG,maybe,Xnestorio 1270364 United States LG CTV not clickable https://,us.lgappstv.com,Playwork,1,"webOS (web-based); same as Samsung — depends on whether app uses IMA HTML5"
Roku,no,Xnestorio 791544 Argentina Roku CTV not clickable https://,channelstore.roku.com,Playwork,1,"Roku uses Roku Ad Framework (RAF) + BrightLine/Innovid; no first-party SIMID"
Roku,no,Xnestorio 791544 Australia Roku CTV not clickable https://,channelstore.roku.com,Playwork,1,"Roku uses Roku Ad Framework (RAF) + BrightLine/Innovid; no first-party SIMID"
Roku,no,Xnestorio 791544 Brazil Roku CTV not clickable https://,channelstore.roku.com,Playwork,1,"Roku uses Roku Ad Framework (RAF) + BrightLine/Innovid; no first-party SIMID"
Roku,no,Xnestorio 791544 Canada Roku CTV not clickable https://,channelstore.roku.com,Playwork,1,"Roku uses Roku Ad Framework (RAF) + BrightLine/Innovid; no first-party SIMID"
Roku,no,Xnestorio 791544 Chile Roku CTV not clickable https://,channelstore.roku.com,Playwork,1,"Roku uses Roku Ad Framework (RAF) + BrightLine/Innovid; no first-party SIMID"
Roku,no,Xnestorio 791544 Colombia Roku CTV not clickable https://,channelstore.roku.com,Playwork,1,"Roku uses Roku Ad Framework (RAF) + BrightLine/Innovid; no first-party SIMID"
Roku,no,Xnestorio 791544 Costa Rica Roku CTV not clickable https://,channelstore.roku.com,Playwork,1,"Roku uses Roku Ad Framework (RAF) + BrightLine/Innovid; no first-party SIMID"
Roku,no,Xnestorio 791544 Germany Roku CTV not clickable https://,channelstore.roku.com,Playwork,1,"Roku uses Roku Ad Framework (RAF) + BrightLine/Innovid; no first-party SIMID"
Roku,no,Xnestorio 791544 Guatemala Roku CTV not clickable https://,channelstore.roku.com,Playwork,1,"Roku uses Roku Ad Framework (RAF) + BrightLine/Innovid; no first-party SIMID"
Xumo,unlikely,,,WURL,1,"Xumo Play (now Comcast); FAST = SSAI typically | publisher_source = WURL (Roku-owned FAST distribution → SSAI typical)"
Roku,no,791544 Ireland Roku CTV https://,channelstore.roku.com,,1,"Roku uses Roku Ad Framework (RAF) + BrightLine/Innovid; no first-party SIMID"
Roku,no,791544 Mexico Roku CTV https://,channelstore.roku.com,,1,"Roku uses Roku Ad Framework (RAF) + BrightLine/Innovid; no first-party SIMID"
Roku,no,791544 Nicaragua Roku CTV https://,channelstore.roku.com,,1,"Roku uses Roku Ad Framework (RAF) + BrightLine/Innovid; no first-party SIMID"
Roku,no,791544 Panama Roku CTV https://,channelstore.roku.com,,1,"Roku uses Roku Ad Framework (RAF) + BrightLine/Innovid; no first-party SIMID"
Roku,no,791544 Puerto Rico Roku CTV https://,channelstore.roku.com,,1,"Roku uses Roku Ad Framework (RAF) + BrightLine/Innovid; no first-party SIMID"
Roku,no,791544 United States Roku CTV https://,channelstore.roku.com,,1,"Roku uses Roku Ad Framework (RAF) + BrightLine/Innovid; no first-party SIMID"
Roku,no,791544 Virgin Islands  U.S. Roku CTV https://,channelstore.roku.com,,1,"Roku uses Roku Ad Framework (RAF) + BrightLine/Innovid; no first-party SIMID"
Rogers,unlikely,,com.rogers.xnestorio,,1,"Cable STB; usually SSAI"
Samsung,maybe,G16300008593 United States Samsung CTV https://,www.samsung.com,,1,"Tizen (web-based); SIMID renders if app uses IMA HTML5 — most use Samsung Ads stack instead"
Comcast,unlikely,Yeti,com.comcast.yeti,Playwork,1,"Xfinity X1 set-top box runs custom RDK runtime; usually SSAI"
Cox,unlikely,Yeti,com.comcast.yeti,Playwork,1,"Cable STB; usually SSAI"
Comcast,unlikely,Yeti,com.rogers.yeti,Playwork,1,"Xfinity X1 set-top box runs custom RDK runtime; usually SSAI"
Comcast,unlikely,Yeti,com.videotron.yeti,Playwork,1,"Xfinity X1 set-top box runs custom RDK runtime; usually SSAI"
Rogers,unlikely,Zoneify,B07X7J1MJ7,WURL,1,"Cable STB; usually SSAI | publisher_source = WURL (Roku-owned FAST distribution → SSAI typical)"
Videotron,unlikely,Videotron CTV https://,play.google.com,,1,"Cable STB; usually SSAI"